sku,nombre,categoria,tipo,codigo_barras,costo_compra,precio_venta_fc,margen_bruto_pct,markup_sobre_costo_pct,precio_teorico_costo_x1_6,dif_vs_teorico_pct,precio_similares,precio_del_ahorro,precio_exprezo,ref_mercado_min,dif_vs_mercado_pct,fecha_ref_competencia
FC-F22C72BE,12H,Otro,marca,,55.03,71.54,23.1,30.0,88.05,-18.8,,,,,,
FC-516C2E89,12H Jr,Otro,marca,,36.79,47.83,23.1,30.0,58.86,-18.7,,,,,,
FC-DDFBABDF,12H Ped,Otro,marca,,25.94,33.73,23.1,30.0,41.5,-18.7,,,,,,
FC-C9F4ACCC,Acemetacina,Otro,generico,,39.44,63.11,37.5,60.0,63.1,0.0,,,,,,
FC-7D1D9857,Acetilsalicilico,Otro,marca,,14.85,19.31,23.1,30.0,23.76,-18.7,,,,,,
FC-95779436,Acetilsalicilico Ef,Otro,marca,,19.07,24.8,23.1,30.0,30.51,-18.7,,,,,,
FC-1BF03D35,Acetonido De Fluocinolona Cma,Producto,marca,,18.44,23.98,23.1,30.0,29.5,-18.7,,,,,,
FC-FD845E68,Aciclovir,Otro,marca,,23.68,30.79,23.1,30.0,37.89,-18.7,,,,,,
FC-05965071,Acroxil-C,Otro,marca,,24.05,31.27,23.1,30.0,38.48,-18.7,,,,,,
FC-85BDBD3D,Acroxil-C,Otro,marca,,25.42,33.05,23.1,30.0,40.67,-18.7,,,,,,
FC-2001A890,Ad,Otro,marca,,81.71,106.23,23.1,30.0,130.74,-18.7,,,,,,
FC-06134531,Afrin Dtc (Rojo) 20,Producto,marca,75010506134531,75.46,120.74,37.5,60.0,120.74,0.0,,,,,,
FC-06247327,Afrin Spray No Drip Extra Humectante Spray Drip Extra,GENERAL,marca,75010506247327,109.76,175.62,37.5,60.0,175.62,0.0,,,,,,
FC-08344747,Afrodit,Producto,marca,7503008344747,45.08,72.13,37.5,60.0,72.13,0.0,,,,,,
FC-25116810,Agrifen Ab Pis,Otro,marca,7501125116810,19.5,25.35,23.1,30.0,31.2,-18.7,,,,,,
FC-77620056,Agua destilada La Flor,Botiquín,marca,7506313000353,19.0,29.0,34.5,52.6,30.4,-4.6,,,,,,
FC-45722547,Agua micelar bifásica,Cuidado personal,marca,7502245722547,21.08,30.0,29.7,42.3,33.73,-11.1,,,,,,
FC-83351381,Agua oxigenada,Botiquín,marca,75010483351381,7.64,12.23,37.5,60.1,12.22,0.1,,,,,,
FC-52400267,Ajolotius,Otro,marca,7506452400267,73.21,117.14,37.5,60.0,117.14,0.0,,,,,,
FC-62746698,Ajolotius,Otro,marca,7500462746698,58.9,80.0,26.4,35.8,94.24,-15.1,,,,,,
FC-62746612,Ajolotius,Otro,marca,7500462746612,89.2,115.96,23.1,30.0,142.72,-18.8,,,,,,
FC-52400212,Ajolotius Jengibre Tab Nati Jengibre,GENERAL,marca,7506452400212,20.5,26.65,23.1,30.0,32.8,-18.7,,,,,,
FC-52400038,Ajolotius Menta Eucal S/Azucar Past Menta Eucal,GENERAL,marca,7506452400038,21.36,34.18,37.5,60.0,34.18,0.0,,,,,,
FC-62746643,Ajolotius Menta Fucal Menta Fucal,GENERAL,marca,7500462746643,19.5,31.21,37.5,60.1,31.2,0.0,,,,,,
FC-24004581,Ajolotius Pastillas Elderberry Past,Producto,marca,75064524004581,21.0,33.6,37.5,60.0,33.6,0.0,,,,,,
FC-86472048,Alcanforada Mayo Somed,Higiene,marca,7501086472048,13.5,19.0,28.9,40.7,21.6,-12.0,,,,,,
FC-68901131,Alcohol Etilico Azul 71.6,Botiquín,marca,7501868901131,41.0,62.0,33.9,51.2,65.6,-5.5,,,,,,
FC-86901100,Alcohol Etilico Azul 71.6,Botiquín,marca,7501868901100,7.4,13.0,43.1,75.7,11.84,9.8,,,,,,
FC-68901124,Alcohol Etilico Azul 71.6,Botiquín,marca,7501868901124,120.0,180.0,33.3,50.0,192.0,-6.2,,,,,,
FC-68901117,Alcohol Etilico Azul 71.6,Botiquín,marca,7501868901117,11.3,17.0,33.5,50.4,18.08,-6.0,,,,,,
FC-68960257,Alcohol Etilico Rojo 96°,Botiquín,marca,7501868900257,53.2,80.0,33.5,50.4,85.12,-6.0,,,,,,
FC-68900226,Alcohol Etilico Rojo 96°,Botiquín,marca,7501868900226,15.68,24.0,34.7,53.1,25.09,-4.3,,,,,,
FC-68990023,Alcohol Etilico Rojo 96°,Botiquín,marca,7501868990023,28.2,1082.96,97.4,3740.3,45.12,2300.2,,,,,,
FC-68900264,Alcohol Etilico Rojo 96°,Botiquín,marca,7501868900264,8.1,14.0,42.1,72.8,12.96,8.0,,,,,,
FC-DF39BB27,Alevarin Capsulas,Producto,marca,,68.88,89.55,23.1,30.0,110.21,-18.7,,,,,,
FC-89100101,Algodón 200 g,Botiquín,marca,75018689100101,35.3,53.0,33.4,50.1,56.48,-6.2,,,,,,
FC-68910041,Algodón 5 g C/12,Botiquín,marca,7501868910041,6.9,10.0,31.0,44.9,11.04,-9.4,,,,,,
FC-84999001,Alka-Seltzer,Otro,marca,75010084999001,174.0,278.41,37.5,60.0,278.4,0.0,,,,,,
FC-08443026,Alka-Seltzer,Otro,marca,7501008443026,262.0,340.6,23.1,30.0,419.2,-18.7,,,,,,
FC-ACA2A2F6,Alopurinol,Otro,generico,,21.46,34.34,37.5,60.0,34.34,0.0,,,,,,
FC-9A37D44A,Amdoryl,Otro,marca,,26.11,33.95,23.1,30.0,41.78,-18.7,,,,,,
FC-9F67BB73,Amifarin,Otro,marca,,27.0,35.1,23.1,30.0,43.2,-18.8,,,,,,
FC-D5AC44CA,Amifarin,Otro,marca,,45.78,59.52,23.1,30.0,73.25,-18.7,,,,,,
FC-347A49C7,Amikacina,Otro,generico,,19.46,31.14,37.5,60.0,31.14,0.0,,,,,,
FC-11294615,Amikacina,Otro,generico,,31.94,51.11,37.5,60.0,51.1,0.0,,,,,,
FC-1FEA2FB7,Amikacina,Otro,generico,,29.21,46.74,37.5,60.0,46.74,0.0,,,,,,
FC-97BEFA1A,Amlodipino,Otro,marca,,32.52,42.28,23.1,30.0,52.03,-18.7,,,,,,
FC-4A0245DA,Amlodipino,Otro,marca,,32.52,42.28,23.1,30.0,52.03,-18.7,,,,,,
FC-3B001F9B,Amlodipino,Otro,marca,,9.04,11.76,23.1,30.1,14.46,-18.7,,,,,,
FC-F4E9C71F,Amoxicilina,Otro,generico,,72.03,115.25,37.5,60.0,115.25,0.0,,,,,,
FC-A0D320D1,Amoxicilina,Otro,generico,,18.37,29.4,37.5,60.0,29.39,0.0,,,,,,
FC-D210172A,Ampicilina,Otro,generico,,25.48,40.77,37.5,60.0,40.77,0.0,,,,,,
FC-F82A6E4B,Ampicilina,Otro,generico,,27.05,43.28,37.5,60.0,43.28,0.0,,,,,,
FC-7F90064A,Ampicilina,Otro,generico,,20.37,32.6,37.5,60.0,32.59,0.0,,,,,,
FC-88508929,Anara,Otro,marca,7501088508929,162.6,211.38,23.1,30.0,260.16,-18.8,,,,,,
FC-D751525D,Animalin,Otro,marca,,22.65,29.45,23.1,30.0,36.24,-18.7,,,,,,
FC-44B6751A,Aquito 500/100/30/4 Mg,Otro,marca,,59.63,77.52,23.1,30.0,95.41,-18.8,,,,,,
FC-89810021,Armstrong Herklin Ne Sham 60 Ml,Producto,marca,7501089810021,79.38,127.01,37.5,60.0,127.01,0.0,,,,,,
FC-45307181,Arnica Bde Parche,GENERAL,marca,75010545307181,74.68,101.0,26.1,35.2,119.49,-15.5,,,,,,
FC-00003920,Arnica Mercurio,Producto,marca,3311000003944,15.0,23.0,34.8,53.3,24.0,-4.2,,,,,,
FC-08895196,Aspirina,Otro,marca,7502208895196,9.5,13.0,26.9,36.8,15.2,-14.5,,,,,,
FC-08491074,Aspirina,Otro,marca,7501008491074,124.8,163.0,23.4,30.6,199.68,-18.4,,,,,,
FC-08496701,Aspirina Eferv,Otro,marca,7501008496701,35.18,45.74,23.1,30.0,56.29,-18.7,,,,,,
FC-84335531,Aspirina Forte C/24 Caf Iaspirina,Otro,marca,75010084335531,71.79,93.33,23.1,30.0,114.86,-18.7,,,,,,
FC-17376CAE,Aspitak-P,Otro,marca,,19.72,25.64,23.1,30.0,31.55,-18.7,,,,,,
FC-E4BE37BE,Atorvastatina,Otro,generico,,26.35,42.16,37.5,60.0,42.16,0.0,,,,,,
FC-06226852,Axe Wom Anarchy,Higiene,marca,7506306226852,45.83,65.0,29.5,41.8,73.33,-11.4,,,,,,
FC-D9391288,Azitromicina,Otro,generico,,68.5,109.6,37.5,60.0,109.6,0.0,,,,,,
FC-AE5EEDF7,Bactiver,Otro,marca,,48.65,63.25,23.1,30.0,77.84,-18.7,,,,,,
FC-DEAF33B0,Bactiver,Otro,marca,,21.28,27.67,23.1,30.0,34.05,-18.7,,,,,,
FC-4BD80686,Beneventol,Otro,generico,,88.17,141.08,37.5,60.0,141.07,0.0,,,,,,
FC-369D1689,Beneventol,Otro,generico,,51.43,82.29,37.5,60.0,82.29,0.0,,,,,,
FC-9B93AC4C,Beneventol,Otro,generico,,97.6,156.16,37.5,60.0,156.16,0.0,,,,,,
FC-08427330,Bepanthen,Otro,marca,7501008427330,134.5,216.0,37.7,60.6,215.2,0.4,,,,,,
FC-08498798,Bepanthen Multiusos Pomada 30 Multiusos Pomada,GENERAL,marca,7501008498798,63.25,101.2,37.5,60.0,101.2,0.0,,,,,,
FC-B8D7C997,Bicarbonato Sobres,Botiquín,marca,,48.0,76.81,37.5,60.0,76.8,0.0,,,,,,
FC-08DB70CB,Bicarbonato Velazquez Grande 200G,Producto,marca,,11.5,18.41,37.5,60.1,18.4,0.1,,,,,,
FC-6898B64F,Bioerter,Otro,marca,,47.7,62.02,23.1,30.0,76.32,-18.7,,,,,,
FC-79071241,Bisolvon,Otro,marca,75010379071241,147.9,236.64,37.5,60.0,236.64,0.0,,,,,,
FC-C101D5B1,Bisoprolol,Otro,generico,,97.51,156.02,37.5,60.0,156.02,0.0,,,,,,
FC-58DB24C4,Bitenver,Otro,marca,,62.78,81.62,23.1,30.0,100.45,-18.7,,,,,,
FC-67905131,Blumen Cherry Bloss,Higiene,marca,7506267905131,17.78,28.45,37.5,60.0,28.45,0.0,,,,,,
FC-67905186,Blumen Coconut Para,Higiene,marca,7506267905186,16.7,24.0,30.4,43.7,26.72,-10.2,,,,,,
FC-281E0F22,Budesonida,Otro,marca,,153.72,199.84,23.1,30.0,245.95,-18.7,,,,,,
FC-447B30F9,Budesonida,Otro,marca,,131.38,170.8,23.1,30.0,210.21,-18.7,,,,,,
FC-C6C20517,Budimin,Otro,marca,,31.31,40.71,23.1,30.0,50.1,-18.7,,,,,,
FC-08491096,Cafiaspirina Tar C/100,Otro,marca,7501008491096,217.46,347.94,37.5,60.0,347.94,0.0,,,,,,
FC-46073156,Caprice Nat Mzna,Higiene,marca,7509546073156,29.31,42.0,30.2,43.3,46.9,-10.4,,,,,,
FC-46073033,Caprice Sp Acti Ceramida,Higiene,marca,7509546073033,14.73,21.0,29.9,42.6,23.57,-10.9,,,,,,
FC-46073040,Caprice Sp Biotina Fza,Higiene,marca,7509546073040,14.73,21.0,29.9,42.6,23.57,-10.9,,,,,,
FC-46655055,Caprice Volum-Cirl,Higiene,marca,7509546655055,50.51,71.0,28.9,40.6,80.82,-12.2,,,,,,
FC-82F88FED,Captopril,Otro,generico,,7.95,12.72,37.5,60.0,12.72,0.0,,,,,,
FC-885F2723,Carbamazepina,Otro,generico,,18.11,28.98,37.5,60.0,28.98,0.0,,,,,,
FC-2EDC6E3B,Cefagen,Otro,marca,,82.09,106.72,23.1,30.0,131.34,-18.7,,,,,,
FC-443C330E,Cefagen,Otro,marca,,144.13,187.37,23.1,30.0,230.61,-18.8,,,,,,
FC-E374F23E,Cefagen,Otro,marca,,48.48,63.03,23.1,30.0,77.57,-18.7,,,,,,
FC-A455EE80,Cefagen,Otro,marca,,74.58,96.96,23.1,30.0,119.33,-18.7,,,,,,
FC-2005DD57,Cefalexina,Otro,generico,,39.84,63.75,37.5,60.0,63.74,0.0,,,,,,
FC-40CE757D,Cefalver,Otro,marca,,62.48,81.23,23.1,30.0,99.97,-18.7,,,,,,
FC-492D652F,Cefalver,Otro,marca,,43.35,56.36,23.1,30.0,69.36,-18.7,,,,,,
FC-B18E386A,Cefaroxil,Otro,marca,,44.44,57.78,23.1,30.0,71.1,-18.7,,,,,,
FC-357D4A17,Ceftazidima,Otro,marca,,45.42,59.05,23.1,30.0,72.67,-18.7,,,,,,
FC-E6B50AC3,Celecoxib,Otro,marca,,34.82,45.27,23.1,30.0,55.71,-18.7,,,,,,
FC-DB3B2584,Celesbitan,Otro,marca,,16.91,21.99,23.1,30.0,27.06,-18.7,,,,,,
FC-65095718,Centrum,Otro,marca,7501065095718,152.2,205.47,25.9,35.0,243.52,-15.6,,,,,,
FC-50959781,Centrum C/30,Otro,marca,75010650959781,164.0,213.2,23.1,30.0,262.4,-18.7,,,,,,
FC-65095947,Centrum Tab 1 Tab,GENERAL,marca,7501065095947,178.46,232.0,23.1,30.0,285.54,-18.8,,,,,,
FC-6EAD98A9,Cepobrom,Otro,marca,,47.97,62.37,23.1,30.0,76.75,-18.7,,,,,,
FC-7AF7ACB5,Charlyn,Otro,marca,,24.98,32.48,23.1,30.0,39.97,-18.7,,,,,,
FC-85097661,Chinoin Jr. Jbe Ine 60 Mant Jr. Jbe Mant,GENERAL,marca,75010885097661,127.9,204.64,37.5,60.0,204.64,0.0,,,,,,
FC-26462078,Chupón con miel,Cuidado personal,marca,7501026462078,61.02,83.0,26.5,36.0,97.63,-15.0,,,,,,
FC-88923551,Cilocid Iv,Otro,marca,75022088923551,7.25,9.43,23.1,30.1,11.6,-18.7,,,,,,
FC-B25B4654,Cina,Otro,marca,,28.87,37.54,23.1,30.0,46.19,-18.7,,,,,,
FC-3CAA7C5C,Cinarizina,Otro,generico,,35.05,56.08,37.5,60.0,56.08,0.0,,,,,,
FC-74A5ABEE,Ciprofloxacino,Otro,generico,,13.69,21.91,37.5,60.0,21.9,0.0,,,,,,
FC-E9C38DC4,Ciprofloxacino G.I,Otro,generico,,22.92,36.68,37.5,60.0,36.67,0.0,,,,,,
FC-5F30F9D4,Clamoxin,Otro,marca,,48.48,63.03,23.1,30.0,77.57,-18.7,,,,,,
FC-6519183A,Clamoxin,Otro,marca,,27.89,36.26,23.1,30.0,44.62,-18.7,,,,,,
FC-F48FF7EF,Clamoxin,Otro,marca,,35.62,46.31,23.1,30.0,56.99,-18.7,,,,,,
FC-56330309,Clariant B3 Nml/Gsa,Cuidado personal,marca,7501056330309,72.3,102.0,29.1,41.1,115.68,-11.8,,,,,,
FC-21012303,Claris Desmaq Aloe,Higiene,marca,7502221012303,9.43,14.0,32.6,48.5,15.09,-7.2,,,,,,
FC-41339950,Claritromicina,Otro,generico,,59.45,95.12,37.5,60.0,95.12,0.0,,,,,,
FC-9A4E4C31,Clindamicina,Otro,generico,,88.42,141.48,37.5,60.0,141.47,0.0,,,,,,
FC-CF18C740,Clindamicina,Otro,generico,,30.54,48.87,37.5,60.0,48.86,0.0,,,,,,
FC-0BDE9283,Clophiven 200 Dosis 50 Mcg,Producto,marca,,56.51,73.47,23.1,30.0,90.42,-18.7,,,,,,
FC-4F737E93,Cloxan,Otro,marca,,44.04,57.26,23.1,30.0,70.46,-18.7,,,,,,
FC-1DA570E3,Cloxan,Otro,marca,,9.75,12.68,23.1,30.1,15.6,-18.7,,,,,,
FC-72629012,Colgate Adulto Med 40 C12,Higiene,marca,7501072629012,96.63,136.0,28.9,40.7,154.61,-12.0,,,,,,
FC-66888171,Colgate Max Clean,Producto,marca,75095466888171,25.5,40.81,37.5,60.0,40.8,0.0,,,,,,
FC-66534951,Colgate Total,Higiene,marca,75095466534951,22.93,36.69,37.5,60.0,36.69,0.0,,,,,,
FC-60689091,Colgate Trip Xtra,Producto,marca,75095460689091,13.72,21.96,37.5,60.1,21.95,0.0,,,,,,
FC-60009851,Colgate Triple Acc,Higiene,marca,75095460009851,19.2,30.72,37.5,60.0,30.72,0.0,,,,,,
FC-1AE9D7E6,Collucort,Otro,marca,,47.85,62.21,23.1,30.0,76.56,-18.7,,,,,,
FC-64EB83AA,Compl,Otro,marca,,18.07,23.5,23.1,30.0,28.91,-18.7,,,,,,
FC-54558682,Crema corporal Nivea Milk,Cuidado personal,marca,7501054558682,85.87,121.0,29.0,40.9,137.39,-11.9,,,,,,
FC-54549819,Crema corporal piel seca,Cuidado personal,marca,7501054549819,26.3,42.09,37.5,60.0,42.08,0.0,,,,,,
FC-66873531,Crema dental anticaries,Higiene,marca,75095466873531,32.44,51.91,37.5,60.0,51.9,0.0,,,,,,
FC-76000260,Crema Vitacilina amarilla aclaradora,Cuidado personal,marca,7506376000260,80.0,120.0,33.3,50.0,128.0,-6.2,,,,,,
FC-76000253,Crema Vitacilina roja antiarrugas,Cuidado personal,marca,7506376000253,80.0,120.0,33.3,50.0,128.0,-6.2,,,,,,
FC-1FFBB505,Dac,Otro,marca,,42.14,54.79,23.1,30.0,67.42,-18.7,,,,,,
FC-48335305,Degasa 15.00 Agua Oxigenada,Botiquín,marca,7501048335305,14.7,23.52,37.5,60.0,23.52,0.0,,,,,,
FC-83351691,Degasa Agua Oxigenada,Botiquín,marca,75010483351691,10.19,16.31,37.5,60.1,16.3,0.1,,,,,,
FC-29670370,Degortzin,Otro,marca,,35.71,46.43,23.1,30.0,57.14,-18.7,,,,,,
FC-1FBF5206,Del Viejito Reomatolum,Cuidado personal,marca,,20.0,32.0,37.5,60.0,32.0,0.0,,,,,,
FC-50882017,Dermodine Espuma 120 Mi,Botiquín,marca,7501250882017,75.2,120.32,37.5,60.0,120.32,0.0,,,,,,
FC-08820243,Dermodine Ine M 1 37.60 Ine,GENERAL,marca,75012508820243,36.85,58.97,37.5,60.0,58.96,0.0,,,,,,
FC-60403681,Desenfriol,Otro,marca,75022760403681,63.0,100.81,37.5,60.0,100.8,0.0,,,,,,
FC-76040610,Desenfriolito,Otro,marca,7502276040610,91.92,122.0,24.7,32.7,147.07,-17.0,,,,,,
FC-06209862,Desodorante Axe 48H Anarchy Fresh Love (Mujer),Higiene,marca,7506306209862,45.83,65.0,29.5,41.8,73.33,-11.4,,,,,,
FC-93025919,Desodorante Axe Excite Seco (hombre),Higiene,marca,7791293025919,62.83,88.0,28.6,40.1,100.53,-12.5,,,,,,
FC-06213906,Desodorante Axe Ice Chill 48H (hombre),Higiene,marca,7506306213906,45.83,65.0,29.5,41.8,73.33,-11.4,,,,,,
FC-06244795,Desodorante Axe Intense 48H (Hombre),Higiene,marca,7506306244795,45.83,65.0,29.5,41.8,73.33,-11.4,,,,,,
FC-93025797,Desodorante Axe Men Dark Temp (Hombre),Higiene,marca,7791293025797,45.83,65.0,29.5,41.8,73.33,-11.4,,,,,,
FC-06245686,Desodorante Axe Men Epic-F 48H,Higiene,marca,7506306245686,45.83,73.33,37.5,60.0,73.33,0.0,,,,,,
FC-93025865,desodorante Axe Men Gold Temp,Higiene,marca,7791293025865,45.83,73.33,37.5,60.0,73.33,0.0,,,,,,
FC-30622622,Desodorante Axe Men Young (hombre),Higiene,marca,7506306226722,45.83,73.33,37.5,60.0,73.33,0.0,,,,,,
FC-27286017,Desodorante Obao Classic (Hombre),Higiene,marca,7501027286017,29.55,42.0,29.6,42.1,47.28,-11.2,,,,,,
FC-52933307,Desodorante Obao Game 48Hr,Higiene,marca,7509552933307,27.19,39.0,30.3,43.4,43.5,-10.3,,,,,,
FC-52876406,Desodorante Obao Men Tatto Aqua (Hombre),Higiene,marca,7509552876406,24.71,35.0,29.4,41.6,39.54,-11.5,,,,,,
FC-55280956,Desodorante Obao Men Tattoo Rebel (Hombre),Higiene,marca,7509552780956,25.83,87.49,70.5,238.7,41.33,111.7,,,,,,
FC-27250612,Desodorante Obao Piel Delicada,Higiene,marca,7501027250612,24.71,39.54,37.5,60.0,39.54,0.0,,,,,,
FC-52844825,Desodorante Obao Ritual Natural Coco (Mujer),Higiene,marca,7509552844825,24.95,35.0,28.7,40.3,39.92,-12.3,,,,,,
FC-75062897,Desodorante Rexona Bamboo 48H,Higiene,marca,75062897,53.5,75.0,28.7,40.2,85.6,-12.4,,,,,,
FC-93037806,Desodorante Rexona Men Marine (hombre),Higiene,marca,7791293037806,54.68,77.0,29.0,40.8,87.49,-12.0,,,,,,
FC-93038223,Desodorante Rexona Men Sport,Higiene,marca,7791293038223,54.68,77.0,29.0,40.8,87.49,-12.0,,,,,,
FC-93022567,Desodorante Rexona Men V8 (Hombre),Higiene,marca,7791293022567,54.68,77.0,29.0,40.8,87.49,-12.0,,,,,,
FC-75062927,Desodorante Rexona Pom-Dry 48 H,Higiene,marca,75062927,53.5,75.0,28.7,40.2,85.6,-12.4,,,,,,
FC-B3B8F9BB,Desrotan,Otro,marca,,47.31,61.51,23.1,30.0,75.7,-18.7,,,,,,
FC-2E79C2D8,Dex,Otro,marca,,61.33,79.73,23.1,30.0,98.13,-18.8,,,,,,
FC-1CF27DC9,Dex,Otro,marca,,36.86,47.92,23.1,30.0,58.98,-18.8,,,,,,
FC-68910034,Dibar Gr Algodon Algodon,Producto,marca,7501868910034,10.1,16.16,37.5,60.0,16.16,0.0,,,,,,
FC-CF719C07,Diclofen,Otro,marca,,26.82,34.87,23.1,30.0,42.91,-18.7,,,,,,
FC-EADF1484,Diosmina Hesperidina,Otro,generico,,39.41,63.06,37.5,60.0,63.06,0.0,,,,,,
FC-E535DE28,Diurmessel,Otro,marca,,9.31,12.11,23.1,30.1,14.9,-18.7,,,,,,
FC-830BF3FB,Diviltac,Otro,marca,,34.45,44.79,23.1,30.0,55.12,-18.7,,,,,,
FC-28A424E5,Diziver,Otro,marca,,8.15,10.6,23.1,30.1,13.04,-18.7,,,,,,
FC-CD261CD5,Doliprofen,Otro,marca,,22.41,29.14,23.1,30.0,35.86,-18.7,,,,,,
FC-98217659,Dolo-Neurobión,Analgésico,marca,7501298223704,269.28,694.89,61.2,158.1,430.85,61.3,,,,,,
FC-06248052,Dove Aero Tono Uniforme 3Pack,Higiene,marca,7506306248052,167.69,235.0,28.6,40.1,268.3,-12.4,,,,,,
FC-06230507,Dove Barra Karite Vainill,Higiene,marca,7506306230507,30.21,48.34,37.5,60.0,48.34,0.0,,,,,,
FC-06241206,Dove Dermac Sk-C 48H,Higiene,marca,7506306241206,32.14,45.0,28.6,40.0,51.42,-12.5,,,,,,
FC-06248045,Dove Spy Invisible Dry C3,Higiene,marca,7506306248045,147.3,207.0,28.8,40.5,235.68,-12.2,,,,,,
FC-AA7B0686,Drosquim Ad 1 Ibe 300/160,Producto,marca,,70.74,91.97,23.1,30.0,113.18,-18.7,,,,,,
FC-DB4A39AE,Efe,Otro,marca,,39.07,50.8,23.1,30.0,62.51,-18.7,,,,,,
FC-92506045,Ego Firme Matte,Higiene,marca,7506192506045,17.2,27.52,37.5,60.0,27.52,0.0,,,,,,
FC-92506601,Ego For Men Attraction,Cuidado personal,marca,7506192506601,20.02,29.0,31.0,44.9,32.03,-9.5,,,,,,
FC-75064938,Ego Force 24H R-On Dic26,Higiene,marca,75064938,11.95,17.0,29.7,42.3,19.12,-11.1,,,,,,
FC-06247468,Ego Fresh C-Cas Fij-Alt,Cuidado personal,marca,7506306247468,17.54,25.0,29.8,42.5,28.06,-10.9,,,,,,
FC-92503558,Ego Magnetic Fij-Alta,Cuidado personal,marca,7506192503558,18.39,26.0,29.3,41.4,29.42,-11.6,,,,,,
FC-92504539,Ego Mod Met,Higiene,marca,7506192504539,19.28,27.0,28.6,40.0,30.85,-12.5,,,,,,
FC-9ABFB996,Elaphteron,Otro,marca,,30.77,40.01,23.1,30.0,49.23,-18.7,,,,,,
FC-25104411,Electrolit Coco,Higiene,marca,7501125104411,20.09,32.15,37.5,60.0,32.14,0.0,,,,,,
FC-25149221,Electrolit Eresa-Kiwi,Higiene,marca,7501125149221,20.09,32.15,37.5,60.0,32.14,0.0,,,,,,
FC-25104268,Electrolit Fresa,Higiene,marca,7501125104268,20.5,32.81,37.5,60.0,32.8,0.0,,,,,,
FC-51747971,Electrolit Mora Azul,Higiene,marca,75011251747971,20.5,32.81,37.5,60.0,32.8,0.0,,,,,,
FC-51448511,Electrolit Uva,Higiene,marca,75011251448511,20.5,32.81,37.5,60.0,32.8,0.0,,,,,,
FC-53506FA4,Enalapril,Otro,generico,,8.09,12.95,37.5,60.1,12.94,0.1,,,,,,
FC-33950100,Ensure chocolate,Suplemento,marca,7501033954061,42.0,63.0,33.3,50.0,67.2,-6.3,,,,,,
FC-33954078,Ensure Fresa,Gastro,marca,7501033954078,42.0,63.0,33.3,50.0,67.2,-6.3,,,,,,
FC-33950070,Ensure vainilla,Suplemento,marca,7501033954085,42.0,63.0,33.3,50.0,67.2,-6.3,,,,,,
FC-50002301,Eomelubrina,Otro,marca,75011650002301,72.23,93.9,23.1,30.0,115.57,-18.8,,,,,,
FC-48F732CF,Epicin,Otro,marca,,29.56,38.43,23.1,30.0,47.3,-18.8,,,,,,
FC-DA34D88D,Erbitrax,Otro,marca,,5.54,7.21,23.2,30.1,8.86,-18.6,,,,,,
FC-DF8ADDAB,Erispan,Otro,marca,,22.15,28.8,23.1,30.0,35.44,-18.7,,,,,,
FC-50AC2C82,Erispan,Otro,marca,,24.45,31.79,23.1,30.0,39.12,-18.7,,,,,,
FC-25605514,Escudo Antibact,Higiene,marca,7506425605514,7.22,11.0,34.4,52.4,11.55,-4.8,,,,,,
FC-25652716,Escudo Azul Rey,Higiene,marca,7506425652716,7.39,11.0,32.8,48.8,11.82,-6.9,,,,,,
FC-43489165,Escudo Blanco Neut,Higiene,marca,7501943489165,25.08,36.0,30.3,43.5,40.13,-10.3,,,,,,
FC-43489004,Escudo Rosa Prot Y Cuid,Higiene,marca,7501943489004,4.48,7.0,36.0,56.2,7.17,-2.4,,,,,,
FC-56131681,Evenflo,Higiene,marca,75064256131681,24.89,39.83,37.5,60.0,39.82,0.0,,,,,,
FC-75125811,Evenflo Colors,Bebés,marca,75010275125811,13.4,21.44,37.5,60.0,21.44,0.0,,,,,,
FC-27512574,Evenflo Colors,Bebés,marca,7501027512574,15.8,25.28,37.5,60.0,25.28,0.0,,,,,,
FC-75163051,Evenflo Ensueno Azul,Bebés,marca,75010275163051,15.8,25.28,37.5,60.0,25.28,0.0,,,,,,
FC-F8691496,F,Otro,marca,,16.89,21.96,23.1,30.0,27.02,-18.7,,,,,,
FC-9538F7D6,Fasiclor,Otro,marca,,81.18,105.54,23.1,30.0,129.89,-18.7,,,,,,
FC-01B2F362,Fasiclor,Otro,marca,,49.85,64.81,23.1,30.0,79.76,-18.7,,,,,,
FC-E4EFC4C2,Fasiclor,Otro,marca,,137.92,179.3,23.1,30.0,220.67,-18.7,,,,,,
FC-F3E734A0,Fasiclor,Otro,marca,,63.44,82.48,23.1,30.0,101.5,-18.7,,,,,,
FC-C8B741F6,Fc 01711/2030,Producto,marca,,10.45,13.59,23.1,30.0,16.72,-18.7,,,,,,
FC-08426944,Flanax,Otro,marca,7501008426944,117.11,187.38,37.5,60.0,187.38,0.0,,,,,,
FC-84973401,Flanax,Otro,marca,75010084973401,182.7,237.51,23.1,30.0,292.32,-18.8,,,,,,
FC-1751468C,Flospet,Otro,marca,,27.33,35.53,23.1,30.0,43.73,-18.8,,,,,,
FC-5BC5F234,Fluconazol,Otro,generico,,12.92,20.68,37.5,60.1,20.67,0.0,,,,,,
FC-00E8A9C7,Fotosun UV100,Cuidado personal,marca,,74.27,96.56,23.1,30.0,118.83,-18.7,,,,,,
FC-52910971,Fructis Pei B-Dano Quim,Cuidado personal,marca,7509552910971,43.58,62.0,29.7,42.3,69.73,-11.1,,,,,,
FC-52816297,Fructis Pei Oil-R L-Coco,Cuidado personal,marca,7509552816297,43.58,62.0,29.7,42.3,69.73,-11.1,,,,,,
FC-42326414,Garnier De Rosas,Cuidado personal,marca,3600542326414,108.24,152.0,28.8,40.4,173.18,-12.2,,,,,,
FC-68900127,Gasa 10 x 10,Botiquín,marca,7501868900127,123.58,197.73,37.5,60.0,197.73,0.0,,,,,,
FC-68900134,Gasa Lox10 C/100,Producto,marca,7501868900134,108.88,174.21,37.5,60.0,174.21,0.0,,,,,,
FC-00942760,Gel facial hidratante hialurónico,Cuidado personal,marca,4005900942760,105.35,148.0,28.8,40.5,168.56,-12.2,,,,,,
FC-4F05124E,Gelcavit-9M Capsulas,Producto,marca,,66.3,86.19,23.1,30.0,106.08,-18.8,,,,,,
FC-5C8C9C11,Gelubrin,Otro,marca,,21.95,28.54,23.1,30.0,35.12,-18.7,,,,,,
FC-63975795,Gentamicina,Otro,generico,,17.58,28.13,37.5,60.0,28.13,0.0,,,,,,
FC-60F627D5,Gentamicina,Otro,generico,,52.57,84.12,37.5,60.0,84.11,0.0,,,,,,
FC-428A228F,Gimalxina,Otro,generico,,23.57,37.72,37.5,60.0,37.71,0.0,,,,,,
FC-974EE5FD,Gimalxina,Otro,generico,,27.09,43.35,37.5,60.0,43.34,0.0,,,,,,
FC-33956133,Glucerna chocolate,Gastro,marca,7501033956133,47.5,72.0,34.0,51.6,76.0,-5.3,,,,,,
FC-33956140,Glucerna fresa,Suplemento,marca,7501033956140,47.5,72.0,34.0,51.6,76.0,-5.3,,,,,,
FC-33956126,Glucerna Vainilla,Gastro,marca,7501033956126,47.5,72.0,34.0,51.6,76.0,-5.3,,,,,,
FC-07521317,Gotero cristal,Botiquín,marca,7501507521317,1.2,7.0,82.9,483.3,1.92,264.6,,,,,,
FC-87154871,Graneodin,Otro,marca,75010587154871,132.4,172.12,23.1,30.0,211.84,-18.8,,,,,,
FC-20501765,Grisi Aloe Vera P/Manos,Cuidado personal,marca,810120501765,45.15,64.0,29.5,41.7,72.24,-11.4,,,,,,
FC-36040450,Grisi Conchnac P/Manos,Cuidado personal,marca,037836040450,43.63,62.0,29.6,42.1,69.81,-11.2,,,,,,
FC-22111352,Grisi Corp Diabecare,Higiene,marca,7501022111352,39.94,56.0,28.7,40.2,63.9,-12.4,,,,,,
FC-22150092,Grisi Leche De Burra,Higiene,marca,7501022150092,21.88,31.0,29.4,41.7,35.01,-11.5,,,,,,
FC-22133286,Grisi Rici Oro Miel,Higiene,marca,7501022133286,66.93,94.0,28.8,40.4,107.09,-12.2,,,,,,
FC-35231237,Hask Anti Comezon,Higiene,marca,7500435231237,73.76,104.0,29.1,41.0,118.02,-11.9,,,,,,
FC-35168991,Hask Anti Comezon,Higiene,marca,7500435168991,67.0,94.0,28.7,40.3,107.2,-12.3,,,,,,
FC-4FD413D2,Haspen,Otro,marca,,23.53,30.59,23.1,30.0,37.65,-18.8,,,,,,
FC-35231244,Head & Shoulders Anti Comezon,Higiene,marca,7500435231244,24.91,35.0,28.8,40.5,39.86,-12.2,,,,,,
FC-35020077,Herbal Essences Alivio Instant,Higiene,marca,7500435020077,24.91,35.0,28.8,40.5,39.86,-12.2,,,,,,
FC-35020008,Herbal Essences Limp Renoy,Higiene,marca,7500435020008,73.76,104.0,29.1,41.0,118.02,-11.9,,,,,,
FC-35169035,Herbal Essences Rizo,Higiene,marca,7500435169035,57.9,82.0,29.4,41.6,92.64,-11.5,,,,,,
FC-A2B284E0,Hialuronato De Sodio 4Mg,Producto,marca,,113.89,148.06,23.1,30.0,182.22,-18.7,,,,,,
FC-1321B34F,Hidroxon,Otro,marca,,34.6,44.98,23.1,30.0,55.36,-18.8,,,,,,
FC-58203691,Hilo dental expanding,Higiene,marca,75022358203691,18.9,30.24,37.5,60.0,30.24,0.0,,,,,,
FC-36041402,Hinds Hidr-Extr Almendras,Cuidado personal,marca,037836041402,39.9,56.0,28.8,40.4,63.84,-12.3,,,,,,
FC-20501673,Hinds Liq Agave Azul,Cuidado personal,marca,810120501673,42.25,60.0,29.6,42.0,67.6,-11.2,,,,,,
FC-95201021,Hipoglos Turo,Producto,marca,75012895201021,71.0,113.6,37.5,60.0,113.6,0.0,,,,,,
FC-1812D26D,Hucius Capsulas,Producto,marca,,78.16,101.61,23.1,30.0,125.06,-18.8,,,,,,
FC-85800198,Huggies Super,Higiene,marca,619585800198,26.2,35.0,25.1,33.6,41.92,-16.5,,,,,,
FC-85103015,Huggies Super Toallitas Humedas,GENERAL,marca,619585103015,13.32,18.0,26.0,35.1,21.31,-15.5,,,,,,
FC-BE76D409,I.M,Otro,marca,,19.72,25.64,23.1,30.0,31.55,-18.7,,,,,,
FC-07F04F88,I.M,Otro,marca,,19.43,25.26,23.1,30.0,31.09,-18.8,,,,,,
FC-22B18244,I.M,Otro,marca,,31.06,40.38,23.1,30.0,49.7,-18.8,,,,,,
FC-C636D8EA,I.M,Otro,marca,,9.8,12.75,23.1,30.1,15.68,-18.7,,,,,,
FC-3D0F54B7,Ibupro-Cafe,Otro,marca,,30.06,39.08,23.1,30.0,48.1,-18.8,,,,,,
FC-F7A2CACF,Indarzona,Otro,marca,,56.3,73.19,23.1,30.0,90.08,-18.8,,,,,,
FC-DE106642,Inf,Otro,marca,,73.57,95.65,23.1,30.0,117.71,-18.7,,,,,,
FC-BDB2E087,Irbesartan,Otro,generico,,70.49,112.79,37.5,60.0,112.78,0.0,,,,,,
FC-262F2A30,Irbesartan,Otro,generico,,43.98,70.37,37.5,60.0,70.37,0.0,,,,,,
FC-30133021,Iri,Otro,marca,75011230133021,273.42,437.48,37.5,60.0,437.47,0.0,,,,,,
FC-40036965,Jabon Asepxia Bicarbon,Higiene,marca,650240036965,37.68,53.0,28.9,40.7,60.29,-12.1,,,,,,
FC-40004643,Jabon Asepxia Exfoliante,Higiene,marca,650240004643,38.66,61.86,37.5,60.0,61.86,0.0,,,,,,
FC-14119032,Jabón azufre con miel,Higiene,marca,7503014119032,15.02,22.0,31.7,46.5,24.03,-8.4,,,,,,
FC-56371159,Jabon Dove Exfoliacion,Otro,marca,7501056371159,30.54,35.0,12.7,14.6,48.86,-28.4,,,,,,
FC-38891190,Jabon Dove Original,Higiene,marca,067238891190,30.2,37.0,18.4,22.5,48.33,-23.4,,,,,,
FC-22150801,Jabon Grisi Avena,Higiene,marca,7501022150801,21.72,31.0,29.9,42.7,34.75,-10.8,,,,,,
FC-22105207,Jabon Grisi Neutro,Higiene,marca,7501022105207,20.87,30.0,30.4,43.7,33.39,-10.2,,,,,,
FC-14121782,Jabón proteína de arroz y concha nácar,Higiene,marca,7505514121782,17.78,25.0,28.9,40.6,28.45,-12.1,,,,,,
FC-84437151,Jaloma,Cuidado personal,marca,759684437151,19.77,28.0,29.4,41.6,31.63,-11.5,,,,,,
FC-84431050,Jaloma,Cuidado personal,marca,759684431050,11.53,17.0,32.2,47.4,18.45,-7.9,,,,,,
FC-84900280,Jaloma Spray,Cuidado personal,marca,759684900280,16.87,24.0,29.7,42.3,26.99,-11.1,,,,,,
FC-62746605,Jarabe 250 Ml 1 Nat Ajolotius Bioal Imentos,Otro,marca,7500462746605,28.0,36.4,23.1,30.0,44.8,-18.7,,,,,,
FC-23272151,Jeringa insulina 0.3 ml,Botiquín,marca,75060223272151,217.2,326.0,33.4,50.1,347.52,-6.2,,,,,,
FC-23273451,Jeringa insulina 0.5 ml,Botiquín,marca,75060223273451,217.2,282.36,23.1,30.0,347.52,-18.7,,,,,,
FC-07502441,Johnson S Baby Antes/Dor,Higiene,marca,7501007502441,15.51,22.0,29.5,41.8,24.82,-11.4,,,,,,
FC-8FB65B79,Klarix,Otro,marca,,81.67,106.18,23.1,30.0,130.67,-18.7,,,,,,
FC-73629981,Kleenex Panuelos Pack C/8 1,Higiene,marca,75010173629981,33.3,53.28,37.5,60.0,53.28,0.0,,,,,,
FC-72C28BC1,Knoricin,Otro,marca,,45.41,59.04,23.1,30.0,72.66,-18.7,,,,,,
FC-17360604,Kotex Ant Flujo Abundante S/A 10Pz,Higiene,marca,7501017360604,10.4,16.64,37.5,60.0,16.64,0.0,,,,,,
FC-43427754,Kotex Flex Nocturna,Higiene,marca,7501943427754,5.0,7.0,28.6,40.0,8.0,-12.5,,,,,,
FC-697EEAD0,Kurtosil,Otro,marca,,62.48,81.23,23.1,30.0,99.97,-18.7,,,,,,
FC-45079011,Labello,Otro,marca,75010545079011,56.5,90.4,37.5,60.0,90.4,0.0,,,,,,
FC-45045281,Labello Hydro-C,Otro,marca,75010545045281,56.5,90.4,37.5,60.0,90.4,0.0,,,,,,
FC-08344488,Lactopram,Otro,marca,7503008344488,28.71,45.94,37.5,60.0,45.94,0.0,,,,,,
FC-80950139,Lásico enzimático,Producto,marca,7501080950139,42.5,68.0,37.5,60.0,68.0,0.0,,,,,,
FC-54504870,Lásico Pomada I.Abeili.C 56.50 56.50,Otro,marca,7501054504870,55.37,88.6,37.5,60.0,88.59,0.0,,,,,,
FC-B69FCBF4,Lesaclor,Otro,marca,,146.11,189.95,23.1,30.0,233.78,-18.7,,,,,,
FC-B25094C4,Lesaclor,Otro,marca,,44.43,57.76,23.1,30.0,71.09,-18.8,,,,,,
FC-C721E8D7,Levofloxacino,Otro,generico,,18.77,30.04,37.5,60.0,30.03,0.0,,,,,,
FC-E826D304,Lincomicina /2Ml 6 Ampolletas,Producto,marca,,47.85,62.21,23.1,30.0,76.56,-18.7,,,,,,
FC-75001865,Lio 115M,Higiene,marca,75001865,46.64,66.0,29.3,41.5,74.62,-11.6,,,,,,
FC-46657035,Lio Flor Czo-Rsa,Higiene,marca,7509546657035,23.79,34.0,30.0,42.9,38.06,-10.7,,,,,,
FC-31976394,Listerine Anticari-Al,Higiene,marca,7702031976394,63.53,89.0,28.6,40.1,101.65,-12.4,,,,,,
FC-31887928,Listerine Care Zero Mta,Higiene,marca,7702031887928,63.53,89.0,28.6,40.1,101.65,-12.4,,,,,,
FC-10974329,Listerine Zero Mta Sve,Higiene,marca,7891010974329,54.06,76.0,28.9,40.6,86.5,-12.1,,,,,,
FC-40025839,Lomecan V,Higiene,marca,650240025839,63.05,89.0,29.2,41.2,100.88,-11.8,,,,,,
FC-40030338,Lomecan V Aclar,Higiene,marca,650240030338,70.92,100.0,29.1,41.0,113.47,-11.9,,,,,,
FC-24227339,Loxcel adulto,Otro,marca,7502224227339,78.0,101.4,23.1,30.0,124.8,-18.7,,,,,,
FC-60101378,Lubricante íntimo,Higiene,marca,7506460101378,102.5,164.0,37.5,60.0,164.0,0.0,,,,,,
FC-01015141,Lubricante original,Higiene,marca,75064601015141,83.5,134.0,37.7,60.5,133.6,0.3,,,,,,
FC-58793249,Lubricante sensación calor,Cuidado personal,marca,7501058793249,101.9,163.05,37.5,60.0,163.04,0.0,,,,,,
FC-31244486,Lubriderm P/Normal,Cuidado personal,marca,7702031244486,31.59,45.0,29.8,42.5,50.54,-11.0,,,,,,
FC-07528939,Lubriderm Thint Psec120 Ml,Cuidado personal,marca,7501007528939,31.59,45.0,29.8,42.5,50.54,-11.0,,,,,,
FC-35469151,Lubriderm Uv Fps15,Cuidado personal,marca,7702035469151,34.41,49.0,29.8,42.4,55.06,-11.0,,,,,,
FC-E69F2E63,Madrid Aceite Eucalipto 2712017 83401,Producto,marca,,11.0,17.61,37.5,60.1,17.6,0.1,,,,,,
FC-21042481,Manzanilla Ml Hnos 31.40 Hnos,Producto,marca,75010221042481,30.77,49.24,37.5,60.0,49.23,0.0,,,,,,
FC-66055303,Meditest Prueba Embarazo,Producto,marca,,15.18,19.74,23.1,30.0,24.29,-18.7,,,,,,
FC-35908130,Mennen Azul,Higiene,marca,7501035908130,38.18,54.0,29.3,41.4,61.09,-11.6,,,,,,
FC-46655727,Mennen Baby Magic Lavan,Higiene,marca,7509546655727,12.97,19.0,31.7,46.5,20.75,-8.4,,,,,,
FC-46650708,Mennen Lavan-Extrac Aven,Higiene,marca,7509546650708,26.3,37.0,28.9,40.7,42.08,-12.1,,,,,,
FC-46072050,Mennen Miel-Mza Sve,Higiene,marca,7509546072050,26.3,37.0,28.9,40.7,42.08,-12.1,,,,,,
FC-35908147,Mennen Rosa,Higiene,marca,7501035908147,69.19,97.0,28.7,40.2,110.7,-12.4,,,,,,
FC-46074504,Mennen Zero% Sve,Higiene,marca,7509546074504,43.59,62.0,29.7,42.2,69.74,-11.1,,,,,,
FC-DFF99C3F,Mercurio,Otro,marca,,7.0,9.1,23.1,30.0,11.2,-18.7,,,,,,
FC-D4AC123B,Mercurio Aceite Almendras 790523,Producto,marca,,8.0,12.8,37.5,60.0,12.8,0.0,,,,,,
FC-931B4809,Mercurio Aceite Coco 800523 83064,Producto,marca,,8.0,12.8,37.5,60.0,12.8,0.0,,,,,,
FC-69387811,Mercurio Aceite Gomenolado 1160623,Producto,marca,,8.0,12.8,37.5,60.0,12.8,0.0,,,,,,
FC-5A697CC2,Mercurio Aceite Olivo 1000625 83825,Producto,marca,,8.0,12.8,37.5,60.0,12.8,0.0,,,,,,
FC-38CAFE6B,Mercurio Aceite Romero 1910923,Producto,marca,,8.0,12.8,37.5,60.0,12.8,0.0,,,,,,
FC-89F00320,Mercurio Arnica 2550123,Cuidado personal,marca,,10.5,16.8,37.5,60.0,16.8,0.0,,,,,,
FC-127F5753,Mercurio Arnica Tomar 1780823 83156,Producto,marca,,7.5,12.0,37.5,60.0,12.0,0.0,,,,,,
FC-25E452B6,Mercurio Arnica Untar 1790823 83156,Producto,marca,,7.5,12.0,37.5,60.0,12.0,0.0,,,,,,
FC-D037156B,Mercurio Bismuto Subnitrato 1390724,Producto,marca,,73.5,117.6,37.5,60.0,117.6,0.0,,,,,,
FC-578F060C,Mercurio Borax Polvo 140072483490,Producto,marca,,53.0,84.81,37.5,60.0,84.8,0.0,,,,,,
FC-5D59ED54,Mercurio Cloruro De Magnesio Cajita,Producto,marca,,34.0,54.41,37.5,60.0,54.4,0.0,,,,,,
FC-3676D5DC,Mercurio Espiritus Tomar 1760823,Producto,marca,,6.0,9.61,37.6,60.2,9.6,0.1,,,,,,
FC-62034164,Mercurio Espiritus Untar 1770823,Producto,marca,,6.0,9.61,37.6,60.2,9.6,0.1,,,,,,
FC-5EF90195,Mercurio Flor De Arnica 1430724,Producto,marca,,55.0,88.0,37.5,60.0,88.0,0.0,,,,,,
FC-39036C88,Mercurio Glicerina 1230723 83125,Producto,marca,,12.0,19.21,37.5,60.1,19.2,0.1,,,,,,
FC-9507CD66,Mercurio Haba Alcanforada 1510724,Producto,marca,,65.0,104.0,37.5,60.0,104.0,0.0,,,,,,
FC-CB5C11ED,Mercurio Magnesia Anisada 1560824,Producto,marca,,51.5,82.4,37.5,60.0,82.4,0.0,,,,,,
FC-0ACC5B6A,Mercurio Oxido De Zinc,Cuidado personal,marca,,9.0,14.4,37.5,60.0,14.4,0.0,,,,,,
FC-C4530823,Mercurio Oxido De Zinc 1620824 83521,Producto,marca,,54.0,86.4,37.5,60.0,86.4,0.0,,,,,,
FC-EFB599B5,Mercurio Pan Puerco 25401233,Cuidado personal,marca,,9.5,15.2,37.5,60.0,15.2,0.0,,,,,,
FC-FBD776D2,Mercurio Perlas De Eter 1630824,Producto,marca,,170.0,272.0,37.5,60.0,272.0,0.0,,,,,,
FC-FD718DF3,Mercurio Sulfatiazol 2600223,Cuidado personal,marca,,11.5,18.41,37.5,60.1,18.4,0.1,,,,,,
FC-47AAF23B,Mercurio Sulfatiazol Polvo 1710824,Producto,marca,,69.0,110.4,37.5,60.0,110.4,0.0,,,,,,
FC-FEAECBF1,Mercurio Tepezcohuite,Cuidado personal,marca,,9.5,15.2,37.5,60.0,15.2,0.0,,,,,,
FC-9827438F,Mercurio Veneno De Abeja,Cuidado personal,marca,,9.5,15.2,37.5,60.0,15.2,0.0,,,,,,
FC-A680F97E,Mercurio Yodo Tomar 1800823 83156,Producto,marca,,11.0,17.61,37.5,60.1,17.6,0.1,,,,,,
FC-D3D28E20,Mercurio Yodo Untar 1810623 83156,Producto,marca,,11.5,18.41,37.5,60.1,18.4,0.1,,,,,,
FC-926099D3,Mertiolate Kohn Rojo 012023 82912,Producto,marca,,9.0,14.4,37.5,60.0,14.4,0.0,,,,,,
FC-50587FA6,Mexapin,Otro,marca,,13.93,18.11,23.1,30.0,22.29,-18.8,,,,,,
FC-76040436,Mexsana P/Pies,Higiene,marca,7502276040436,78.22,110.0,28.9,40.6,125.15,-12.1,,,,,,
FC-87932321,Microdacyn Lubricante Ico Cereza 50 Ml 1 Ico Cereza 50,Higiene,marca,75010587932321,101.9,163.05,37.5,60.0,163.04,0.0,,,,,,
FC-38312374,Moco de Gorila Gel Citr,Higiene,marca,7501438312374,32.34,46.0,29.7,42.2,51.74,-11.1,,,,,,
FC-99428024,Moco de Gorila Punk,Cuidado personal,marca,7501199428024,14.15,20.0,29.2,41.3,22.64,-11.7,,,,,,
FC-FA3D96E6,N Calcitriol,Otro,marca,,47.13,61.27,23.1,30.0,75.41,-18.8,,,,,,
FC-47624171,Nailex Desenterrador Unas Desenterrador Unas,GENERAL,marca,75022347624171,54.49,87.19,37.5,60.0,87.18,0.0,,,,,,
FC-E6112F15,Nalixone,Otro,generico,,63.32,101.32,37.5,60.0,101.31,0.0,,,,,,
FC-AEA8C8DA,Namifen,Otro,marca,,24.28,31.57,23.1,30.0,38.85,-18.7,,,,,,
FC-51078461,Nan 1 Pro 1,GENERAL,marca,75064751078461,129.4,207.05,37.5,60.0,207.04,0.0,,,,,,
FC-51078531,Nan Nestle Bolsa Nestle Bolsa,GENERAL,marca,75064751078531,58.7,93.93,37.5,60.0,93.92,0.0,,,,,,
FC-01157296,Naturella flujo moderado con alas,Higiene,marca,7506309895208,17.0,26.0,34.6,52.9,27.2,-4.4,,,,,,
FC-01405335,Naturella noche con alas,Higiene,marca,7506339394719,18.5,28.0,33.9,51.4,29.6,-5.4,,,,,,
FC-89794961,Ne,Otro,marca,75013289794961,125.8,163.54,23.1,30.0,201.28,-18.8,,,,,,
FC-28979502,Ne,Otro,marca,7501328979502,124.4,161.72,23.1,30.0,199.04,-18.7,,,,,,
FC-86167151,Nestum Probioticos Avena 270 Probioticos,Abarrotes,marca,75010586167151,52.43,83.89,37.5,60.0,83.89,0.0,,,,,,
FC-82176351,Neurobion Sot.O- Dc Ete Jga Sot.O- Prell Health9.20,Otro,marca,75012982176351,273.42,438.0,37.6,60.2,437.47,0.1,,,,,,
FC-51067711,Nido,Producto,marca,75064751067711,112.7,180.33,37.5,60.0,180.32,0.0,,,,,,
FC-59225411,Nido,Producto,marca,7501059225411,74.19,118.71,37.5,60.0,118.7,0.0,,,,,,
FC-58611420,Nido Nido Nestle Bolsa,Abarrotes,marca,7501058611420,53.7,85.93,37.5,60.0,85.92,0.0,,,,,,
FC-92821171,Nido Nido Nestle Bolsa Nestle,Abarrotes,marca,75010592821171,30.67,49.08,37.5,60.0,49.07,0.0,,,,,,
FC-08802838,Nivea B Sofmilk Sec400 Ml,Cuidado personal,marca,4005808802838,84.49,119.0,29.0,40.8,135.18,-12.0,,,,,,
FC-42270027,Nivea Cuidada Clar-Nat,Cuidado personal,marca,42270027,85.87,137.4,37.5,60.0,137.39,0.0,,,,,,
FC-42417644,Nivea Cuidado Int P/Mano,Cuidado personal,marca,42417644,48.58,69.0,29.6,42.0,77.73,-11.2,,,,,,
FC-00701992,Nivea Manos 3En1 Ant-Arrugas,Cuidado personal,marca,4005900701992,36.3,51.0,28.8,40.5,58.08,-12.2,,,,,,
FC-08837311,Nivea Pearlb Mspy,Higiene,marca,4005808837311,32.37,46.0,29.6,42.1,51.79,-11.2,,,,,,
FC-54503095,Nivea Sda Tarro,Cuidado personal,marca,7501054503095,60.75,86.0,29.4,41.6,97.2,-11.5,,,,,,
FC-54500216,Nivea Sdatarr Giga,Cuidado personal,marca,7501054500216,147.15,207.0,28.9,40.7,235.44,-12.1,,,,,,
FC-5D9DFA3D,Norquinol,Otro,generico,,48.87,78.2,37.5,60.0,78.19,0.0,,,,,,
FC-92511261,Nutribela Bio Colageno,Cuidado personal,marca,7506192511261,41.84,59.0,29.1,41.0,66.94,-11.9,,,,,,
FC-92509213,Nutribela Nutrice Tarro,Cuidado personal,marca,7506192509213,40.24,64.39,37.5,60.0,64.38,0.0,,,,,,
FC-82790504,Nuvel Bifasico Oil,Cuidado personal,marca,7501082790504,27.75,39.0,28.8,40.5,44.4,-12.2,,,,,,
FC-82740011,Nuvel Humec,Cuidado personal,marca,7501082740011,14.08,20.0,29.6,42.0,22.53,-11.2,,,,,,
FC-82790016,Nuvel Pura Para Bebe200 G,Higiene,marca,7501082790016,20.65,29.0,28.8,40.4,33.04,-12.2,,,,,,
FC-A909ABC0,Odivitor,Otro,marca,,13.77,17.91,23.1,30.1,22.03,-18.7,,,,,,
FC-61111501,Odolex Desdo,Higiene,marca,7501361111501,17.77,25.0,28.9,40.7,28.43,-12.1,,,,,,
FC-61113000,Odolex Desod,Higiene,marca,7501361113000,28.1,40.0,29.8,42.3,44.96,-11.0,,,,,,
FC-61124013,Odolex Fresh,Higiene,marca,7501361124013,17.77,25.0,28.9,40.7,28.43,-12.1,,,,,,
FC-61123009,Odolex Naturals Talco Desodorante,GENERAL,marca,7501361123009,28.1,38.0,26.1,35.2,44.96,-15.5,,,,,,
FC-51444145,Old Spice,Higiene,marca,75004351444145,277.0,388.0,28.6,40.1,443.2,-12.5,,,,,,
FC-50003151,Opella Neomelubrina Jbe I 121.00 Neomelubrina Jbe I,Otro,marca,75011650003151,118.58,189.73,37.5,60.0,189.73,0.0,,,,,,
FC-95129166,Oral-B 3Dw Advant Med2X1,Higiene,marca,7506195129166,53.19,75.0,29.1,41.0,85.1,-11.9,,,,,,
FC-86494262,Oral-B Indicat35Sve,Higiene,marca,7501086494262,15.51,22.0,29.5,41.8,24.82,-11.4,,,,,,
FC-F7DB080D,Ovisen,Otro,marca,,20.33,26.43,23.1,30.0,32.53,-18.8,,,,,,
FC-FD92D114,Ovisen,Otro,marca,,10.19,13.25,23.1,30.0,16.3,-18.7,,,,,,
FC-B2123139,Oxivag,Otro,marca,,64.09,83.32,23.1,30.0,102.54,-18.7,,,,,,
FC-5885E577,Pabesorag,Otro,marca,,60.47,78.62,23.1,30.0,96.75,-18.7,,,,,,
FC-35911208,Palmolive Aquarium,Higiene,marca,7501035911208,23.79,34.0,30.0,42.9,38.06,-10.7,,,,,,
FC-46655079,Palmolive N-Bal Corp Baby0%,Higiene,marca,7509546655079,7.49,11.0,31.9,46.9,11.98,-8.2,,,,,,
FC-46683133,Palmolive N-Bal Dermo Limp,Higiene,marca,7509546683133,13.07,19.0,31.2,45.4,20.91,-9.1,,,,,,
FC-46059556,Palmolive N-Bal Dermol,Higiene,marca,7509546059556,35.61,50.0,28.8,40.4,56.98,-12.2,,,,,,
FC-43475014,Pañal Diapro Grande,Otro,marca,7501943475014,99.0,149.0,33.6,50.5,158.4,-5.9,,,,,,
FC-16800803,Pañal Diapro Med,Producto,marca,7501943474994,85.0,128.0,33.6,50.6,136.0,-5.9,,,,,,
FC-01165321,Pantene Acond Rizos Definid,GENERAL,marca,7501001165321,75.7,103.0,26.5,36.1,121.12,-15.0,,,,,,
FC-35155922,Pantene Bambu,Higiene,marca,7500435155922,50.07,71.0,29.5,41.8,80.11,-11.4,,,,,,
FC-35155847,Pantene Bambu Ctrl Caida,Higiene,marca,7500435155847,75.7,106.0,28.6,40.0,121.12,-12.5,,,,,,
FC-07457796,Pantene Brillo Extremo,Higiene,marca,7501007457796,75.7,121.12,37.5,60.0,121.12,0.0,,,,,,
FC-07457826,Pantene Brillo Extremo,Higiene,marca,7501007457826,75.7,121.12,37.5,60.0,121.12,0.0,,,,,,
FC-01303454,Pantene Ctrcaida A/Pv,Higiene,marca,7501001303454,75.7,106.0,28.6,40.0,121.12,-12.5,,,,,,
FC-33954740,Pedialyte,Higiene,marca,7501033954740,23.81,38.1,37.5,60.0,38.1,0.0,,,,,,
FC-33961373,Pedialyte fresa,Otro,marca,7501033961373,23.81,38.1,37.5,60.0,38.1,0.0,,,,,,
FC-33956775,Pedialyte Sr60 Uva,Higiene,marca,7501033956775,24.3,38.89,37.5,60.0,38.88,0.0,,,,,,
FC-33951008,Pediasure chocolate,Suplemento,marca,7501033956317,44.0,66.0,33.3,50.0,70.4,-6.3,,,,,,
FC-33950063,Pediasure fresa,Suplemento,marca,7501033956331,44.0,66.0,33.3,50.0,70.4,-6.3,,,,,,
FC-33950209,Pediasure vainilla,Analgésico,marca,7501033956294,44.0,66.0,33.3,50.0,70.4,-6.3,,,,,,
FC-3A4583F3,Penipot,Otro,marca,,14.07,18.3,23.1,30.1,22.51,-18.7,,,,,,
FC-F183C6E9,Penipot,Otro,marca,,19.44,25.28,23.1,30.0,31.1,-18.7,,,,,,
FC-B4477A00,Pentibroxil,Otro,marca,,30.04,39.06,23.1,30.0,48.06,-18.7,,,,,,
FC-B72A6420,Pentiver,Otro,marca,,27.06,35.18,23.1,30.0,43.3,-18.8,,,,,,
FC-7AA38F97,Pentiver,Otro,marca,,31.2,40.56,23.1,30.0,49.92,-18.7,,,,,,
FC-9A1C64E7,Perilla Edigar N O Caja,Producto,marca,,14.5,23.21,37.5,60.1,23.2,0.0,,,,,,
FC-BCF59548,Perilla N1,Botiquín,generico,,15.5,24.8,37.5,60.0,24.8,0.0,,,,,,
FC-C22EBFE6,Perilla N2,Botiquín,generico,,16.0,25.6,37.5,60.0,25.6,0.0,,,,,,
FC-614E4F82,Perilla N3,Botiquín,generico,,18.5,29.6,37.5,60.0,29.6,0.0,,,,,,
FC-FFC25DD1,Perilla N4,Botiquín,generico,,19.5,31.21,37.5,60.1,31.2,0.0,,,,,,
FC-A871D831,Perilla N6,Botiquín,generico,,22.5,30.38,25.9,35.0,36.0,-15.6,,,,,,
FC-AA905BF7,Perludil,Otro,marca,,16.11,20.95,23.1,30.0,25.78,-18.7,,,,,,
FC-20500171,Pert Oliv+Ac Agu P/Pein,Cuidado personal,marca,810120500171,7.4,11.0,32.7,48.6,11.84,-7.1,,,,,,
FC-20500201,Pert Plus Ac-Oliva,Higiene,marca,810120500201,23.99,34.0,29.4,41.7,38.38,-11.4,,,,,,
FC-56330378,Ponds Bio-Hydra Dual,Cuidado personal,marca,7501056330378,88.8,125.0,29.0,40.8,142.08,-12.0,,,,,,
FC-56326142,Ponds S Humectante,Cuidado personal,marca,7501056326142,59.36,84.0,29.3,41.5,94.98,-11.6,,,,,,
FC-04D83B46,Pralex,Otro,marca,,42.85,55.71,23.1,30.0,68.56,-18.7,,,,,,
FC-83510531,Protec Antibacterial 22.40 Antibacterial,Cuidado personal,marca,75010483510531,123.58,197.73,37.5,60.0,197.73,0.0,,,,,,
FC-48623006,Protec Pads Facial Redondos C/100,Cuidado personal,marca,7501048623006,21.7,34.72,37.5,60.0,34.72,0.0,,,,,,
FC-86708021,Protec Sigital Termometro 42.10 Sigital Termometro,Producto,marca,75010486708021,41.26,66.02,37.5,60.0,66.02,0.0,,,,,,
FC-6B2ADEE9,Protect aerosol 200 dosis,GENERAL,marca,,96.21,125.08,23.1,30.0,153.94,-18.7,,,,,,
FC-14982514,Prudence,Producto,marca,7502214982514,34.1,54.56,37.5,60.0,54.56,0.0,,,,,,
FC-49824391,Prudence 'Ull Retardante C/3,Producto,marca,75022149824391,41.31,56.0,26.2,35.6,66.1,-15.3,,,,,,
FC-14985805,Prudence Chicle C/E Idkt Cond Chicle,Higiene,marca,7502214985805,48.6,69.0,29.6,42.0,77.76,-11.3,,,,,,
FC-49800151,Prudence Clasico C/3,Higiene,marca,75022149800151,29.3,46.88,37.5,60.0,46.88,0.0,,,,,,
FC-49824771,Prudence Fresa,Producto,marca,75022149824771,34.1,47.0,27.4,37.8,54.56,-13.9,,,,,,
FC-14983153,Prudence Grosella,Higiene,marca,7502214983153,68.2,109.12,37.5,60.0,109.12,0.0,,,,,,
FC-49824911,Prudence Iva Dki Mexico S Cond Iva Mexico,Higiene,marca,75022149824911,48.6,69.0,29.6,42.0,77.76,-11.3,,,,,,
FC-14980596,Prudence Mora Cond Mexico 34.10 Mora Cond Mexico,GENERAL,marca,7502214980596,31.03,49.65,37.5,60.0,49.65,0.0,,,,,,
FC-14983726,Prudence Natural Lubricante Natural,Higiene,marca,7502214983726,62.06,99.3,37.5,60.0,99.3,0.0,,,,,,
FC-14985348,Prudence Ull Sensitive Cond 'Ull Sensitive,Higiene,marca,7502214985348,41.31,66.1,37.5,60.0,66.1,0.0,,,,,,
FC-03406501,Quirmex,Botiquín,marca,7503003406501,18.62,29.8,37.5,60.0,29.79,0.0,,,,,,
FC-03406600,Quirmex,Botiquín,marca,7503003406600,89.7,143.53,37.5,60.0,143.52,0.0,,,,,,
FC-34067471,Quirmex,Botiquín,marca,75030034067471,8.72,13.96,37.5,60.1,13.95,0.1,,,,,,
FC-34067781,Quirmex,Botiquín,marca,75030034067781,23.72,37.96,37.5,60.0,37.95,0.0,,,,,,
FC-34067851,Quirmex,Botiquín,marca,75030034067851,17.54,28.07,37.5,60.0,28.06,0.0,,,,,,
FC-34063651,Quirmex,Botiquín,marca,75030034063651,11.7,19.0,38.4,62.4,18.72,1.5,,,,,,
FC-34067301,Quirmex,Botiquín,marca,75030034067301,6.8,10.0,32.0,47.1,10.88,-8.1,,,,,,
FC-29003221,Quirmex,Botiquín,marca,75065529003221,3.7,5.93,37.6,60.3,5.92,0.2,,,,,,
FC-34064021,Quirmex Tarro 1 2 12.00 Cotonetes Tarro 1,Higiene,marca,75030034064021,11.76,18.82,37.5,60.0,18.82,0.0,,,,,,
FC-45720567,Quitaesmalte coco,Higiene,marca,7502245720567,17.2,25.0,31.2,45.3,27.52,-9.2,,,,,,
FC-45720550,Quitaesmalte mora azul,Higiene,marca,7502245720550,17.2,25.0,31.2,45.3,27.52,-9.2,,,,,,
FC-26EA40A4,Ramcinet,Otro,marca,,19.65,25.55,23.1,30.0,31.44,-18.7,,,,,,
FC-47640531,Recuperador una uña amarilla,Cuidado personal,marca,75022347640531,55.6,88.96,37.5,60.0,88.96,0.0,,,,,,
FC-6074BB64,Redalip,Otro,marca,,21.01,27.32,23.1,30.0,33.62,-18.7,,,,,,
FC-57925EF3,Reglusan,Otro,marca,,8.88,11.55,23.1,30.1,14.21,-18.7,,,,,,
FC-2E5B7248,Reumatol,Producto,marca,,11.0,17.61,37.5,60.1,17.6,0.1,,,,,,
FC-06257597,Rexona 1O0 G Tco Pies Efficient Orig,GENERAL,marca,7506306257597,40.24,55.0,26.8,36.7,64.38,-14.6,,,,,,
FC-75076009,Rexona 48H Happy (Mujer),Higiene,marca,75076009,51.5,85.6,39.8,66.2,82.4,3.9,,,,,,
FC-06217461,Rexona Effi Fresh,Higiene,marca,7506306217461,64.12,90.0,28.8,40.4,102.59,-12.3,,,,,,
FC-75069223,Rexona Mot-Sen Sport Stick,Higiene,marca,75069223,42.82,60.0,28.6,40.1,68.51,-12.4,,,,,,
FC-22150221,Ricitos de Oro Neutro,Higiene,marca,7501022150221,20.8,30.0,30.7,44.2,33.28,-9.9,,,,,,
FC-36033735,Ricitos de Oro Oro Agua De Coco,Higiene,marca,037836033735,42.34,60.0,29.4,41.7,67.74,-11.4,,,,,,
FC-36032776,Ricitos de Oro Oro Biopure,Higiene,marca,037836032776,74.31,105.0,29.2,41.3,118.9,-11.7,,,,,,
FC-77FE5C83,S,Otro,marca,,32.41,42.14,23.1,30.0,51.86,-18.7,,,,,,
FC-0E0A9E42,S,Otro,marca,,47.99,62.39,23.1,30.0,76.78,-18.7,,,,,,
FC-19006623,Saba buenas noches,Higiene,marca,7501019050664,9.9,15.0,34.0,51.5,15.84,-5.3,,,,,,
FC-19006371,Saba Inv Alas,Higiene,marca,7501019006371,10.17,15.0,32.2,47.5,16.27,-7.8,,,,,,
FC-95451096,Sal de uvas,Otro,generico,7501095451096,37.9,51.17,25.9,35.0,60.64,-15.6,,,,,,
FC-95467264,Sal de Uvas Ixh C/50,Producto,marca,7501095467264,163.5,261.61,37.5,60.0,261.6,0.0,,,,,,
FC-79400556,Sanfer Syncol,Otro,marca,7501079400556,107.4,139.62,23.1,30.0,171.84,-18.8,,,,,,
FC-84095411,Saridon,Otro,marca,75010084095411,64.75,84.18,23.1,30.0,103.6,-18.7,,,,,,
FC-06249226,Savile Bio-Sab Creci Res,Higiene,marca,7506306249226,40.66,57.0,28.7,40.2,65.06,-12.4,,,,,,
FC-06249240,Savile Ker-Sab Fza Repar,Higiene,marca,7506306249240,40.66,57.0,28.7,40.2,65.06,-12.4,,,,,,
FC-85592111,Scabisan,Producto,marca,75010885592111,194.6,311.36,37.5,60.0,311.36,0.0,,,,,,
FC-06234062,Sedal Anti Nudos,Cuidado personal,marca,7506306234062,50.07,71.0,29.5,41.8,80.11,-11.4,,,,,,
FC-06249776,Sedal Ceramidas Inf-Act,Higiene,marca,7506306249776,16.88,24.0,29.7,42.2,27.01,-11.1,,,,,,
FC-56342258,Sedal Recons Estructur,Cuidado personal,marca,7501056342258,17.77,28.44,37.5,60.0,28.43,0.0,,,,,,
FC-06249783,Sedal Rizos Def Inf-Act,Higiene,marca,7506306249783,19.11,27.0,29.2,41.3,30.58,-11.7,,,,,,
FC-56340131,Sedal Rizos Obedie,Cuidado personal,marca,7501056340131,50.07,71.0,29.5,41.8,80.11,-11.4,,,,,,
FC-56342227,Sedal Rizos Obedientes,Cuidado personal,marca,7501056342227,9.08,13.0,30.2,43.2,14.53,-10.5,,,,,,
FC-56340124,Sedal Sos Ceramida,Cuidado personal,marca,7501056340124,50.07,71.0,29.5,41.8,80.11,-11.4,,,,,,
FC-56340025,Sedal Sos Recon-Estru,Cuidado personal,marca,7501056340025,50.07,71.0,29.5,41.8,80.11,-11.4,,,,,,
FC-14704156,Senosiain Supos Adto C/10,Otro,marca,7501314704156,58.96,94.34,37.5,60.0,94.34,0.0,,,,,,
FC-14704163,Senosiain Supos Ine C/10,Otro,marca,7501314704163,63.4,102.0,37.8,60.9,101.44,0.6,,,,,,
FC-09498091,Sensodyne Complet + Acc Lim Efec,Botiquín,marca,7896009498091,70.91,107.0,33.7,50.9,113.46,-5.7,,,,,,
FC-09419324,Sensodyne Original,Higiene,marca,7896009419324,70.91,100.0,29.1,41.0,113.46,-11.9,,,,,,
FC-40171550,Sensodyne rápido alivio,Higiene,marca,7794640171550,106.44,150.0,29.0,40.9,170.3,-11.9,,,,,,
FC-98100381,Shampoo Herklin,Higiene,marca,75010898100381,128.8,206.09,37.5,60.0,206.08,0.0,,,,,,
FC-F817BC3A,Sibicos,Otro,marca,,33.65,43.75,23.1,30.0,53.84,-18.7,,,,,,
FC-24511711,Silica Shine Sily 3/1 Mora,Higiene,marca,7502224511711,45.64,73.03,37.5,60.0,73.02,0.0,,,,,,
FC-24511636,Silica Shine Sily 3/1 Naran,Higiene,marca,7502224511636,44.76,63.0,29.0,40.8,71.62,-12.0,,,,,,
FC-54073302,Silica Shine Sily Oleo Argan,Higiene,marca,7502254073302,44.76,71.62,37.5,60.0,71.62,0.0,,,,,,
FC-24511629,Silica Shine uva,Higiene,marca,7502224511629,44.76,63.0,29.0,40.8,71.62,-12.0,,,,,,
FC-49853867,Softlub Extra Cond Extra,Higiene,marca,75022149853867,45.4,64.0,29.1,41.0,72.64,-11.9,,,,,,
FC-23001331,Sr I Ting,Producto,marca,75010723001331,73.6,117.76,37.5,60.0,117.76,0.0,,,,,,
FC-BE0A0E46,Sumitex Intravenoso- Pu X 25 Mm C/1 Azul,Botiquín,marca,,9.26,12.04,23.1,30.0,14.82,-18.8,,,,,,
FC-6C2878CF,Susp 125 Mg/Ml,Otro,marca,,130.24,169.32,23.1,30.0,208.38,-18.7,,,,,,
FC-08485316,Tabcin Eferv,Otro,marca,7501008485316,37.73,49.05,23.1,30.0,60.37,-18.8,,,,,,
FC-56360429,Talco desodorante pies,Higiene,marca,7501056360429,71.8,101.0,28.9,40.7,114.88,-12.1,,,,,,
FC-88915491,Tarmin 2 Mg /12,Otro,marca,75022088915491,58.5,77.0,24.0,31.6,93.6,-17.7,,,,,,
FC-40030963,Teatrical Cel-Ma Nutrit,Cuidado personal,marca,650240030963,62.25,88.0,29.3,41.4,99.6,-11.6,,,,,,
FC-40013898,Teatrical Lanol/Ros,Cuidado personal,marca,650240013898,30.36,43.0,29.4,41.6,48.58,-11.5,,,,,,
FC-34062421,Tela adhesiva,Botiquín,marca,75030034062421,27.0,44.0,38.6,63.0,43.2,1.9,,,,,,
FC-58792792,Tempra,Producto,marca,7501058792792,59.9,96.0,37.6,60.3,95.84,0.2,,,,,,
FC-54521161,Tempra,Otro,marca,75010954521161,48.8,78.08,37.5,60.0,78.08,0.0,,,,,,
FC-60101231,"Tempra ,",Otro,marca,7506460101231,59.69,77.6,23.1,30.0,95.5,-18.7,,,,,,
FC-48691005,Tensolastic Plus venda elástica 10 cm x 5 m,Botiquín,marca,7501048691005,26.48,40.0,33.8,51.1,42.37,-5.6,,,,,,
FC-48691104,Tensolastic Plus venda elástica 15 cm x 5 m,Botiquín,marca,7501048691104,38.31,58.0,33.9,51.4,61.3,-5.4,,,,,,
FC-48690800,Tensolastic Plus venda elástica 5 cm x 5 m,Botiquín,marca,7501048690800,14.42,22.0,34.5,52.6,23.07,-4.6,,,,,,
FC-48690909,Tensolastic Plus venda elástica 7 cm x 5 m,Botiquín,marca,7501048690909,21.14,32.0,33.9,51.4,33.82,-5.4,,,,,,
FC-F967863B,Terficho,Otro,marca,,46.05,59.87,23.1,30.0,73.68,-18.7,,,,,,
FC-26462061,Ternura Ortodontic Miel C3,Bebés,marca,7501026462061,22.3,29.0,23.1,30.0,35.68,-18.7,,,,,,
FC-72300171,Ting polvo decolorante,Cuidado personal,marca,7501072300171,80.46,113.0,28.8,40.4,128.74,-12.2,,,,,,
FC-41500096,Tiraleche de cristal,Botiquín,marca,7501441500096,31.77,48.0,33.8,51.1,50.83,-5.6,,,,,,
FC-56034041,Toallitas húmedas antibacterial,Higiene,marca,75064256034041,15.29,24.47,37.5,60.0,24.46,0.0,,,,,,
FC-43471900,Toallitas húmedas C/120,Higiene,marca,7501943471900,21.46,34.34,37.5,60.0,34.34,0.0,,,,,,
FC-43454811,Toallitas húmedas cuidado puro,Higiene,marca,7501943454811,39.6,63.37,37.5,60.0,63.36,0.0,,,,,,
FC-3E863E37,Tratidri,Otro,marca,,47.47,61.72,23.1,30.0,75.95,-18.7,,,,,,
FC-70612368,Treda,Otro,marca,7501070612368,152.0,198.0,23.2,30.3,243.2,-18.6,,,,,,
FC-88947797,Tribedoce,Otro,marca,75022088947797,18.0,23.4,23.1,30.0,28.8,-18.8,,,,,,
FC-80953017,Trojan,Producto,marca,7501080953017,49.0,78.41,37.5,60.0,78.4,0.0,,,,,,
FC-86A95D07,Tropharma,Otro,marca,,44.53,57.89,23.1,30.0,71.25,-18.8,,,,,,
FC-65054135,TUMS,Botiquín,marca,7501065054043,37.48,57.0,34.2,52.1,59.97,-5.0,,,,,,
FC-1DAD5EF1,Tusilen Ad 1 Ibe 240/30/50Mg/100,Producto,marca,,24.22,31.49,23.1,30.0,38.75,-18.7,,,,,,
FC-75354321,Tylenol,Otro,marca,75010075354321,50.0,65.0,23.1,30.0,80.0,-18.8,,,,,,
FC-405A75E3,Ursodesoxicolico,Otro,marca,,217.23,282.4,23.1,30.0,347.57,-18.8,,,,,,
FC-022543CD,Valclan,Otro,marca,,37.22,48.39,23.1,30.0,59.55,-18.7,,,,,,
FC-D06E54FE,Valclan,Otro,marca,,51.18,66.54,23.1,30.0,81.89,-18.7,,,,,,
FC-D11D586A,Valgab 3 Ibe /6Ml,Producto,marca,,19.41,25.24,23.1,30.0,31.06,-18.7,,,,,,
FC-BE2ACF63,Valnait Capsulas,Producto,marca,,4.56,5.93,23.1,30.0,7.3,-18.8,,,,,,
FC-930E0B1B,Vandil,Otro,marca,,20.58,26.76,23.1,30.0,32.93,-18.7,,,,,,
FC-4C621D07,Vanmoxol,Otro,generico,,18.03,28.85,37.5,60.0,28.85,0.0,,,,,,
FC-56323066,Vaseline FaseLine puro,Cuidado personal,marca,7506306249356,27.0,41.0,34.1,51.9,43.2,-5.1,,,,,,
FC-56323059,Vaseline puro,Cuidado personal,marca,7506306249042,45.5,69.0,34.1,51.6,72.8,-5.2,,,,,,
FC-48640775,Venda de yeso 10 cm x 2.75 m C/12,Botiquín,marca,7501048640775,18.05,28.0,35.5,55.1,28.88,-3.0,,,,,,
FC-48640799,Venda de yeso 15 cm x 2.75 m C/12,Botiquín,marca,7501048640799,24.84,38.0,34.6,53.0,39.74,-4.4,,,,,,
FC-46640629,Venda de yeso 20 cm x 2.75 m,Botiquín,marca,7501046640629,40.28,61.0,34.0,51.4,64.45,-5.4,,,,,,
FC-48640751,Venda de yeso 5 cm x 2.75 m C/12,Botiquín,marca,7501048640751,14.53,22.0,34.0,51.4,23.25,-5.4,,,,,,
FC-174824A0,Vernisen,Otro,marca,,12.38,16.1,23.1,30.0,19.81,-18.7,,,,,,
FC-35246309,Vick Drops Tengibre Pastillas Drops Tengibre,Botiquín,marca,7500435246309,37.53,60.05,37.5,60.0,60.05,0.0,,,,,,
FC-01246730,Vicks Vaporub pomada 12 g,Botiquín,marca,75916565,21.25,42.0,49.4,97.6,34.0,23.5,,,,,,
FC-02012475,Vicks Vaporub ungüento 100 G,Botiquín,marca,7590002012475,125.12,188.0,33.4,50.3,200.19,-6.1,,,,,,
FC-02012468,Vicks Vaporub ungüento 50G,Botiquín,marca,7590002012468,82.41,124.0,33.5,50.5,131.86,-6.0,,,,,,
FC-60101521,Vitacilina,Producto,marca,7506460101521,100.8,161.28,37.5,60.0,161.28,0.0,,,,,,
FC-76000277,Vitacilina Cre Humectante Humectante,GENERAL,marca,7506376000277,277.0,374.0,25.9,35.0,443.2,-15.6,,,,,,
FC-76000284,Vitacilina Ros-Sab,Cuidado personal,marca,7506376000284,81.47,115.0,29.2,41.2,130.35,-11.8,,,,,,
FC-759A5EF9,Wermy,Otro,marca,,24.89,32.36,23.1,30.0,39.82,-18.7,,,,,,
FC-50D044FF,Wermy,Otro,marca,,24.51,31.87,23.1,30.0,39.22,-18.7,,,,,,
FC-69A3C416,Wexpec,Otro,marca,,16.65,21.65,23.1,30.0,26.64,-18.7,,,,,,
FC-99425580,X-Treme Titan,Cuidado personal,marca,7501199425580,11.31,16.0,29.3,41.5,18.1,-11.6,,,,,,
FC-A23F290E,Zitriasol,Otro,generico,,34.61,55.38,37.5,60.0,55.38,0.0,,,,,,
FC-3D0ED22B,Zukedib,Otro,marca,,27.98,36.38,23.1,30.0,44.77,-18.7,,,,,,
FC-52D2A43A,Zukedib,Otro,marca,,29.08,37.81,23.1,30.0,46.53,-18.7,,,,,,
