fuente,tipo_fuente,fecha_captura,url,categoria,producto_raw,marca,presentacion,unidad_base,cantidad_empaque,precio_empaque,precio_unitario,min_piezas,precio_escalon,moneda,minimo_compra_pedido,notas,id_producto_proveedor
Scorpion,mayorista,2026-08-18,https://www.scorpion.com.mx/tienda/papel-higienico-big-quality-600-hojas-dobles-paquete-con-6-rollos.html,higiene-y-cuidado-personal,Papel Higiénico Big Qlty 600 Hojas 6 Rollos,,,pza,8,372.0,46.5,3,46.5,MXN,,pieza=55.9; caja=372.0x8; envio $70 / gratis $1100,5465
Scorpion,mayorista,2026-08-18,https://www.scorpion.com.mx/tienda/papel-higienico-petalo-300-hojas-paquete-con-4-rollos.html,higiene-y-cuidado-personal,Papel Higiénico Petalo 300 Hojas 4 Rollos,,,pza,10,229.0,22.9,3,22.9,MXN,,pieza=26.5; caja=229.0x10; envio $70 / gratis $1100,5474
Scorpion,mayorista,2026-08-18,https://www.scorpion.com.mx/tienda/papel-higi-nico-big-quality-550-hd-5-pz-25691.html,higiene-y-cuidado-personal,Papel Higiénico Big Quality 550 Hd 5 pz,,5 pza,pza,40,317.6,7.94,3,39.7,MXN,,pieza=47.9; caja=317.6x8; envio $70 / gratis $1100,25220
Scorpion,mayorista,2026-08-18,https://www.scorpion.com.mx/tienda/toalla-femenina-saba-buenas-noches-extra-larga-con-alas-paquete-con-8-piezas.html,higiene-y-cuidado-personal,Toalla Femenina Saba Buenas Noches Extra Larga con Alas Paquete con 8 Piezas,,8 pza,pza,112,278.6,2.4875,3,19.9,MXN,,pieza=22.9; caja=278.6x14; envio $70 / gratis $1100,5427
Scorpion,mayorista,2026-08-18,https://www.scorpion.com.mx/tienda/papel-higienico-vogue-400-hojas-paquete-con-4-rollos.html,higiene-y-cuidado-personal,Papel Higiénico Vogue 400 Hojas 4 Rollos,,,pza,24,657.6,27.4,3,27.4,MXN,,pieza=31.9; caja=657.6x24; envio $70 / gratis $1100,5486
Scorpion,mayorista,2026-08-18,https://www.scorpion.com.mx/tienda/papel-higienico-petalo-400-hojas-paquete-con-4-rollos.html,higiene-y-cuidado-personal,Papel Higiénico Petalo 400 Hojas 4 Rollos,,,pza,10,324.0,32.4,3,32.4,MXN,,pieza=37.5; caja=324.0x10; envio $70 / gratis $1100,5475
Scorpion,mayorista,2026-08-18,https://www.scorpion.com.mx/tienda/jabon-zest-de-tocador-aqua-150-gramos.html,higiene-y-cuidado-personal,Jabon Zest de Tocador Aqua 135 gr,,135 g,g,72,1116.0,15.5,2,15.5,MXN,,pieza=17.9; caja=1116.0x72; envio $70 / gratis $1100,5278
Scorpion,mayorista,2026-08-18,https://www.scorpion.com.mx/tienda/papel-higienico-petalo-ultra-resistente-hig-500-hd-6-piezas.html,higiene-y-cuidado-personal,Papel Hig. Petalo Ultra Resist. 500 Hojas 6 pz,,6 pza,pza,36,313.2,8.7,3,52.2,MXN,,pieza=61.5; caja=313.2x6; envio $70 / gratis $1100,8207
Scorpion,mayorista,2026-08-18,https://www.scorpion.com.mx/tienda/xtreme-gel-transparente-250-gr.html,higiene-y-cuidado-personal,Xtreme Gel Transparente 250 Gr,,250 g,g,12,265.2,22.1,2,22.1,MXN,,pieza=25.5; caja=265.2x12; envio $70 / gratis $1100,8864
Scorpion,mayorista,2026-08-18,https://www.scorpion.com.mx/tienda/jabon-de-tocador-palmolive-naturals-aloe-y-oliva-barra-120-g-8-pzas.html,higiene-y-cuidado-personal,Jabón de Tocador Palmolive Naturals Aloe y Oliva Barra 120 g 8 pzas,,120 g,g,8,909.6,113.7,2,113.7,MXN,,pieza=130.9; caja=909.6x8; envio $70 / gratis $1100,5271
Scorpion,mayorista,2026-08-18,https://www.scorpion.com.mx/tienda/colgate-triple-accion-pasta-dental-whitening-50-ml.html,higiene-y-cuidado-personal,"Colgate Triple acción pasta dental Whitening , 50 ml",,50 ml,ml,144,2476.8,17.2,2,17.2,MXN,,pieza=19.9; caja=2476.8x144; envio $70 / gratis $1100,5163
Scorpion,mayorista,2026-08-18,https://www.scorpion.com.mx/tienda/colgate-crema-dental-mfp-50-ml.html,higiene-y-cuidado-personal,Colgate Crema Dental Mfp 50 Ml,,50 ml,ml,48,840.0,17.5,3,17.5,MXN,,pieza=21.5; caja=840.0x48; envio $70 / gratis $1100,12939
Scorpion,mayorista,2026-08-18,https://www.scorpion.com.mx/tienda/papel-higienico-hortensia-mega-rosa-450-hojas-dobles-4-piezas.html,higiene-y-cuidado-personal,Papel Hig. Hortensia Mega Rosa 450 Hojas 4 pz,,4 pza,pza,80,530.0,6.625,3,26.5,MXN,,pieza=31.5; caja=530.0x20; envio $70 / gratis $1100,8495
Scorpion,mayorista,2026-08-18,https://www.scorpion.com.mx/tienda/toalla-saba-fem-invisible-con-alas-10-pz-26270.html,higiene-y-cuidado-personal,Toalla Saba Fem Invisible Con Alas 10 pz,,10 pza,pza,120,220.8,1.84,3,18.4,MXN,,pieza=21.5; caja=220.8x12; envio $70 / gratis $1100,14321
Scorpion,mayorista,2026-08-18,https://www.scorpion.com.mx/tienda/papel-higienico-elite-big-roll-550-hojas-paquete-con-6-rollos.html,higiene-y-cuidado-personal,Papel Higiénico Big Roll 550 Hojas 6 Rollos,,,pza,8,374.4,46.8,3,46.8,MXN,,pieza=53.9; caja=374.4x8; envio $70 / gratis $1100,5468
Scorpion,mayorista,2026-08-18,https://www.scorpion.com.mx/tienda/papel-higi-nico-suavel-200-4-pz-3787.html,higiene-y-cuidado-personal,Papel Higiénico Suavel 200 4 pz,,4 pza,pza,48,202.8,4.225,3,16.9,MXN,,pieza=18.9; caja=202.8x12; envio $70 / gratis $1100,25248
Scorpion,mayorista,2026-08-18,https://www.scorpion.com.mx/tienda/pasta-dental-colgate-triple-accion-menta-original-75-ml.html,higiene-y-cuidado-personal,Pasta Dental Colgate Triple Acción Menta Original 75 ml,,75 ml,ml,72,1605.6,22.3,2,22.3,MXN,,pieza=25.9; caja=1605.6x72; envio $70 / gratis $1100,5159
Scorpion,mayorista,2026-08-18,https://www.scorpion.com.mx/tienda/gel-para-caballero-ego-diez-200-mililitros.html,higiene-y-cuidado-personal,Gel Para Caballero Ego Magnetic 200 ml,,200 ml,ml,12,230.4,19.2,2,19.2,MXN,,pieza=22.5; caja=230.4x12; envio $70 / gratis $1100,5311
Scorpion,mayorista,2026-08-18,https://www.scorpion.com.mx/tienda/escudo-jabon-de-tocador-proteccion-formula-original-azul-135-gr-28260.html,higiene-y-cuidado-personal,Escudo Jabon de Tocador Proteccion Formula Original Azul 135 gr,,135 g,g,72,993.6,13.8,3,13.8,MXN,,pieza=15.9; caja=993.6x72; envio $70 / gratis $1100,26105
Scorpion,mayorista,2026-08-18,https://www.scorpion.com.mx/tienda/papel-higienico-elite-color-287-hojas-paquete-con-4-rollos.html,higiene-y-cuidado-personal,Papel Higiénico Elite Clásico Color 287 Hojas 4 Rollos,,,pza,10,238.0,23.8,3,23.8,MXN,,pieza=28.9; caja=238.0x10; envio $70 / gratis $1100,5467
Scorpion,mayorista,2026-08-18,https://www.scorpion.com.mx/tienda/jabon-de-tocador-palmolive-naturals-lavanda-y-crema-en-barra-de-120-g.html,higiene-y-cuidado-personal,Jabón de Tocador Palmolive Naturals Lavanda y Crema en Barra de 120 g,,120 g,g,72,1317.6,18.3,2,18.3,MXN,,pieza=21.5; caja=1317.6x72; envio $70 / gratis $1100,5290
Scorpion,mayorista,2026-08-18,https://www.scorpion.com.mx/tienda/jabon-de-tocador-palmolive-naturals-yoghurt-y-frutas-en-barra-de-120-g.html,higiene-y-cuidado-personal,Jabón de Tocador Palmolive Naturals Yoghurt y Frutas en Barra de 120 g,,120 g,g,72,1317.6,18.3,2,18.3,MXN,,pieza=21.5; caja=1317.6x72; envio $70 / gratis $1100,5286
Scorpion,mayorista,2026-08-18,https://www.scorpion.com.mx/tienda/delicatto-papel-higienico-400-4-pz-27818.html,higiene-y-cuidado-personal,Delicatto Papel Higienico 400 4 pz,,4 pza,pza,80,472.0,5.9,3,23.6,MXN,,pieza=27.5; caja=472.0x20; envio $70 / gratis $1100,25129
Scorpion,mayorista,2026-08-18,https://www.scorpion.com.mx/tienda/jabon-tersso-de-tocador-hipoalerganico-200-gramos.html,higiene-y-cuidado-personal,Jabon Tersso de Tocador Hipoalerganico 200 gr,,200 g,g,30,510.0,17.0,2,17.0,MXN,,pieza=19.9; caja=510.0x30; envio $70 / gratis $1100,5276
Scorpion,mayorista,2026-08-18,https://www.scorpion.com.mx/tienda/jabon-en-barra-palmolive-naturals-aloe-y-oliva-150-g.html,higiene-y-cuidado-personal,Jabón en Barra Palmolive Naturals Aloe y Oliva 120 g,,120 g,g,72,1317.6,18.3,2,18.3,MXN,,pieza=21.5; caja=1317.6x72; envio $70 / gratis $1100,5288
Scorpion,mayorista,2026-08-18,https://www.scorpion.com.mx/tienda/pasta-dental-colgate-maxima-proteccion-anticaries-75-ml.html,higiene-y-cuidado-personal,Pasta Dental Colgate Máxima Protección Anticaries 75 ml,,75 ml,ml,72,1800.0,25.0,2,25.0,MXN,,pieza=28.9; caja=1800.0x72; envio $70 / gratis $1100,5160
Scorpion,mayorista,2026-08-18,https://www.scorpion.com.mx/tienda/pasta-dental-colgate-maxima-proteccion-anticaries-familiar-90-ml.html,higiene-y-cuidado-personal,Pasta Dental Colgate Máxima Protección Anticaries Familiar 90 ml,,90 ml,ml,72,2102.4,29.2,3,29.2,MXN,,pieza=33.9; caja=2102.4x72; envio $70 / gratis $1100,5161
Scorpion,mayorista,2026-08-18,https://www.scorpion.com.mx/tienda/gel-ego-attraction-200-mililitros.html,higiene-y-cuidado-personal,Gel Ego Attraction 200 ml,,200 ml,ml,12,230.4,19.2,2,19.2,MXN,,pieza=22.5; caja=230.4x12; envio $70 / gratis $1100,7075
Scorpion,mayorista,2026-08-18,https://www.scorpion.com.mx/tienda/toalla-de-papel-big-quality-180-hojas.html,higiene-y-cuidado-personal,Toalla de Papel Big Quality 180 Hojas,,,pza,24,508.8,21.2,3,21.2,MXN,,pieza=25.5; caja=508.8x24; envio $70 / gratis $1100,5555
Scorpion,mayorista,2026-08-18,https://www.scorpion.com.mx/tienda/papel-higi-nico-premier-600-hoja-doble-4-pz-22815.html,higiene-y-cuidado-personal,Papel Higiénico Premier 600 Hoja Doble 4 pz,,4 pza,pza,40,407.0,10.175,3,40.7,MXN,,pieza=44.2; caja=407.0x10; envio $70 / gratis $1100,26091
Scorpion,mayorista,2026-08-18,https://www.scorpion.com.mx/tienda/toalla-femenina-saba-buenas-noches-extra-nocturna-con-alas-paquete-con-8-piezas.html,higiene-y-cuidado-personal,Toalla Saba Fem Buenas Noches Con Alas 8 pz,,8 pza,pza,112,355.6,3.175,3,25.4,MXN,,pieza=28.9; caja=355.6x14; envio $70 / gratis $1100,5428
Scorpion,mayorista,2026-08-18,https://www.scorpion.com.mx/tienda/dove-bs-bar-reg-fbx-90-gr-26466.html,higiene-y-cuidado-personal,Dove Bs Bar Reg Fbx 90 gr,,90 g,g,48,993.6,20.7,3,20.7,MXN,,pieza=23.9; caja=993.6x48; envio $70 / gratis $1100,14328
Scorpion,mayorista,2026-08-18,https://www.scorpion.com.mx/tienda/jabon-rosa-venus-de-tocador-rosa-200-gramos.html,higiene-y-cuidado-personal,Jabon Rosa Venus de Tocador Rosa 200 gr,,200 g,g,30,495.0,16.5,2,16.5,MXN,,pieza=18.9; caja=495.0x30; envio $70 / gratis $1100,5274
Scorpion,mayorista,2026-08-18,https://www.scorpion.com.mx/tienda/tp-colgate-tr-act-ext-whitng-125-ml.html,higiene-y-cuidado-personal,Tp Colgate Tr Act Ext Whitng 125 Ml,,125 ml,ml,48,1372.8,28.6,3,28.6,MXN,,pieza=32.9; caja=1372.8x48; envio $70 / gratis $1100,12917
Scorpion,mayorista,2026-08-18,https://www.scorpion.com.mx/tienda/shampoo-caprice-especialidades-fuerza-acti-ceramidas-de-200-ml.html,higiene-y-cuidado-personal,Shampoo Caprice Especialidades Fuerza Acti-Ceramidas de 200 ml,,200 ml,ml,15,190.5,12.7,2,12.7,MXN,,pieza=14.9; caja=190.5x15; envio $70 / gratis $1100,7959
Scorpion,mayorista,2026-08-18,https://www.scorpion.com.mx/tienda/jabon-zest-neutro-de-tocador-150-gr-iva-incluido.html,higiene-y-cuidado-personal,Jabón ZEST Neutro de Tocador 135 gr,,135 g,g,72,1123.2,15.6,2,15.6,MXN,,pieza=17.9; caja=1123.2x72; envio $70 / gratis $1100,5279
Scorpion,mayorista,2026-08-18,https://www.scorpion.com.mx/tienda/papel-higienico-delicatto-500-hd-6pz-27836.html,higiene-y-cuidado-personal,Papel Higienico Delicatto 500 hd 6pz,,6 pza,pza,48,289.6,6.0333,2,36.2,MXN,,pieza=41.9; caja=289.6x8; envio $70 / gratis $1100,25151
Scorpion,mayorista,2026-08-18,https://www.scorpion.com.mx/tienda/jabon-de-tocador-palmolive-neutro-balance-180-gr-28824.html,higiene-y-cuidado-personal,Jabon de tocador Palmolive Neutro Balance 180 gr,,180 g,g,72,1972.8,27.4,3,27.4,MXN,,pieza=31.9; caja=1972.8x72; envio $70 / gratis $1100,25730
Scorpion,mayorista,2026-08-18,https://www.scorpion.com.mx/tienda/pantene-mini-100-mililitros.html,higiene-y-cuidado-personal,Shampoo Pantene Pro-V Restauración 100 ml,,100 ml,ml,24,388.8,16.2,3,16.2,MXN,,pieza=18.9; caja=388.8x24; envio $70 / gratis $1100,7080
Scorpion,mayorista,2026-08-18,https://www.scorpion.com.mx/tienda/toalla-femenina-kotex-anatomica-con-alas-paquete-con-10-piezas.html,higiene-y-cuidado-personal,Toalla Femenina Kotex Anatómica con Alas Paquete con 10 Piezas,,10 pza,pza,100,167.0,1.67,3,16.7,MXN,,pieza=19.5; caja=167.0x10; envio $70 / gratis $1100,5404
Scorpion,mayorista,2026-08-18,https://www.scorpion.com.mx/tienda/palmolive-optims-shampoo-nivel-4-10-ml-2-piezas.html,higiene-y-cuidado-personal,"Palmolive Optims Shampoo Nivel 4, 10 ml 2 piezas",,10 ml,ml,5,329.5,65.9,2,65.9,MXN,,pieza=75.9; caja=329.5x5; envio $70 / gratis $1100,7527
Scorpion,mayorista,2026-08-18,https://www.scorpion.com.mx/tienda/toalla-femenina-naturella-manz-regular-s-a-con-8pz.html,higiene-y-cuidado-personal,Toalla Femenina Naturella Man. Sin Alas 8 pzs,,,pza,12,150.0,12.5,3,12.5,MXN,,pieza=14.5; caja=150.0x12; envio $70 / gratis $1100,5432
Scorpion,mayorista,2026-08-18,https://www.scorpion.com.mx/tienda/toalla-femenina-naturella-flujo-moderado-con-alas-paquete-con-8-piezas.html,higiene-y-cuidado-personal,Toalla Fem Naturella Flujo Moder Con Alas Paq 8 pz,,8 pza,pza,80,136.0,1.7,3,13.6,MXN,,pieza=15.9; caja=136.0x10; envio $70 / gratis $1100,5408
Scorpion,mayorista,2026-08-18,https://www.scorpion.com.mx/tienda/toalla-femenina-naturella-nocturna-con-alas-paquete-con-8-piezas.html,higiene-y-cuidado-personal,Toalla Fem Naturella Nocturna con Alas Paq 8 pz,,8 pza,pza,96,265.2,2.7625,3,22.1,MXN,,pieza=25.5; caja=265.2x12; envio $70 / gratis $1100,5423
Scorpion,mayorista,2026-08-18,https://www.scorpion.com.mx/tienda/jabon-de-tocador-rosa-venus-blanco-150-gr-26397.html,higiene-y-cuidado-personal,Jabon De Tocador Rosa Venus Blanco 150 gr.,,150 g,g,40,500.0,12.5,3,12.5,MXN,,pieza=14.5; caja=500.0x40; envio $70 / gratis $1100,13835
Scorpion,mayorista,2026-08-18,https://www.scorpion.com.mx/tienda/colgate-premier-clean-cepillo-dental-12-piezas.html,higiene-y-cuidado-personal,"Colgate Premier Clean Cepillo dental, 12 piezas",,12 pza,pza,72,698.4,9.7,2,116.4,MXN,,pieza=133.9; caja=698.4x6; envio $70 / gratis $1100,5156
Scorpion,mayorista,2026-08-18,https://www.scorpion.com.mx/tienda/shampoo-caprice-naturals-aceite-herbal-aroma-duradero-y-brillo-de-200-ml.html,higiene-y-cuidado-personal,Shampoo Caprice Naturals Aceite Herbal Aroma Duradero y Brillo de 200 ml,,200 ml,ml,15,190.5,12.7,2,12.7,MXN,,pieza=14.9; caja=190.5x15; envio $70 / gratis $1100,8505
Scorpion,mayorista,2026-08-18,https://www.scorpion.com.mx/tienda/kotex-toalla-nocturna-c-alas-8-pz.html,higiene-y-cuidado-personal,Kotex Toalla Nocturna Con Alas Con 8 Pz,,8 pza,pza,80,216.0,2.7,3,21.6,MXN,,pieza=25.9; caja=216.0x10; envio $70 / gratis $1100,8380
Scorpion,mayorista,2026-08-18,https://www.scorpion.com.mx/tienda/toallas-higienicas-always-seca-noches-tranquilas-8-unidades-19248.html,higiene-y-cuidado-personal,Toallas Higienicas Always Seca Noches Tranquilas 8 Unidades,,,pza,12,312.0,26.0,3,26.0,MXN,,pieza=29.9; caja=312.0x12; envio $70 / gratis $1100,25043
Scorpion,mayorista,2026-08-18,https://www.scorpion.com.mx/tienda/shampoo-head-shoulders-limpieza-renovadora-90-mililitros.html,higiene-y-cuidado-personal,Shampoo Head & Shoulders Limpieza Renov 90 ml,,90 ml,ml,24,388.8,16.2,2,16.2,MXN,,pieza=18.9; caja=388.8x24; envio $70 / gratis $1100,6922
Scorpion,mayorista,2026-08-18,https://www.scorpion.com.mx/tienda/oral-b-100-pasta-dental-50-ml.html,higiene-y-cuidado-personal,Oral B 100 Pasta Dental 50 Ml,,50 ml,ml,24,499.2,20.8,3,20.8,MXN,,pieza=23.9; caja=499.2x24; envio $70 / gratis $1100,12869
Scorpion,mayorista,2026-08-18,https://www.scorpion.com.mx/tienda/shampoo-palmolive-optims-2-en-1-nivel-4-extra-intensivo-200-ml.html,higiene-y-cuidado-personal,Shampoo Palmolive Optims 2 en 1 Nivel 4 Extra Intensivo 200 ml,,200 ml,ml,12,285.6,23.8,2,23.8,MXN,,pieza=27.5; caja=285.6x12; envio $70 / gratis $1100,5355
Scorpion,mayorista,2026-08-18,https://www.scorpion.com.mx/tienda/gillette-desodorante-gel-coolwave-de-82-gr.html,higiene-y-cuidado-personal,Gillette Desodorante Gel Coolwave de 82 Gr,,82 g,g,12,812.4,67.7,2,67.7,MXN,,pieza=77.9; caja=812.4x12; envio $70 / gratis $1100,7724
Scorpion,mayorista,2026-08-18,https://www.scorpion.com.mx/tienda/kotex-rosa-nocturna-con-alas-8-3-pz-27501.html,higiene-y-cuidado-personal,Kotex Rosa Nocturna Con Alas 8+3 Pz,,3 pza,pza,30,200.0,6.6667,3,20.0,MXN,,pieza=22.9; caja=200.0x10; envio $70 / gratis $1100,24142
Scorpion,mayorista,2026-08-18,https://www.scorpion.com.mx/tienda/palmolive-caprice-especialidades-fuerza-crecimiento-biotina-200-ml.html,higiene-y-cuidado-personal,"Palmolive Caprice Especialidades Fuerza crecimiento Biotina , 200 ml",,200 ml,ml,15,190.5,12.7,2,12.7,MXN,,pieza=14.9; caja=190.5x15; envio $70 / gratis $1100,7958
Scorpion,mayorista,2026-08-18,https://www.scorpion.com.mx/tienda/jabon-de-tocador-palmolive-neutro-balance-dermolimpiador-8-pzas-de-100-g.html,higiene-y-cuidado-personal,Jabón de Tocador Palmolive Neutro Balance Dermolimpiador 8 pzas de 100 g,,100 g,g,12,1466.4,122.2,2,122.2,MXN,,pieza=140.9; caja=1466.4x12; envio $70 / gratis $1100,5285
Scorpion,mayorista,2026-08-18,https://www.scorpion.com.mx/tienda/toalla-femenina-saba-intima-regular-sin-alas-paquete-con-10-piezas.html,higiene-y-cuidado-personal,Toalla Femenina Saba Intima Regular Sin Alas Paquete con 10 Piezas,,10 pza,pza,140,156.8,1.12,3,11.2,MXN,,pieza=12.9; caja=156.8x14; envio $70 / gratis $1100,5436
Scorpion,mayorista,2026-08-18,https://www.scorpion.com.mx/tienda/neutro-balance-dermolimp-bs-po-100-gr-26545.html,higiene-y-cuidado-personal,Neutro Balance Dermolimp Bs Po 100 gr,,100 g,g,48,888.0,18.5,3,18.5,MXN,,pieza=21.5; caja=888.0x48; envio $70 / gratis $1100,14122
Scorpion,mayorista,2026-08-18,https://www.scorpion.com.mx/tienda/papel-higienico-cottonelle-elegance-16pz-28321.html,higiene-y-cuidado-personal,Papel Higienico Cottonelle Elegance 16pz,,16 pza,pza,16,94.9,5.9313,1,,MXN,,pieza=94.9; caja=NonexNone; envio $70 / gratis $1100,25232
Scorpion,mayorista,2026-08-18,https://www.scorpion.com.mx/tienda/toalla-femenina-kotex-manzanilla-anatomica-con-alas-paquete-con-10-piezas.html,higiene-y-cuidado-personal,Toalla Femenina Kotex Manzanilla Anatómica con Alas Paquete con 10 Piezas,,10 pza,pza,100,154.0,1.54,3,15.4,MXN,,pieza=17.9; caja=154.0x10; envio $70 / gratis $1100,5405
Scorpion,mayorista,2026-08-18,https://www.scorpion.com.mx/tienda/toalla-femenina-kotex-manzanilla-nocturna-con-alas-paquete-con-10-piezas.html,higiene-y-cuidado-personal,Toalla Femenina Kotex Manzanilla Nocturna con Alas Paquete con 10 Piezas,,10 pza,pza,80,156.8,1.96,3,19.6,MXN,,pieza=22.9; caja=156.8x8; envio $70 / gratis $1100,5421
Scorpion,mayorista,2026-08-18,https://www.scorpion.com.mx/tienda/regio-servitoalla-rinde-250-hd-26382.html,higiene-y-cuidado-personal,Toalla de papel Regio Rinde+ 250 Hd,,,pza,8,192.8,24.1,3,24.1,MXN,,pieza=27.9; caja=192.8x8; envio $70 / gratis $1100,13821
Scorpion,mayorista,2026-08-18,https://www.scorpion.com.mx/tienda/shampoo-savile-colageno-180-mililitros.html,higiene-y-cuidado-personal,Shampoo Savilé Colageno 180 ml,,180 ml,ml,12,186.0,15.5,2,15.5,MXN,,pieza=17.9; caja=186.0x12; envio $70 / gratis $1100,5376
Scorpion,mayorista,2026-08-18,https://www.scorpion.com.mx/tienda/jabon-de-tocador-rosa-venus-avena-150-gr-26403.html,higiene-y-cuidado-personal,Jabon De Tocador Rosa Venus Avena 150 gr,,150 g,g,40,500.0,12.5,3,12.5,MXN,,pieza=14.5; caja=500.0x40; envio $70 / gratis $1100,13841
Scorpion,mayorista,2026-08-18,https://www.scorpion.com.mx/tienda/toalla-femenina-kotex-clasica-sin-alas-paquete-con-10-piezas.html,higiene-y-cuidado-personal,Toalla Femenina Kotex Clásica Sin Alas Paquete con 10 Piezas,,10 pza,pza,120,208.8,1.74,3,17.4,MXN,,pieza=21.5; caja=208.8x12; envio $70 / gratis $1100,5430
Scorpion,mayorista,2026-08-18,https://www.scorpion.com.mx/tienda/vanart-clasico-shampoo-duo-750ml-20770.html,higiene-y-cuidado-personal,Vanart Clasico Shampoo Duo 750ml,,750 ml,ml,12,432.0,36.0,2,36.0,MXN,,pieza=41.5; caja=432.0x12; envio $70 / gratis $1100,25391
Scorpion,mayorista,2026-08-18,https://www.scorpion.com.mx/tienda/toalla-femenina-saba-teens-nocturna-con-alas-paquete-con-10-piezas.html,higiene-y-cuidado-personal,Toalla Femenina Saba Teens Nocturna con Alas Paquete con 10 Piezas,,10 pza,pza,120,360.0,3.0,3,30.0,MXN,,pieza=34.5; caja=360.0x12; envio $70 / gratis $1100,5417
Scorpion,mayorista,2026-08-18,https://www.scorpion.com.mx/tienda/colgate-premier-clean-cepillo-dental-6-piezas.html,higiene-y-cuidado-personal,Colgate Cepillo Dental Premier Clean 6 Pz,,6 pza,pza,30,407.5,13.5833,2,81.5,MXN,,pieza=93.9; caja=407.5x5; envio $70 / gratis $1100,8776
Scorpion,mayorista,2026-08-18,https://www.scorpion.com.mx/tienda/desodorante-axe-en-aerosol-fusion-96-mililitros.html,higiene-y-cuidado-personal,Axe Desodorante Aerosol Bs Fusion 150 Ml,,150 ml,ml,12,777.6,64.8,2,64.8,MXN,,pieza=74.9; caja=777.6x12; envio $70 / gratis $1100,5194
Scorpion,mayorista,2026-08-18,https://www.scorpion.com.mx/tienda/toalla-femenina-saba-ultra-nocturna-con-alas-paquete-con-10-piezas.html,higiene-y-cuidado-personal,Toalla Femenina Saba Ultra Nocturna con Alas Paquete con 10 Piezas,,10 pza,pza,120,375.6,3.13,3,31.3,MXN,,pieza=35.9; caja=375.6x12; envio $70 / gratis $1100,5419
Scorpion,mayorista,2026-08-18,https://www.scorpion.com.mx/tienda/papel-higienico-kleenex-cottonelle-280-hd-8pz-28320.html,higiene-y-cuidado-personal,Papel Higienico Kleenex Cottonelle 280 Hd 8pz,,8 pza,pza,40,426.0,10.65,3,85.2,MXN,,pieza=100.9; caja=426.0x5; envio $70 / gratis $1100,25230
Scorpion,mayorista,2026-08-18,https://www.scorpion.com.mx/tienda/desodorante-axe-aer-apollo-97g-iva-incluido.html,higiene-y-cuidado-personal,Axe Desodorante Aerosol Bs Apollo 150 Ml,,150 ml,ml,12,777.6,64.8,2,64.8,MXN,,pieza=74.9; caja=777.6x12; envio $70 / gratis $1100,5196
Scorpion,mayorista,2026-08-18,https://www.scorpion.com.mx/tienda/desodorante-stefano-aerosol-spazio-159-ml.html,higiene-y-cuidado-personal,Desodorante Stefano Aerosol Spazio 159 Ml,,159 ml,ml,12,538.8,44.9,2,44.9,MXN,,pieza=51.9; caja=538.8x12; envio $70 / gratis $1100,7793
Scorpion,mayorista,2026-08-18,https://www.scorpion.com.mx/tienda/p-talo-rendimax-papel-higi-nico-320-hojas-dobles-24968.html,higiene-y-cuidado-personal,Pétalo Rendimax Papel Higiénico 320 Hojas Dobles,,,pza,5,349.0,69.8,3,69.8,MXN,,pieza=83.9; caja=349.0x5; envio $70 / gratis $1100,25983
Scorpion,mayorista,2026-08-18,https://www.scorpion.com.mx/tienda/shampoo-head-shoulders-limpieza-renovadora-paquete-con-24-sobres-de-10-ml.html,higiene-y-cuidado-personal,Shampoo Head & Shoulders Limpieza Renovadora Paquete Con 24 Sobres De 10 Ml,,10 ml,ml,5,266.0,53.2,2,53.2,MXN,,pieza=61.5; caja=266.0x5; envio $70 / gratis $1100,5337
Scorpion,mayorista,2026-08-18,https://www.scorpion.com.mx/tienda/desodorante-axe-en-aerosol-conviction-150-mililitros.html,higiene-y-cuidado-personal,Desodorante Axe en Aerosol Conviction 150 ml,,150 ml,ml,12,777.6,64.8,2,64.8,MXN,,pieza=74.9; caja=777.6x12; envio $70 / gratis $1100,5192
Scorpion,mayorista,2026-08-18,https://www.scorpion.com.mx/tienda/16559.html,higiene-y-cuidado-personal,Axe Desodorante Aerosol Bs Young 150 Ml,,150 ml,ml,12,777.6,64.8,3,64.8,MXN,,pieza=74.9; caja=777.6x12; envio $70 / gratis $1100,5198
Scorpion,mayorista,2026-08-18,https://www.scorpion.com.mx/tienda/naturella-invisible-con-alas-8-pz-22927.html,higiene-y-cuidado-personal,Naturella Invisible Con Alas 8 pz,,8 pza,pza,128,272.0,2.125,2,17.0,MXN,,pieza=19.9; caja=272.0x16; envio $70 / gratis $1100,13764
Scorpion,mayorista,2026-08-18,https://www.scorpion.com.mx/tienda/shampoo-savile-liso-keratina-180-mililitros.html,higiene-y-cuidado-personal,Shampoo Savilé Liso Keratina 180 ml,,180 ml,ml,12,186.0,15.5,2,15.5,MXN,,pieza=17.9; caja=186.0x12; envio $70 / gratis $1100,5371
Scorpion,mayorista,2026-08-18,https://www.scorpion.com.mx/tienda/lirio-jabon-avena-150-gr.html,higiene-y-cuidado-personal,Lirio Jabon Avena 150 Gr,,150 g,g,50,955.0,19.1,2,19.1,MXN,,pieza=21.9; caja=955.0x50; envio $70 / gratis $1100,13046
Scorpion,mayorista,2026-08-18,https://www.scorpion.com.mx/tienda/shampoo-vanart-cl-sico-hierbas-750-ml-17783.html,higiene-y-cuidado-personal,Shampoo Vanart Clásico Hierbas 750 ml,,750 ml,ml,12,330.0,27.5,2,27.5,MXN,,pieza=29.9; caja=330.0x12; envio $70 / gratis $1100,25311
Scorpion,mayorista,2026-08-18,https://www.scorpion.com.mx/tienda/jabon-dove-de-tocador-blanco-135-gramos.html,higiene-y-cuidado-personal,Jabon Dove de Tocador Blanco 135 gr,,135 g,g,48,1848.0,38.5,2,38.5,MXN,,pieza=44.5; caja=1848.0x48; envio $70 / gratis $1100,5263
Scorpion,mayorista,2026-08-18,https://www.scorpion.com.mx/tienda/desodorante-axe-en-aerosol-anarchy-fw-96-mililitros.html,higiene-y-cuidado-personal,Axe Desodorante Aerosol Bs Anarchy Fw 150 Ml,,150 ml,ml,12,918.0,76.5,3,76.5,MXN,,pieza=87.9; caja=918.0x12; envio $70 / gratis $1100,5193
Scorpion,mayorista,2026-08-18,https://www.scorpion.com.mx/tienda/shampoo-head-shoulders-suave-y-manejable-2-en-1-90-mililitros.html,higiene-y-cuidado-personal,Shampoo Head & Shoulders Suave Y Manej 2en1 90 ml,,90 ml,ml,24,388.8,16.2,2,16.2,MXN,,pieza=18.9; caja=388.8x24; envio $70 / gratis $1100,5348
Scorpion,mayorista,2026-08-18,https://www.scorpion.com.mx/tienda/desodorante-rexona-powder-dry-45-gramos.html,higiene-y-cuidado-personal,Desodorante Rexona Powder Dry 45 gr,,45 g,g,12,688.8,57.4,2,57.4,MXN,,pieza=66.5; caja=688.8x12; envio $70 / gratis $1100,8179
Scorpion,mayorista,2026-08-18,https://www.scorpion.com.mx/tienda/papel-higienico-regio-r3-190-hojas-paquete-con-18-rollos.html,higiene-y-cuidado-personal,Papel Higiénico Regio R3 190 Hojas 18 Rollos,,,pza,4,776.8,194.2,2,194.2,MXN,,pieza=213.9; caja=776.8x4; envio $70 / gratis $1100,5481
Scorpion,mayorista,2026-08-18,https://www.scorpion.com.mx/tienda/toalla-femenina-kotex-u-unika-nocturna-con-alas-paquete-con-10-piezas.html,higiene-y-cuidado-personal,Toalla Femenina Kotex U Unika Nocturna con Alas Paquete con 10 Piezas,,10 pza,pza,80,214.4,2.68,3,26.8,MXN,,pieza=30.9; caja=214.4x8; envio $70 / gratis $1100,5422
Scorpion,mayorista,2026-08-18,https://www.scorpion.com.mx/tienda/secret-desodorante-clear-gel-powder-protect-45-gr.html,higiene-y-cuidado-personal,Secret Desodorante Clear Gel Powder Protect 45 Gr,,45 g,g,12,567.6,47.3,2,47.3,MXN,,pieza=51.4; caja=567.6x12; envio $70 / gratis $1100,8810
Scorpion,mayorista,2026-08-18,https://www.scorpion.com.mx/tienda/jabon-lirio-c-p-pouch-coco-liquido-500-ml.html,higiene-y-cuidado-personal,Jabon Lirio C&P Pouch Coco Liquido 500 Ml,,500 ml,ml,12,345.6,28.8,3,28.8,MXN,,pieza=33.5; caja=345.6x12; envio $70 / gratis $1100,12957
Scorpion,mayorista,2026-08-18,https://www.scorpion.com.mx/tienda/sedal-shampoo-rizos-definidos-180-ml-26998.html,higiene-y-cuidado-personal,Sedal Shampoo Rizos Definidos 180 ml,,180 ml,ml,12,207.6,17.3,3,17.3,MXN,,pieza=19.9; caja=207.6x12; envio $70 / gratis $1100,23192
Scorpion,mayorista,2026-08-18,https://www.scorpion.com.mx/tienda/desodorante-rexona-active-emotion-45-gramos.html,higiene-y-cuidado-personal,Desodorante Rexona Active Emotion 45 gr,,45 g,g,12,694.8,57.9,2,57.9,MXN,,pieza=66.9; caja=694.8x12; envio $70 / gratis $1100,8180
Scorpion,mayorista,2026-08-18,https://www.scorpion.com.mx/tienda/antitranspirante-lady-speed-stick-cool-green-en-aerosol-91-g.html,higiene-y-cuidado-personal,Lady Speed Stick Desodorante Cool Green Spray 91 G,,91 g,g,12,494.4,41.2,2,41.2,MXN,,pieza=47.5; caja=494.4x12; envio $70 / gratis $1100,8729
Scorpion,mayorista,2026-08-18,https://www.scorpion.com.mx/tienda/shampoo-biotina-700ml-iva-incluido.html,higiene-y-cuidado-personal,SHAMPOO BIOTINA 700 ML,,700 ml,ml,12,770.4,64.2,2,64.2,MXN,,pieza=73.9; caja=770.4x12; envio $70 / gratis $1100,5379
Scorpion,mayorista,2026-08-18,https://www.scorpion.com.mx/tienda/shampoo-2-en-1-palmolive-optims-nivel-4-acondicionamiento-extra-intensivo-de-400-ml.html,higiene-y-cuidado-personal,Shampoo 2 en 1 Palmolive Optims Nivel 4 Acondicionamiento Extra Intensivo de 400 ml,,400 ml,ml,12,556.8,46.4,2,46.4,MXN,,pieza=53.5; caja=556.8x12; envio $70 / gratis $1100,5354
Scorpion,mayorista,2026-08-18,https://www.scorpion.com.mx/tienda/shampoo-savile-control-caida-2-en-1-700-mililitros.html,higiene-y-cuidado-personal,Shampoo Savilé Control Caída 2 en 1 700 ml,,700 ml,ml,12,770.4,64.2,2,64.2,MXN,,pieza=73.9; caja=770.4x12; envio $70 / gratis $1100,5369
Scorpion,mayorista,2026-08-18,https://www.scorpion.com.mx/tienda/shampoo-caprice-especialidades-fuerza-acti-ceramidas-750-ml.html,higiene-y-cuidado-personal,Shampoo Caprice Especialidades Fuerza Acti-ceramidas 750 ml,,750 ml,ml,12,553.2,46.1,2,46.1,MXN,,pieza=53.5; caja=553.2x12; envio $70 / gratis $1100,7088
Scorpion,mayorista,2026-08-18,https://www.scorpion.com.mx/tienda/desodorante-old-spice-areosol-fresh-de-96-gramos.html,higiene-y-cuidado-personal,Desodorante Old Spice Areosol Fresh de 96 gr,,96 g,g,12,781.2,65.1,2,65.1,MXN,,pieza=74.9; caja=781.2x12; envio $70 / gratis $1100,7722
Scorpion,mayorista,2026-08-18,https://www.scorpion.com.mx/tienda/lirio-jabon-derma-150-gr.html,higiene-y-cuidado-personal,Lirio Jabon Derma 150 Gr,,150 g,g,50,955.0,19.1,2,19.1,MXN,,pieza=21.9; caja=955.0x50; envio $70 / gratis $1100,13043
Scorpion,mayorista,2026-08-18,https://www.scorpion.com.mx/tienda/oral-b-3d-white-53-ml-26251.html,higiene-y-cuidado-personal,Oral B 3D White 53 ml,,53 ml,ml,24,597.6,24.9,2,24.9,MXN,,pieza=28.9; caja=597.6x24; envio $70 / gratis $1100,13697
Scorpion,mayorista,2026-08-18,https://www.scorpion.com.mx/tienda/shampoo-pantene-cuidado-clasico-2-en-1-200-mililitros.html,higiene-y-cuidado-personal,Shampoo Pantene Cuidado Clásico 2 en 1 200 ml,,200 ml,ml,12,488.4,40.7,2,40.7,MXN,,pieza=44.2; caja=488.4x12; envio $70 / gratis $1100,5361
Scorpion,mayorista,2026-08-18,https://www.scorpion.com.mx/tienda/desodorante-stefano-black-en-aerosol-de-159-ml.html,higiene-y-cuidado-personal,Desodorante Stefano Black en Aerosol de 159 ml,,159 ml,ml,12,538.8,44.9,2,44.9,MXN,,pieza=51.9; caja=538.8x12; envio $70 / gratis $1100,7711
Scorpion,mayorista,2026-08-18,https://www.scorpion.com.mx/tienda/lirio-jabon-liquido-coco-500-ml.html,higiene-y-cuidado-personal,Lirio Jabon Liquido Coco 500 Ml,,500 ml,ml,12,456.0,38.0,2,38.0,MXN,,pieza=43.9; caja=456.0x12; envio $70 / gratis $1100,13042
Scorpion,mayorista,2026-08-18,https://www.scorpion.com.mx/tienda/desodorante-rexona-en-aerosol-power-mujer-90-mililitros.html,higiene-y-cuidado-personal,Desodorante Rexona en Aerosol Power Mujer 150 ml,,150 ml,ml,12,883.2,73.6,2,73.6,MXN,,pieza=84.9; caja=883.2x12; envio $70 / gratis $1100,5243
Scorpion,mayorista,2026-08-18,https://www.scorpion.com.mx/tienda/prestobarba-ultragrip-rastrillo-tira-con-28-pz.html,higiene-y-cuidado-personal,Prestobarba Ultragrip Rastrillo Tira Con 28 Pz,,28 pza,pza,672,8872.8,13.2036,3,369.7,MXN,,pieza=425.5; caja=8872.8x24; envio $70 / gratis $1100,12899
Scorpion,mayorista,2026-08-18,https://www.scorpion.com.mx/tienda/desodorante-axe-en-aerosol-gold-temptation-96-mililitros.html,higiene-y-cuidado-personal,Axe Desodorante Aerosol Bs Gold Temtation 150 Ml,,150 ml,ml,12,777.6,64.8,2,64.8,MXN,,pieza=74.9; caja=777.6x12; envio $70 / gratis $1100,5195
Scorpion,mayorista,2026-08-18,https://www.scorpion.com.mx/tienda/crema-para-peinar-savile-liso-keratina-300-mililitros.html,higiene-y-cuidado-personal,Crema Para Peinar Savile Liso Keratina 300 ml,,300 ml,ml,12,397.2,33.1,3,33.1,MXN,,pieza=38.5; caja=397.2x12; envio $70 / gratis $1100,5301
Scorpion,mayorista,2026-08-18,https://www.scorpion.com.mx/tienda/crema-para-peinar-sedal-rizos-definidos-300-mililitros.html,higiene-y-cuidado-personal,Crema Para Peinar Sedal Rizos Definidos 300 ml,,300 ml,ml,12,678.0,56.5,2,56.5,MXN,,pieza=64.9; caja=678.0x12; envio $70 / gratis $1100,5303
Scorpion,mayorista,2026-08-18,https://www.scorpion.com.mx/tienda/crema-ponds-s-humectante-50-gramos.html,higiene-y-cuidado-personal,Crema Ponds S Humectante 50 gr,,50 g,g,24,787.2,32.8,2,32.8,MXN,,pieza=37.9; caja=787.2x24; envio $70 / gratis $1100,5184
Scorpion,mayorista,2026-08-18,https://www.scorpion.com.mx/tienda/shampoo-savile-liso-keratina-700-mililitros.html,higiene-y-cuidado-personal,Shampoo Savilé Liso Keratina 700 ml,,700 ml,ml,12,770.4,64.2,2,64.2,MXN,,pieza=73.9; caja=770.4x12; envio $70 / gratis $1100,5368
Scorpion,mayorista,2026-08-18,https://www.scorpion.com.mx/tienda/toalla-femenina-saba-confort-delgada-con-alas-paquete-con-10-piezas-3392.html,higiene-y-cuidado-personal,Toalla Femenina Saba Confort Delgada con Alas Paquete con 10 Piezas,,10 pza,pza,100,202.0,2.02,3,20.2,MXN,,pieza=22.0; caja=202.0x10; envio $70 / gratis $1100,25319
Scorpion,mayorista,2026-08-18,https://www.scorpion.com.mx/tienda/shampoo-head-shoulders-limpieza-renovadora-180-mililitros.html,higiene-y-cuidado-personal,Shampoo Head & Shoulders Limp. Renovad. 180 ml,,180 ml,ml,12,478.8,39.9,2,39.9,MXN,,pieza=45.9; caja=478.8x12; envio $70 / gratis $1100,5346
Scorpion,mayorista,2026-08-18,https://www.scorpion.com.mx/tienda/secret-desodorante-clear-gel-ph-balanced-45-gr.html,higiene-y-cuidado-personal,Desodorante Secret Clear Gel Ph Balanced 45 gr,,45 g,g,12,567.6,47.3,2,47.3,MXN,,pieza=51.4; caja=567.6x12; envio $70 / gratis $1100,8809
Scorpion,mayorista,2026-08-18,https://www.scorpion.com.mx/tienda/toalla-femenina-saba-confort-regular-sin-alas-paquete-con-10-piezas.html,higiene-y-cuidado-personal,Toalla Femenina Saba Confort Regular Sin Alas Paquete con 10 Piezas,,10 pza,pza,100,150.0,1.5,3,15.0,MXN,,pieza=17.5; caja=150.0x10; envio $70 / gratis $1100,5433
Scorpion,mayorista,2026-08-18,https://www.scorpion.com.mx/tienda/desodorante-speed-stick-fresh-en-barra-60-g.html,higiene-y-cuidado-personal,Desodorante Speed Stick Fresh en Barra 60 g,,60 g,g,12,613.2,51.1,2,51.1,MXN,,pieza=58.9; caja=613.2x12; envio $70 / gratis $1100,5253
Scorpion,mayorista,2026-08-18,https://www.scorpion.com.mx/tienda/shampoo-caprice-especialidades-fuerza-crecimiento-biotina-750-ml.html,higiene-y-cuidado-personal,Shampoo Caprice Especialidades Fuerza Crecimiento Biotina 750 ml,,750 ml,ml,12,553.2,46.1,2,46.1,MXN,,pieza=53.5; caja=553.2x12; envio $70 / gratis $1100,7092
Scorpion,mayorista,2026-08-18,https://www.scorpion.com.mx/tienda/shampoo-caprice-naturals-manzana-760-ml.html,higiene-y-cuidado-personal,Shampoo Caprice Naturals Manzana 760 mL,,760 ml,ml,12,589.2,49.1,2,49.1,MXN,,pieza=56.5; caja=589.2x12; envio $70 / gratis $1100,7083
Scorpion,mayorista,2026-08-18,https://www.scorpion.com.mx/tienda/toalla-femenina-saba-clip-regular-con-alas-paquete-con-10-piezas.html,higiene-y-cuidado-personal,Toalla Femenina Saba Clip Regular con Alas Paquete con 10 Piezas,,10 pza,pza,140,198.8,1.42,3,14.2,MXN,,pieza=16.5; caja=198.8x14; envio $70 / gratis $1100,5414
Scorpion,mayorista,2026-08-18,https://www.scorpion.com.mx/tienda/shampoo-head-shoulders-suave-y-manejable-2-en1-180-mililitros.html,higiene-y-cuidado-personal,Shampoo Head & Shoulders Suave Y Manej 180 ml,,180 ml,ml,12,478.8,39.9,2,39.9,MXN,,pieza=45.9; caja=478.8x12; envio $70 / gratis $1100,5349
Scorpion,mayorista,2026-08-18,https://www.scorpion.com.mx/tienda/toalla-femenina-saba-invisible-con-alas-paquete-con-42-piezas.html,higiene-y-cuidado-personal,Toalla Femenina Saba Invisible con Alas Paquete con 42 Piezas,,42 pza,pza,210,370.0,1.7619,2,74.0,MXN,,pieza=88.9; caja=370.0x5; envio $70 / gratis $1100,5435
Scorpion,mayorista,2026-08-18,https://www.scorpion.com.mx/tienda/desodorante-rexona-aerosol-ap-active-89-g-26470.html,higiene-y-cuidado-personal,Desodorante Rexona Aerosol Ap Active 89 g.,,89 g,g,12,624.0,52.0,2,52.0,MXN,,pieza=56.5; caja=624.0x12; envio $70 / gratis $1100,25194
Scorpion,mayorista,2026-08-18,https://www.scorpion.com.mx/tienda/shampoo-savile-argan-700-mililitros.html,higiene-y-cuidado-personal,Shampoo Savilé Argan 700 ml,,700 ml,ml,12,770.4,64.2,2,64.2,MXN,,pieza=73.9; caja=770.4x12; envio $70 / gratis $1100,5366
Scorpion,mayorista,2026-08-18,https://www.scorpion.com.mx/tienda/toalla-femenina-saba-buenas-noches-con-alas-paquete-con-24-piezas.html,higiene-y-cuidado-personal,Toalla Femenina Saba Buenas Noches con Alas Paquete con 24 Piezas,,24 pza,pza,144,387.6,2.6917,3,64.6,MXN,,pieza=74.5; caja=387.6x6; envio $70 / gratis $1100,5426
Scorpion,mayorista,2026-08-18,https://www.scorpion.com.mx/tienda/sedal-shampoo-hidratante-anti-nudos-620-ml-26994.html,higiene-y-cuidado-personal,Sedal Shampoo Hidratante Anti Nudos 620 ml,,620 ml,ml,12,897.6,74.8,3,74.8,MXN,,pieza=86.5; caja=897.6x12; envio $70 / gratis $1100,24765
Scorpion,mayorista,2026-08-18,https://www.scorpion.com.mx/tienda/16568.html,higiene-y-cuidado-personal,Axe Desodorante Aerosol Bs Dark Tempt 150 Ml,,150 ml,ml,12,777.6,64.8,3,64.8,MXN,,pieza=74.9; caja=777.6x12; envio $70 / gratis $1100,5203
Scorpion,mayorista,2026-08-18,https://www.scorpion.com.mx/tienda/desodorante-stefano-signature-play-en-aerosol-159-ml.html,higiene-y-cuidado-personal,Desodorante Stefano Signature Play en Aerosol 159 ml,,159 ml,ml,12,712.8,59.4,2,59.4,MXN,,pieza=64.6; caja=712.8x12; envio $70 / gratis $1100,5256
Scorpion,mayorista,2026-08-18,https://www.scorpion.com.mx/tienda/cepillo-dental-colgate-super-flexi-3-pzas.html,higiene-y-cuidado-personal,Cepillo Dental Colgate Super Flexi 3 pzas,,3 pza,pza,36,536.4,14.9,3,44.7,MXN,,pieza=51.5; caja=536.4x12; envio $70 / gratis $1100,5146
Scorpion,mayorista,2026-08-18,https://www.scorpion.com.mx/tienda/desodorante-ego-aerosol-bs-force-150-mililitros.html,higiene-y-cuidado-personal,Ego Aer Deo Bs Force 150 ml,,150 ml,ml,12,477.6,39.8,2,39.8,MXN,,pieza=45.9; caja=477.6x12; envio $70 / gratis $1100,7041
Scorpion,mayorista,2026-08-18,https://www.scorpion.com.mx/tienda/shampoo-savile-chile-700-mililitros.html,higiene-y-cuidado-personal,Shampoo Savilé Chile 700 ml,,700 ml,ml,12,770.4,64.2,2,64.2,MXN,,pieza=73.9; caja=770.4x12; envio $70 / gratis $1100,5364
Scorpion,mayorista,2026-08-18,https://www.scorpion.com.mx/tienda/shampoo-savile-colageno-700-mililitros.html,higiene-y-cuidado-personal,Shampoo Savilé Colageno 700 ml,,700 ml,ml,12,770.4,64.2,2,64.2,MXN,,pieza=73.9; caja=770.4x12; envio $70 / gratis $1100,5378
Scorpion,mayorista,2026-08-18,https://www.scorpion.com.mx/tienda/cepillo-dental-pro-compact-ond-paquete-con-6-piezas.html,higiene-y-cuidado-personal,Cepillo Dental Pro Compact Ond Pack De 6 Pzs,,,pza,5,429.0,85.8,2,85.8,MXN,,pieza=98.9; caja=429.0x5; envio $70 / gratis $1100,7760
Scorpion,mayorista,2026-08-18,https://www.scorpion.com.mx/tienda/gillette-desodorante-gel-miniclear-cool-wave-45-gr.html,higiene-y-cuidado-personal,Gillette Desodorante Gel Miniclear Cool Wave 45 Gr,,45 g,g,12,564.0,47.0,2,47.0,MXN,,pieza=54.5; caja=564.0x12; envio $70 / gratis $1100,8808
Scorpion,mayorista,2026-08-18,https://www.scorpion.com.mx/tienda/old-spice-desodorante-spray-lena-96-gr.html,higiene-y-cuidado-personal,Old Spice Desodorante Spray Lena 96 Gr,,96 g,g,12,781.2,65.1,2,65.1,MXN,,pieza=74.9; caja=781.2x12; envio $70 / gratis $1100,12840
Scorpion,mayorista,2026-08-18,https://www.scorpion.com.mx/tienda/toalla-femenina-naturella-noche-con-alas-paquete-con-24-piezas.html,higiene-y-cuidado-personal,Toalla Fem. Naturella Noche Con Alas Paq. 24 pz,,24 pza,pza,288,878.4,3.05,3,73.2,MXN,,pieza=84.5; caja=878.4x12; envio $70 / gratis $1100,5424
Scorpion,mayorista,2026-08-18,https://www.scorpion.com.mx/tienda/shampoo-caprice-naturals-aceite-herbal-de-760-ml.html,higiene-y-cuidado-personal,Shampoo Caprice Naturals Aceite Herbal de 760 ml,,760 ml,ml,12,589.2,49.1,2,49.1,MXN,,pieza=56.5; caja=589.2x12; envio $70 / gratis $1100,7084
Scorpion,mayorista,2026-08-18,https://www.scorpion.com.mx/tienda/axe-desodorante-en-aerosol-excite-150-ml.html,higiene-y-cuidado-personal,Axe Desodorante en Aerosol Excite 150 Ml,,150 ml,ml,12,856.8,71.4,2,71.4,MXN,,pieza=82.5; caja=856.8x12; envio $70 / gratis $1100,5197
Scorpion,mayorista,2026-08-18,https://www.scorpion.com.mx/tienda/shampoo-savile-menta-y-eucalipto-700-ml.html,higiene-y-cuidado-personal,Shampoo Savilé Menta y Eucalipto 700 ml,,700 ml,ml,12,770.4,64.2,2,64.2,MXN,,pieza=73.9; caja=770.4x12; envio $70 / gratis $1100,5381
Scorpion,mayorista,2026-08-18,https://www.scorpion.com.mx/tienda/24432-24432.html,higiene-y-cuidado-personal,Head & Shoulders Limpieza Renovada 650 ml,,650 ml,ml,10,1431.0,143.1,3,143.1,MXN,,pieza=155.5; caja=1431.0x10; envio $70 / gratis $1100,13903
Scorpion,mayorista,2026-08-18,https://www.scorpion.com.mx/tienda/20126.html,higiene-y-cuidado-personal,Ego Stick Dpg Sport 45 gr,,45 g,g,12,458.4,38.2,2,38.2,MXN,,pieza=43.9; caja=458.4x12; envio $70 / gratis $1100,7056
Scorpion,mayorista,2026-08-18,https://www.scorpion.com.mx/tienda/palmolive-jabon-naturals-menta-eucalipto-pack-con-4-de-150g.html,higiene-y-cuidado-personal,Palmolive Jabón Naturals Menta&Euca 4/150g,,150 g,g,5,329.5,65.9,2,65.9,MXN,,pieza=75.9; caja=329.5x5; envio $70 / gratis $1100,9835
Scorpion,mayorista,2026-08-18,https://www.scorpion.com.mx/tienda/old-spice-desodorante-bar-mix-3-pz.html,higiene-y-cuidado-personal,Desodorante Old Spice Bar Mix 3 Pz,,3 pza,pza,12,537.2,44.7667,2,134.3,MXN,,pieza=154.5; caja=537.2x4; envio $70 / gratis $1100,12825
Scorpion,mayorista,2026-08-18,https://www.scorpion.com.mx/tienda/desodorante-axe-en-barra-dark-temptation-54-gramos.html,higiene-y-cuidado-personal,Axe Deo Barra Darktemptation 45 gr,,45 g,g,12,601.2,50.1,2,50.1,MXN,,pieza=57.9; caja=601.2x12; envio $70 / gratis $1100,5201
Scorpion,mayorista,2026-08-18,https://www.scorpion.com.mx/tienda/shampoo-head-shoulders-proteccion-caida-375-mililitros.html,higiene-y-cuidado-personal,Shampoo Head & Shoulders Protec. Caída 375 ml,,375 ml,ml,12,1017.6,84.8,2,84.8,MXN,,pieza=97.9; caja=1017.6x12; envio $70 / gratis $1100,5344
Scorpion,mayorista,2026-08-18,https://www.scorpion.com.mx/tienda/19091.html,higiene-y-cuidado-personal,Rexona Deo Aer Ap Act Emot Mujer 150 ml,,150 ml,ml,12,804.0,67.0,2,67.0,MXN,,pieza=77.5; caja=804.0x12; envio $70 / gratis $1100,5242
Scorpion,mayorista,2026-08-18,https://www.scorpion.com.mx/tienda/shampoo-head-shoulders-con-old-spice-375-mililitros.html,higiene-y-cuidado-personal,Shampoo Head & Shoulders Con Old Spice 375 ml,,375 ml,ml,12,1017.6,84.8,2,84.8,MXN,,pieza=97.9; caja=1017.6x12; envio $70 / gratis $1100,5341
Scorpion,mayorista,2026-08-18,https://www.scorpion.com.mx/tienda/19625.html,higiene-y-cuidado-personal,Bic Comfort 2 Rastrillo 12 Pz,,12 pza,pza,144,1410.0,9.7917,3,117.5,MXN,,pieza=127.7; caja=1410.0x12; envio $70 / gratis $1100,5391
Scorpion,mayorista,2026-08-18,https://www.scorpion.com.mx/tienda/head-shoulders-shampoo-charcoal-375-ml.html,higiene-y-cuidado-personal,Head & Shoulders Shampoo Charcoal 375 Ml,,375 ml,ml,12,1017.6,84.8,2,84.8,MXN,,pieza=97.9; caja=1017.6x12; envio $70 / gratis $1100,8873
Scorpion,mayorista,2026-08-18,https://www.scorpion.com.mx/tienda/cepillo-dental-pro-oral-b-clasico-40s-1-pieza-2x1.html,higiene-y-cuidado-personal,Cepillo Dental Pro Oral B Clasico 40S 1 Pieza (2X1),,1 pza,pza,5,122.5,24.5,2,24.5,MXN,,pieza=28.5; caja=122.5x5; envio $70 / gratis $1100,7762
Scorpion,mayorista,2026-08-18,https://www.scorpion.com.mx/tienda/oral-b-cepillo-complete-mediano-2-pz.html,higiene-y-cuidado-personal,Oral-B Cepillo Complete Mediano 2 Pz,,2 pza,pza,10,151.5,15.15,2,30.3,MXN,,pieza=34.9; caja=151.5x5; envio $70 / gratis $1100,8855
Scorpion,mayorista,2026-08-18,https://www.scorpion.com.mx/tienda/head-shoulders-suave-y-manejable-650-ml-24433.html,higiene-y-cuidado-personal,Head & Shoulders Suave Y Manejable 650 ml,,650 ml,ml,10,1431.0,143.1,2,143.1,MXN,,pieza=155.5; caja=1431.0x10; envio $70 / gratis $1100,14288
Scorpion,mayorista,2026-08-18,https://www.scorpion.com.mx/tienda/cepillo-oral-b-indicator-tira-4-pz-23514.html,higiene-y-cuidado-personal,Cepillo Oral B Indicator Tira 4 pz,,4 pza,pza,36,736.2,20.45,3,81.8,MXN,,pieza=88.9; caja=736.2x9; envio $70 / gratis $1100,25286
Scorpion,mayorista,2026-08-18,https://www.scorpion.com.mx/tienda/antitranspirante-lady-speed-stick-wild-freesia-en-barra-45-g.html,higiene-y-cuidado-personal,Antitranspirante Lady Speed Stick Wild Freesia en Barra 45 g,,45 g,g,12,511.2,42.6,2,42.6,MXN,,pieza=48.9; caja=511.2x12; envio $70 / gratis $1100,5217
Scorpion,mayorista,2026-08-18,https://www.scorpion.com.mx/tienda/head-shoulders-hidratacion-coco-180-ml-26253.html,higiene-y-cuidado-personal,Head & Shoulders Hidratacion Coco 180 ml,,180 ml,ml,12,478.8,39.9,2,39.9,MXN,,pieza=45.9; caja=478.8x12; envio $70 / gratis $1100,13699
Scorpion,mayorista,2026-08-18,https://www.scorpion.com.mx/tienda/enjuague-bucal-oral-b-pro-salud-sabor-menta-refrescante-250-ml.html,higiene-y-cuidado-personal,Enjuague Bucal Oral B PRO Salud Menta 250 ml,,250 ml,ml,12,493.2,41.1,2,41.1,MXN,,pieza=47.5; caja=493.2x12; envio $70 / gratis $1100,5155
Scorpion,mayorista,2026-08-18,https://www.scorpion.com.mx/tienda/19095.html,higiene-y-cuidado-personal,Rexona Deo Aer Happy Mujer 150 ml,,150 ml,ml,12,848.4,70.7,2,70.7,MXN,,pieza=81.5; caja=848.4x12; envio $70 / gratis $1100,5245
Scorpion,mayorista,2026-08-18,https://www.scorpion.com.mx/tienda/desodorante-old-spice-barra-fresh-paquete-3-piezas-con-50-gramos.html,higiene-y-cuidado-personal,Desodorante Old Spice Barr Fresh Exh 3 Pz,,3 pza,pza,15,718.5,47.9,2,143.7,MXN,,pieza=165.5; caja=718.5x5; envio $70 / gratis $1100,7723
Scorpion,mayorista,2026-08-18,https://www.scorpion.com.mx/tienda/cepillo-dental-pro-doble-accion-mayor-alcance-con-1-pieza.html,higiene-y-cuidado-personal,Cepillo Dental Pro Doble Acción Mayor Alcance,,,pza,36,1267.2,35.2,2,35.2,MXN,,pieza=41.5; caja=1267.2x36; envio $70 / gratis $1100,7759
Scorpion,mayorista,2026-08-18,https://www.scorpion.com.mx/tienda/old-spice-desodorante-stick-lena-50-gr.html,higiene-y-cuidado-personal,Old Spice Desodorante Stick Lena 50 Gr,,50 g,g,12,726.0,60.5,2,60.5,MXN,,pieza=69.9; caja=726.0x12; envio $70 / gratis $1100,8854
Scorpion,mayorista,2026-08-18,https://www.scorpion.com.mx/tienda/secrets-papel-higienico-600-hd-6-pz-27815.html,higiene-y-cuidado-personal,Secrets Papel Higienico 600 Hd 6 Pz,,6 pza,pza,48,336.0,7.0,2,42.0,MXN,,pieza=48.5; caja=336.0x8; envio $70 / gratis $1100,25431
Scorpion,mayorista,2026-08-18,https://www.scorpion.com.mx/tienda/toalla-humeda-repuesto-absorsec-paquete-de-90-pz.html,pa-ales-y-toallas,Toalla Humeda Repuesto Absorsec Paquete de 90 Pz,,90 pza,pza,2160,379.2,0.1756,2,15.8,MXN,,pieza=18.5; caja=379.2x24; envio $70 / gratis $1100,4608
Scorpion,mayorista,2026-08-18,https://www.scorpion.com.mx/tienda/panal-ulitrora-absorsec-extra-jumbo-40-piezas.html,pa-ales-y-toallas,Pañal Absorsec Extra Jumbo Paquete Con 40 Piezas,,40 pza,pza,160,593.2,3.7075,3,148.3,MXN,,pieza=177.9; caja=593.2x4; envio $70 / gratis $1100,6934
Scorpion,mayorista,2026-08-18,https://www.scorpion.com.mx/tienda/panal-suavelastic-max-panal-jumbo-paquete-con-40-piezas.html,pa-ales-y-toallas,Pañal Suavelastic Max Jumbo Paquete Con 40 Piezas,,40 pza,pza,160,882.4,5.515,3,220.6,MXN,,pieza=242.9; caja=882.4x4; envio $70 / gratis $1100,4711
Scorpion,mayorista,2026-08-18,https://www.scorpion.com.mx/tienda/panal-suavelastic-max-extra-jumbo-38-piezas.html,pa-ales-y-toallas,Suavelastic Max Pañal Extra Jumbo 40 pz,,40 pza,pza,160,866.8,5.4175,2,216.7,MXN,,pieza=238.5; caja=866.8x4; envio $70 / gratis $1100,7629
Scorpion,mayorista,2026-08-18,https://www.scorpion.com.mx/tienda/panal-jumbo-kleenbebe-absorsec-paquete-de-40-pz.html,pa-ales-y-toallas,Pañal Jumbo Kleenbebe Absorsec Paquete Con 40 Pz,,40 pza,pza,160,512.0,3.2,3,128.0,MXN,,pieza=153.9; caja=512.0x4; envio $70 / gratis $1100,4607
Scorpion,mayorista,2026-08-18,https://www.scorpion.com.mx/tienda/panal-suavelastic-max-panal-grande-paquete-con-44-piezas.html,pa-ales-y-toallas,Pañal Suavelastic Max Panal Grande Paquete con 44 Piezas,,44 pza,pza,176,815.6,4.6341,3,203.9,MXN,,pieza=224.5; caja=815.6x4; envio $70 / gratis $1100,4713
Scorpion,mayorista,2026-08-18,https://www.scorpion.com.mx/tienda/kleenbebe-absorsec-pa-al-grande-paquete-de-40-pz.html,pa-ales-y-toallas,Kleenbebé Absorsec Pañal Grande Paquete de 40 Pz,,40 pza,pza,160,517.6,3.235,3,129.4,MXN,,pieza=146.9; caja=517.6x4; envio $70 / gratis $1100,4606
Scorpion,mayorista,2026-08-18,https://www.scorpion.com.mx/tienda/toalla-humeda-suavelastic-100-piezas.html,pa-ales-y-toallas,Toalla Humeda Suavelastic 100 piezas,,100 pza,pza,1800,775.8,0.431,2,43.1,MXN,,pieza=49.9; caja=775.8x18; envio $70 / gratis $1100,7167
Scorpion,mayorista,2026-08-18,https://www.scorpion.com.mx/tienda/panal-mediano-kleenbebe-absorsec-paquete-de-40-pz.html,pa-ales-y-toallas,Pañal Mediano Kleenbebe Absorsec Paquete de 40 Pz,,40 pza,pza,160,453.6,2.835,3,113.4,MXN,,pieza=134.9; caja=453.6x4; envio $70 / gratis $1100,4605
Scorpion,mayorista,2026-08-18,https://www.scorpion.com.mx/tienda/suabebe-pocoyo-toalla-humeda-120-pz.html,pa-ales-y-toallas,Suabebe Pocoyo Toalla Humeda 120 Pz,,120 pza,pza,1440,241.2,0.1675,3,20.1,MXN,,pieza=23.5; caja=241.2x12; envio $70 / gratis $1100,12883
