fuente,ean,descripcion,laboratorio,sku_ticket,linea
nadro_1658128647824,7502216803800,OMEPRAZOL 20 MG FCO 60 CAPS LGEN,,FC-16803800,1
nadro_1658128647824,7502216792555,OMEPRAZOL 20 MG 14 CAPS LGEN,,,2
nadro_1658128647824,7502216792760,OMEPRAZOL 20MG 30 CAPS LGEN,,,3
nadro_1658128647824,7506442700629,IRBESARTAN 300 MG 28 TAB LGEN,,,4
nadro_1658128647824,7501349022454,IRBESARTAN 150MG 14 TAB LGEN,,FC-262F2A30,5
nadro_1658128647824,7502216804708,IRBESARTAN 150MG FCO 28 TAB LGEN,,,6
nadro_1658128647824,7501349022492,IRBESARTAN 150MG 28 TAB LGEN,,,7
nadro_1658128647824,7506442700643,Irbesartán + Hidroclorotiazida Camber 150 mg + 12.5 mg Caja Con 28 Tabletas Genérico,,,8
nadro_1658128647824,7501361124013,TCO ODOLEX FRESH 150G,,FC-61124013,9
nadro_1658128647824,7501493888302,DOXICICLIN 100MG 10CAPS KEN LGEN,,,10
nadro_1658128647824,7502227870259,Roxidolin Doxiciclina 100 mg Caja Con 10 Cápsulas,,,11
nadro_1658128647824,7502227879597,Oxitetraciclina Caja Con 16 Cápsulas De 500 mg,,,12
nadro_1658128647824,7502009740442,Klarix Claritromicina De 250 mg Caja Con 10 Tabletas,,,13
nadro_1658128647824,7501125195105,Cefuroxima Caja Con Frasco Ámpula Con Polvo De 750mg y Ampolleta De 5ml,,,14
nadro_1658128647824,7501349022768,CEFALOTINA 1G S INY FA 5ML LGEN,,,15
nadro_1658128647824,7502216796737,PIOGLITAZONA 15 MG 7 TAB LGEN,,EQ-ULT146,16
nadro_1658128647824,7501300450210,Bactrim F 800/160 Mg 15 Tabletas,,,17
nadro_1658128647824,7501349028234,OMEPRAZOL 40MG S.INY. AMP LGEN,,,18
nadro_1658128647824,7501300450227,Bactrim 200/40 Mg Suspensión 100 Ml,,,19
nadro_1658128647824,7501054507901,POM LAB LABELLO FRESA 4.8 G,,FC-45079011,20
nadro_1658128647824,7501054504870,POM LAB LABELLO CLAS 4.8G,,FC-54504870,21
nadro_1658128647824,3337875784054,GEL CERAVE LIMP CONTR IMPER 236ML,,,22
nadro_1658128647824,7502256729917,Oxímetro Inhala Care Pulso Dedo Pantalla Led FS10E,,,23
nadro_1658128647824,7501019050473,TAS HUM TENA PARA ADULTO EG C,,,24
nadro_1658128647824,7501054549796,CRA CORP NIV MILK N EX,,FC-54549796,25
nadro_1658128647824,7501054503637,POM LAB LABELLO MED PROT4.8G,,,26
nadro_1658128647824,4005900948670,POM LAB LABELLO CARING-B RED 4.8G,,,27
nadro_1658128647824,7501349013223,DEFLAZACORT 30 MG 10 TAB LGEN,,,28
nadro_1658128647824,75073114,DESOD REX MEN CLIN CLEAN STICK 46G,,,29
nadro_1658128647824,6502400323252,SUEROX 8IONES LIMA-LIMON 630ML,,FC-40032325,30
nadro_1658128647824,75073107,DESOD REX WOM CLIN CLASS STICK 46G,,,31
nadro_1658128647824,7502268541491,ELECTROLIFE ZERO UVA 625 ML,,,32
nadro_1658128647824,7501019032424,TAMPONES SABA COMPACTOS SUPER C,,,33
nadro_1658128647824,650240053634,Alli Triple 50/.25/50/50 Mg 6 Tabletas,,,34
nadro_1658128647824,4005800631702,POM LAB EUCERIN PHS P,,,35
nadro_1658128647824,7501349029613,COMP B,,,36
nadro_1658128647824,7501019039355,PARCHES SABA TERMICOS 3 PZ,,,37
nadro_1658128647824,7501058715913,PICOT-PLUS 9 SB PVO EFERV,,,38
nadro_1658128647824,7501019068911,PANTY PROT SABA LGO 28,,,39
nadro_1658128647824,7502216798878,PIOGLITAZONA 30MG 7 TAB ULT LGEN,,,40
nadro_1658128647824,7501349026377,Gentamicina 160 Mg Solución Inyectable 2 Ml Genérico Amsa,,,41
nadro_1658128647824,7501165011649,BUSCAPINA 10MG 24 GRAG,,,42
nadro_1658128647824,7502321440013,Buscapina Duo Sanofi Hioscina/Paracetamol 10 mg/500 mg Caja Con 10 Tabletas,,,43
nadro_1658128647824,354312225140,VITACILINA 16 G UNG,,,44
nadro_1658128647824,354312225133,VITACILINA 28 G UNG,,,45
nadro_1658128647824,7501070600709,Syncol 500/25/15 Mg 12 Comprimidos,,,46
nadro_1658128647824,7501008498866,FLANAX 550 MG 6 TAB,,,47
nadro_1658128647824,7502001166066,BARMICIL COMP 40 G CRA SON LGEN,,FC-01166066,48
nadro_1658128647824,7501008499092,Flanax Nocto 220/25 mg 20 Comprimidos,,,49
nadro_1658128647824,7501008499412,FLANAX-660 660 MG 8 TAB,,,50
nadro_20260901,7503014279552,PARCHES ALFA MED ADH 2TAM BCO C,,FC-14279552,1
nadro_20260901,7506494600038,RUMOQUIN N.F. 30 TAB LGEN,,FC-94600038,2
nadro_20260901,7506309873701,SH ACOND PANT RIZOS DEF2EN1 100ML,,FC-09873701,3
nadro_20260901,7506306256026,ACOND DOVE DERMA CARE H-ALIV400MLN,,FC-06256026,4
nadro_20260901,7506306223134,ACOND SEDAL LISO PERFECTO 300 ML,,FC-06223134,5
nadro_20260901,7501022150818,JBN GRISI CONCHA NACAR 125G,,FC-22150818,6
nadro_20260901,7501056371159,JBN DOVE EXFOLIAC DIARIA135G,,FC-56371159,7
nadro_20260901,7501943489165,JBN LIQ ESCUDO BLANCO NEUT 225ML,,FC-43489165,8
nadro_20260901,7501022150092,JBN GRISI LECHE DE BURRA 125G,,FC-22150092,9
nadro_20260901,037836051227,JBN LIQ GRISI CONCHA NACAR 450ML,,FC-36051227,10
nadro_20260901,7501022105191,JBN GRISI NEUTRO 100G,,FC-22105191,11
nadro_20260901,037836050282,JBN LIQ GRISI NEUTRO 450ML,,FC-36050282,12
nadro_20260901,3337875917810,BLOQ ANTHE UVAIR 50+ FLU INV 40ML,,FC-75917810,13
levic_9012078353,7501342802749,SILDENAFIL 1 TAB 50 MG,,EQ-BEA267,1
levic_9012078353,7501573909958,COLCHICINA 30 TAB 1 MG,,EQ-BIO212,2
levic_9012078353,7501048335138,AGUA OXIGEN DERMOCLEEN 1 BOT 100 ML,,FC-83351381,3
levic_9012078353,7501048335169,AGUA OXIGEN DERMOCLEEN 1 BOT 230 ML,,FC-83351691,4
levic_9012078353,7502009745478,IDELIVER PRO 14 TAB 60 MG,,EQ-MAV236,5
levic_9012078353,7501109769063,AGECAPS MINOXIDIL HOMBRE 5% SOL 60 ML,,EQ-QUI139,6
levic_9012078353,7502216800984,ACEMETACINA 14 CAPS 90 MG,,FC-C9F4ACCC,7
levic_9012161695,7502226294766,LOSARTAN 30 TAB 50 MG,,EQ-ALP0634,1
levic_9012161695,7501349028159,LOSARTAN 30 COMP 50 MG,,EQ-AMS318,2
levic_9012161695,7501342803548,LOSARTAN 60 TAB 50 MG,,EQ-BEA367,3
levic_9012161695,008400005656,OPTIMILA-H 1 GOT 15 ML (GRIN),,EQ-INN022,4
levic_9012161695,7502009744358,ALDERAN 15 TAB 100 MG,,EQ-MAV204,5
levic_9012161695,7501122961901,ELDOQUIN 4 % 1 CMA 30 G,,EQ-VAL129,6
levic_9012148211,7501349021808,CEFOTAXIMA I.M. 1 FA 500MG/2 ML,,EQ-AMS349,1
levic_9012148211,7501573900535,BIOMESINA 10 TAB 10 MG,,EQ-BIO002,2
levic_9012148211,7896009498091,SENSODYNE COMPLETE PROTEC 1 TUBO 90 G,,FC-09498091,3
levic_9012148211,7502211789284,FARIBROX TM INF 1 JBE 150/113MG/100/150,,EQ-LOE131,4
levic_9012148211,7502009740794,LINCOVER 16 CAPS 500 MG,,EQ-MAV102,5
levic_9012148211,7502009741593,DOLXEN 10 TAB 500 MG,,EQ-MAV162,6
levic_9012148211,7502001163782,DICLEOPHEN 12 CAPS 500 MG,,EQ-SON039,7
levic_9012148211,7502001161627,LISONIN 1 AMP 600MG/2 ML,,EQ-SON083,8
levic_9012148211,7502001161597,LISONIN 1 AMP 300MG/1 ML,,EQ-SON084,9
levic_9012148211,7503003738879,ROSEL T 15 TAB 300/50/3 MG,,FC-03738879,10
levic_9012148211,7503003738404,AMANTADINA(ROSEL) 24 CAPS 50/3/300 MG,,EQ-WER025,11
levic_1020554215,7501349012943,FLUCONAZOL 1 CAPS 150 MG,,FC-5BC5F234,1
levic_1020554215,7501349027329,DEXAMETASONA 1 FA 8MG/2 ML,,EQ-AMS253,2
levic_1020554215,7501349020139,FLUCONAZOL 10 CAP 100 MG,,,3
levic_1020554215,7502209857032,FLUCONAZOL 10 CAPS 100 MG,,,4
levic_1020554215,7501088505126,NEURALIN INY 2 AMP 200MG/100MG/5GM,,FC-8505126,5
levic_1020554215,650240029165,LOMECAN DUO 3 OVULOS Y CREMA 200 MG,,,6
levic_1020554215,7501058714312,TEMPRA GOTAS UVA 10 G 30 ML,,,7
levic_1020554215,7502227879610,DUET FLEXENOL NF 16 TAB 275/300 MG,,,8
levic_1020554215,7501300407047,FEBRAX 15 TAB 275/300 MG,,,9
levic_1020554215,7501300407054,FEBRAX SUPOSITORIOS 1CJA C/5 100/200 MG,,,10
levic_1020554215,7501482200016,OMEPRAZOL (AKTYZAR) 120 CAPS 20MG,,FC-82200016,11
farmalive_9861,7502276040610,DESENFRIOLITO TAB C/24 2PACK,BAYER OTC,,1
farmalive_9861,650240017100,XL-3 VR TAB C/24,GENOMMA LAB,,2
farmalive_9861,7501369200016,ESTOMAQUIL SOBRES C/20,LAB HIGIA,,3
farmalive_9861,7506460101231,TEMPRA XT NOCHE TAB C/12,RB HEALTH,,4
farmalive_9861,354312225164,VITACILINA BEBE 50 GR,KSK,,5
farmalive_9861,7501058715487,GRANEODIN F NARANJA TAB C/16,RB HEALTH,,6
farmalive_9861,7506460101521,LUBRICANTE SOFT LUB PLEASURE 56.7 GR,RB HEALTH,,7
farmalive_9861,7502250343072,VITACILINA 28 GR 2X1,KSK,,8
farmalive_9861,7501050613453,AFRIN SPRAY ADTO (ROJO) 20 ML,BAYER OTC,,9
farmalive_9861,7501008427330,BEPANTHEN POMADA 100 GR,BAYER OTC,,10
farmalive_9861,7501058792792,TEMPRA 24 HRS TAB C/12,RB HEALTH,,11
farmalive_9861,354312225027,DERMAN CREMA 50 GR,KSK,,12
farmalive_9861,7501165000230,IV NEOMELUBRINA TAB C/10,OPELLA,,13
farmalive_9861,7501328979502,HISTIACIL NF JAR ADTO 150 ML,OPELLA,,14
farmalive_9861,7501328979496,HISTIACIL NF JAR INF 150 ML,OPELLA,,15
farmalive_9861,7501037907124,BISOLVON JBE INF 120 ML,LAB HORMONA,,16
farmalive_9861,7502234762417,NAILEX DESENTERRADOR UÑAS 12 ML,LAB PISA,,17
farmalive_9861,650240017094,XL-3 XTRA TAB C/12,GENOMMA LAB,,18
farmalive_9861,7501080950139,COND TROJAN CLASICO ENZ C/3,CHURCH & DWIGHTND,,19
farmalive_9861,7502208894779,TRIBEDOCE TAB C/30 NVO,BRULUART,,20
farmalive_9861,7501537163266,IV TRIBEDOCE COMPUESTO AMP C/3,BRULUART,,21
farmalive_9861,7501065095978,CENTRUM PERFORMANCE TAB C/30,PG PERF,,22
farmalive_9861,7501080953017,COND TROJAN FIRE & ICE C/3,CHURCH & DWIGHTND,,23
farmalive_9861,650240015366,NASALUB SOL ADTO 30 ML,GENOMMA LAB,,24
farmalive_9861,650240010538,NEXT TAB C/10,GENOMMA LAB,,25
farmalive_9861,650240007408,SILKA MEDIC GEL 15 GR,GENOMMA LAB,,26
farmalive_9861,7501065060891,CONTAC ULTRA TAB C/12,HALEON,,27
farmalive_9861,7501385491146,DEFLAMOX PLUS SUSP 75 ML,SANFER,,28
farmalive_9861,7501537182960,IV TRIBEDOCE 50000 AMP C/5,BRULUART,,29
farmalive_9861,7501092793045,RIOPAN SOBRES C/20,TAKEDA,,30
farmalive_9861,650240052545,XL-3 TAB C/10,GENOMMA LAB,,31
farmalive_9861,3664798059601,ADEROGYL AMP ING C/4,OPELLA,,32
farmalive_9861,7501095452505,TEMPRA FORTE 650 MG TAB C/24,RB HEALTH,,33
farmalive_9861,650240031502,TUKOL-D JBE INF 125 ML,GENOMMA LAB,,34
farmalive_9861,650240010712,TUKOL-D JBE ADTO 125 ML,GENOMMA LAB,,35
farmalive_9861,354312625018,ROCAINOL UNG 45 GR,KSK,,36
farmalive_9861,650240036354,GENOPRAZOL TAB C/7 NVO,GENOMMA LAB,,37
farmalive_9861,7501685171113,COND SICO INVISIBLE C/3,RB HEALTH,,38
farmalive_9861,7501095452116,TEMPRA 500 MG TAB C/10,RB HEALTH,,39
farmalive_9861,7502250340538,VITACILINA UNG 18 GR,KSK,,40
farmalive_9861,7501289520102,HIPOGLOS PAC TUBO 45 GR,ANDROMACO,,41
farmalive_9861,7501008485316,TABCIN EFERV TAB C/12,BAYER OTC,,42
farmalive_9861,7501065095947,CENTRUM SILVER TAB C/30,PG PERF,,43
farmalive_9861,7501095451096,SAL DE UVAS C/10,RB HEALTH,,44
farmalive_9861,780083146207,FAZOLIN F GOTAS 15 ML,COLLINS,,45
farmalive_9861,3664798062229,PHARMATON COMPLETE TAB C/30,OPELLA,,46
farmalive_9861,7501070600556,SYNCOL TAB C/24,SANFER,,47
farmalive_9861,7501070600730,SYNCOL MAX TAB C/12,SANFER,,48
farmalive_9861,7501095409004,GRANEODIN B FRAMBUESA TAB C/24,RB HEALTH,,49
farmalive_9861,7501008427347,BEPANTHEN POMADA 30 GR,BAYER OTC,,50
farmalive_9861,7501088509810,ANTIFLU-DES PED SOL 30 ML,CHINOIN,,51
farmalive_9861,7501159525015,EUCALIPTINE JBE 140 ML,SANFER,,52
farmalive_9861,7503008344495,LACTOPRAM INFANTIL CAPS C/20,PROGELA,,53
farmalive_9861,7501058367129,COND SICO NEGRO FEEL CART C/3,RB HEALTH,,54
farmalive_9861,7501065008459,THERAFLU TD ROJO SOB C/10,HALEON,,55
farmalive_9861,736085405422,SPLASH TEARS LUB SOL OFT 15 ML,LAB SOPHIA,,56
farmalive_9861,7501008497593,ALKA-SELTZER BOOST TAB C/10,BAYER OTC,,57
farmalive_9861,7501125112881,IV PISACAINA 2% SOL AMP C/1 50 ML,LAB PISA,,58
farmalive_9861,7501058714305,TEMPRA JBE 120 ML,RB HEALTH,,59
farmalive_9861,7501064560163,IODEX CRISTAL UNG 60 GR,HALEON,,60
farmalive_9861,7501008421321,REDOXON NARANJA 1 GR TAB C/10 2PACK,BAYER OTC,,61
farmalive_9861,7501058368126,COND SICO ROJO FEEL CART C/3,RB HEALTH,,62
farmalive_9861,7501008499702,TABCIN PODS NOCHE CAPS C/12,BAYER OTC,,63
farmalive_9861,7501007535494,MOTRIN SUSP INF 120 ML,KENVUE,,64
farmalive_9861,7501058793249,LUBRICANTE SICO SENS CALOR 50 ML,RB HEALTH,,65
farmalive_9861,7501095467264,SAL DE UVAS EXH C/50,RB HEALTH,,66
farmalive_9861,7501058793232,LUBRICANTE SICO CEREZA 50 ML,RB HEALTH,,67
farmalive_9861,7502246642073,MICRODACYN 60 SOL 60 ML,SANFER,,68
farmalive_9861,7501008443026,ALKA-SELTZER EXH TAB C/100,BAYER OTC,,69
farmalive_9861,650240006647,ULTRA BENGUE GEL ROJO 35 GR,GENOMMA LAB,,70
farmalive_9861,7501298215099,SEDALMERCK MAX TAB C/24,PG HEALTH,,71
farmalive_9861,7501007535432,TYLENOL TAB C/10,KENVUE,,72
farmalive_9861,7501008491072,ASPIRINA TAB C/80 2PACK,BAYER OTC,,73
farmalive_9861,736085278507,MANZANILLA SOPHIA SOL 15 ML,LAB SOPHIA,,74
farmalive_9861,7501008443033,ALKA-SELTZER TAB C/12,BAYER OTC,,75
farmalive_9861,7501070612368,(A) TREDA TAB C/20,SANFER,,76
farmalive_9861,7501537103521,BRUNADOL TAB C/10 NVO,BRULUART,,77
farmalive_9861,7501537164713,IV TRIBEDOCE COMPUESTO GRA C/30,BRULUART,,78
farmalive_9861,7501008485408,TABCIN 500 TAB C/12,BAYER OTC,,79
farmalive_9861,7501088579615,(A) TOPRON TAB C/16,CHINOIN,,80
farmalive_9861,7502009747366,IV VERIDEX 6 MG TAB C/4,MAVER,,81
farmalive_9861,7501088508929,ANARA TAB C/20,CHINOIN,,82
farmalive_9861,7501008433553,CAFIASPIRINA FORTE TAB C/24,BAYER OTC,,83
farmalive_9861,7501088509773,ANTIFLU-DES CAP C/24,CHINOIN,,84
farmalive_9861,7501072300133,TING CREMA 28 GR,LAB HORMONA,,85
farmalive_9861,7501088559211,SCABISAN CREMA 60 GR,CHINOIN,,86
farmalive_9861,7501008499900,ALKA-SELTZER BOOST TAB C/50,BAYER OTC,,87
farmalive_9861,7501008498798,BEPANTHEN MULTIUSOS POMADA 30 GR,BAYER OTC,,88
farmalive_9861,7501037907117,BISOLVON JBE ADTO 120 ML,LAB HORMONA,,89
farmalive_9861,020800753067,PEPTO-BISMOL SUSP 118 ML,P&G OTC,,90
farmalive_9861,7501008491096,CAFIASPIRINA TAB C/100 2 PACK,BAYER OTC,,91
farmalive_9861,7896009490651,COREGA ULTRA CMA 40 GR,HALEON,,92
farmalive_9861,7501165000315,IV NEOMELUBRINA JBE 100 ML,OPELLA,,93
farmalive_9861,7501008494226,ASPIRINA JUNIOR TAB C/60,BAYER OTC,,94
farmalive_9861,7501008499689,TABCIN PODS ACTIVE CAPS C/12,BAYER OTC,,95
farmalive_9861,354312225010,DERMAN CREMA 25 GR,KSK,,96
farmalive_9861,7501289511421,PASTA LASSAR TARRO 30 GR,ANDROMACO,,97
farmalive_9861,7502224227339,(A) LOXCELL ADTO TAB C/1,LAB HORMONA,,98
farmalive_9861,7501089810038,HERKLIN SHAM 120 ML,ARMSTRONG,,99
farmalive_9861,650240053610,ALLI-TRIPLE TAB C/10,GENOMMA LAB,,100
farmalive_9861,650240070839,ALLIVIAX GARGANTA TAB C/6,GENOMMA LAB,,101
farmalive_9861,7501314704156,SENOSIAIN SUPOS ADTO C/10,SENOSIAIN OTC,,102
farmalive_9861,7501065008473,THERAFLU VERDE SOB C/10,HALEON,,103
farmalive_9861,7501314704163,SENOSIAIN SUPOS INF C/10,SENOSIAIN OTC,,104
farmalive_9861,7503008344488,LACTOPRAM 430 MG CAP C/20,PROGELA,,105
farmalive_9861,7501065095718,CENTRUM TAB C/30,PG PERF,,106
farmalive_9861,7506460101514,LUBRICANTE SOFT LUB ORIGINAL 56.7 GR,RB HEALTH,,107
farmalive_9861,736085132069,NAZIL OFTENO 15 ML,LAB SOPHIA,,108
farmalive_9861,7501008496701,ASPIRINA EFERV TAB C/12,BAYER OTC,,109
farmalive_9861,7502208891549,TARMIN 2 MG C/12 TAB,BRULUAGSA,,110
farmalive_9861,7503008344501,PROMEGA 3 CAPS C/60,PROGELA,,111
farmalive_9861,7500435181402,SEDALMERCK TAB C/40,PG HEALTH,,112
farmalive_9861,7501318645080,CANESTEN V CREMA 20 GR,BAYER OTC,,113
farmalive_9861,7501299303047,CICLOFERON CREMA 2 GR,LIOMONT OTC,,114
farmalive_9861,7503008344747,AFRODIT 400 UI CAPS C/30,PROGELA,,115
farmalive_9861,7502208895196,KY6 TAB C/10,BRULUART,,116
farmalive_9861,7501008491966,ASPIRINA TAB C/40,BAYER OTC,,117
farmalive_9861,7501089810021,HERKLIN NF SHAM 60 ML,ARMSTRONG,,118
farmalive_9861,7506460101378,LUBRICANTE SICO PIEL CON PIEL 50 ML,RB HEALTH,,119
farmalive_9861,7502276040351,LOTRIMIN UNO CREMA 20 GR,BAYER OTC,,120
farmalive_9861,7502276040368,DESENFRIOL D TAB C/30,BAYER OTC,,121
farmalive_9861,7502227426449,NESAJAR CAPS C/16,GELPHARMA,,122
farmalive_9861,7502208892355,IV CILOCID 5 MG TAB C/20,BRULUART,,123
farmalive_9861,7501314704187,SENOSIAIN SUPOS BEBE C/10,SENOSIAIN OTC,,124
farmalive_9861,7501537103422,TRIBEDOCE DX AMP C/3,BRULUART,,125
farmalive_9861,7501125116810,AGRIFEN TAB C/10,LAB PISA,,126
farmalive_9861,7500435246309,VICK DROPS JENGIBRE PASTILLAS C/20,PG OTC,,127
farmalive_9861,7502234764053,NAILEX RECUPERADOR UNA AMARILLA 15 ML,LAB PISA,,128
farmalive_9861,7891317048853,MELOX MENTA TAB C/50,EUROFARMA,,129
farmalive_9861,7501088505003,IV ALIN AMP 2 ML,CHINOIN,,130
farmalive_9861,7501298281209,SEDALMERCK TAB C/20,PG HEALTH,,131
farmalive_9861,7501057002663,LOMOTIL TAB C/8,JOHNSON JOHNSON,,132
farmalive_9861,7501008409541,SARIDON TAB C/20,BAYER OTC,,133
farmalive_9861,7501088509766,ANTIFLU-DES JR. JBE INF 60 ML,CHINOIN,,134
farmalive_9861,7501050624732,AFRIN SPRAY NO DRIP EXTRA HUMECTANTE,BAYER OTC,,135
farmalive_9861,7501008497340,FLANAX 550 MG TAB C/12,BAYER OTC,,136
farmalive_9861,7501088505126,IV NEURALIN AMP,CHINOIN,,137
farmalive_9861,7501008426944,FLANAX GEL 40 GR 5.5%,BAYER OTC,,138
farmalive_9861,7501298217635,IV DOLO-NEUROBION DC FTE JGA PRELL C/1,PG HEALTH,,139
farmalive_9861,7501123013302,IV BEDOYECTA TRI AMP 50.000,BAUSCH LOMB MEXICO,,140
farmalive_9861,7501123013340,BEDOYECTA TAB C/30,BAUSCH LOMB MEXICO,,141
farmalive_9861,7501298217659,IV DOLO-NEUROBION DC JGA PRELL C/3 3 ML,PG HEALTH,,142
farmalive_9861,7509546688817,CREMA DENT COLGATE MAX CLEAN 120 ML,COLGATE PALMOLIVE,,143
farmalive_9861,7509546687353,CREMA DENT COLGATE MFP 90 ML,COLGATE PALMOLIVE,,144
farmalive_9861,7501048670802,TERMOMETRO DIGITAL PROTEC,DEGASA,,145
farmalive_9861,7503003406600,TELA ADHESIVA QUIRMEX 2.5CMX5M,QUIRMEX,,146
farmalive_9861,7503003406501,TELA ADHESIVA QUIRMEX 1.25CMX5M,QUIRMEX,,147
farmalive_9861,7503003406365,TELA ADHESIVA QUIRMEX 2.5CMX1M,QUIRMEX,,148
farmalive_9861,7503003406242,TELA ADHESIVA QUIRMEX 1.25CMX1M,QUIRMEX,,149
farmalive_9861,7509546068909,CREMA DENT COLGATE TRIP ACC XTRA B 50 ML,COLGATE PALMOLIVE,,150
farmalive_9861,7509546657851,CEPILLO COLGATE PREMIER CLEAN C/6,COLGATE PALMOLIVE,,151
farmalive_9861,7501017362998,PAÑUELOS KLEENEX PACK C/8,KIMBERLY CLARK,,152
farmalive_9861,7506425613168,PAÑUELOS KLEENEX C/90,KIMBERLY CLARK,,153
farmalive_9861,7501027573773,BIB EVENFLO ENSUENO 8OZ,KIMBERLY CLARK,,154
farmalive_9861,7509546000985,CREMA DENT COLGATE TRIPLE ACC 75 ML,COLGATE PALMOLIVE,,155
farmalive_9861,7506022327345,JERINGA SENSIMEDICAL INSUL 0.5 ML C/100,JAYOR,,156
farmalive_9861,7501027516305,BIB EVENFLO ENSUENO AZUL 8OZ,KIMBERLY CLARK,,157
farmalive_9861,7501027512574,BIB EVENFLO COLORS 8 OZ,KIMBERLY CLARK,,158
farmalive_9861,7501027512581,BIB EVENFLO COLORS 4 OZ,KIMBERLY CLARK,,159
farmalive_9861,7702010631207,CEPILLO COLGATE DENTAL TRIP ACC 2X1,COLGATE PALMOLIVE,,160
farmalive_9861,7503003406785,TORUNDA DE ALGODON QUIRMEX 75 GR,QUIRMEX,,161
farmalive_9861,7501048623006,PADS FACIAL PROTEC REDONDOS C/100,DEGASA,,162
farmalive_9861,7506022327215,JERINGA SENSIMEDICAL INSUL 0.3 ML C/100,JAYOR,,163
farmalive_9861,7501868910041,ALGODON DIBAR 25 GR,DIBAR,,164
farmalive_9861,7501868910010,ALGODON DIBAR 200 GR,DIBAR,,165
farmalive_9861,7503003406730,VENDA QUIRMEX 7.5 CM,QUIRMEX,,166
farmalive_9861,7503003406723,VENDA QUIRMEX 5 CM,QUIRMEX,,167
farmalive_9861,7503003406747,VENDA QUIRMEX 10 CM,QUIRMEX,,168
farmalive_9861,7503003406778,VENDA QUIRMEX 30 CM,QUIRMEX,,169
farmalive_9861,7501868910003,ALGODON DIBAR 100 GR,DIBAR,,170
farmalive_9861,7501868910034,ALGODON DIBAR 50 GR,DIBAR,,171
farmalive_9861,7509546653495,CREMA DENT COLGATE TOTAL 65 ML,COLGATE PALMOLIVE,,172
farmalive_9861,7501048351053,GEL ANTIBACTERIAL PROTEC 250 ML,DEGASA,,173
farmalive_9861,7501868900127,GASA DIBAR 10X10 PAQ 10 CAJITAS/10,DIBAR,,174
farmalive_9861,7501868900134,GASA DIBAR 10X10 EXH C/100,DIBAR,,175
farmalive_9861,7501250882017,DERMODINE ESPUMA 120 ML,DEGASA,,176
farmalive_9861,7501250882000,DERMODINE SOLUCION 120 ML,DEGASA,,177
farmalive_9861,7501250882024,DERMODINE BUCOFARINGEO 120 ML,DEGASA,,178
farmalive_9861,7506376000277,CRE VITACILINA FACIAL HUMECTANTE 100 GR,KSK,,179
farmalive_9861,7500435144414,DES OLD SPICE STICK TRIPACK 50 GR,PG PERF,,180
farmalive_9861,7501048335169,AGUA OXIGENADA DERMOCLEEN 230ML,DEGASA,,181
farmalive_9861,650240032257,SUEROX 8IONES MANZANA 630 ML,GENOMMA LAB,,182
farmalive_9861,650240032301,SUEROX 8IONES NARANJA MANDARINA 630 ML,GENOMMA LAB,,183
farmalive_9861,650240072147,SUEROX VITAMINS NARANJA-MANGO 630 ML,GENOMMA LAB,,184
farmalive_9861,650240074455,SUEROX 8IONES UVA MORA AZUL 630 ML,GENOMMA LAB,,185
farmalive_9861,7501048335138,AGUA OXIGENADA DERMOCLEEN 100ML,DEGASA,,186
farmalive_9861,7501033956775,PEDIALYTE SR60 UVA 500 ML,ABBOTT,,187
farmalive_9861,650240066139,SUEROX 8IONES FRUTOS ROJOS 630 ML,GENOMMA LAB,,188
farmalive_9861,650240072154,SUEROX VITAMINS MANZANA V-LIMON 630 ML,GENOMMA LAB,,189
farmalive_9861,7501033961373,PEDIALYTE SR60 FRESA 500 ML,ABBOTT,,190
farmalive_9861,650240032264,SUEROX 8IONES FRESA KIWI 630 ML,GENOMMA LAB,,191
farmalive_9861,650240066306,SUEROX 8IONES FRESA 630 ML,GENOMMA LAB,,192
farmalive_9861,650240032271,SUEROX 8IONES UVA 630 ML,GENOMMA LAB,,193
farmalive_9861,7501048335305,AGUA OXIGENADA DERMOCLEEN 480ML,DEGASA,,194
farmalive_9861,650240032295,SUEROX 8IONES MORA AZUL 630 ML,GENOMMA LAB,,195
farmalive_9861,7501033954740,PEDIALYTE SR60 MANZANA 500 ML,ABBOTT,,196
farmalive_9861,7501033961366,PEDIALYTE SR60 COCO 500 ML,ABBOTT,,197
farmalive_9861,650240032325,SUEROX 8IONES LIMA LIMON 630 ML,GENOMMA LAB,,198
farmalive_9861,650240035395,SUEROX 8IONES COCO 630 ML,GENOMMA LAB,,199
farmalive_9861,650240074448,SUEROX 8IONES COCO PINA 630 ML,GENOMMA LAB,,200
farmalive_9861,7501059225411,LECHE NIDO KINDER 360 GR,MARCAS NESTLE,,201
farmalive_9861,7506475106771,LECHE NIDAL 1 360 GR,MARCAS NESTLE,,202
farmalive_9861,7501058616715,NESTUM PROBIOTICOS AVENA 270 GR,MARCAS NESTLE,,203
farmalive_9861,7501059282117,LECHE NIDO NUTRI RINDES BOLSA 240 GR,MARCAS NESTLE,,204
farmalive_9861,7501058611420,LECHE NIDO NUTRI RINDES BOLSA 460 GR,MARCAS NESTLE,,205
farmalive_9861,7501059233072,LECHE NIDO KINDER BOLSA 144 GR,MARCAS NESTLE,,206
farmalive_9861,7506475107846,LECHE NAN 1 OPTIMAL PRO BOLSA 120 GR,MARCAS NESTLE,,207
farmalive_9861,7506475107853,LECHE NAN 2 OPTIMAL PRO BOLSA 120 GR,MARCAS NESTLE,,208
farmalive_9861,7506475106788,LECHE NIDAL 2 360 GR,MARCAS NESTLE,,209
farmalive_9861,7501058616678,NESTUM PROBIOTICOS ARROZ 270 GR,MARCAS NESTLE,,210
farmalive_9861,7506552900322,VASO RECOLECTOR QUIRMEX,QUIRMEX,,211
farmalive_9861,7501125144851,ELECTROLIT UVA 625 ML,LAB PISA,,212
farmalive_9861,7501125104411,ELECTROLIT COCO 625 ML,LAB PISA,,213
farmalive_9861,7501125104688,ELECTROLIT NJA/MANDARINA 625 ML,LAB PISA,,214
farmalive_9861,7501125149221,ELECTROLIT FRESA-KIWI 625 ML,LAB PISA,,215
farmalive_9861,7501125104268,ELECTROLIT FRESA 625 ML,LAB PISA,,216
farmalive_9861,7501125174797,ELECTROLIT MORA AZUL 625 ML,LAB PISA,,217
farmalive_9861,7501943454873,TOA HUM HUGGIES RELAJANTE C/80,KIMBERLY CLARK,,218
farmalive_9861,7702003476594,CURITAS EXH C/100,BDF MEXICO,,219
farmalive_9861,7501943471900,TOA HUM ABSORSEC C/120,KIMBERLY CLARK,,220
farmalive_9861,7503003406402,COTONETES QUIRMEX TARRO C/100,QUIRMEX,,221
farmalive_9861,037836041389,CRE HINDS ALMENDRAS 90 ML,GRISI HNOS,,222
farmalive_9861,7502214983153,LUBRICANTE PRUDENCE GROSELLA 75 ML,DKT MEXICO,,223
farmalive_9861,7502214983573,COND PRUDENCE CARIBBEAN C/5,DKT MEXICO,,224
farmalive_9861,759684471476,REPELENTE INSECTOS BIOCLAP 265 ML,LAB JALOMA,,225
farmalive_9861,0070942003469,CREMA DENT GEL GUM PAW PATROL 50 GR,SUNSTAR AMERICAS,,226
farmalive_9861,714706903205,BRONCOLIN PALETA VITROLERO SURTIDO C/50,BRONCOLIN,,227
farmalive_9861,7501943454811,TOA HUM HUGGIES CUIDADO PURO C/80,KIMBERLY CLARK,,228
farmalive_9861,7502214982439,COND PRUDENCE RETARDANTE C/3,DKT MEXICO,,229
farmalive_9861,7502214985348,COND PRUDENCE FULL SENSITIVE C/3,DKT MEXICO,,230
farmalive_9861,7502214982811,COND PRUDENCE SURTIDO C/5,DKT MEXICO,,231
farmalive_9861,7502214985386,COND PRUDENCE EXTRA PLEASURE C/3,DKT MEXICO,,232
farmalive_9861,7502214980275,COND PRUDENCE SODA C/3,DKT MEXICO,,233
farmalive_9861,7502214982491,COND PRUDENCE UVA C/3,DKT MEXICO,,234
farmalive_9861,7502214985805,COND PRUDENCE CHICLE C/5,DKT MEXICO,,235
farmalive_9861,759684272103,COTONETES KIUTS BOTE C/100,LAB JALOMA,,236
farmalive_9861,7502214983726,LUBRICANTE PRUDENCE NATURAL 75 ML,DKT MEXICO,,237
farmalive_9861,7502214982477,COND PRUDENCE FRESA C/3,DKT MEXICO,,238
farmalive_9861,037836041341,CRE HINDS NAT RESECA 90 ML,GRISI HNOS,,239
farmalive_9861,7501022130063,SHAM RICITOS DE ORO MIEL Y ARGAN 100 ML,GRISI HNOS,,240
farmalive_9861,070942507240,CERA DENTAL GUM P/ORTODONCIA MENTA,SUNSTAR AMERICAS,,241
farmalive_9861,7502235820369,HILO DENTAL GUM EXPANDING 10.9 MT,SUNSTAR AMERICAS,,242
farmalive_9861,037836041259,CRE HINDS ROSA RESECA 90 ML,GRISI HNOS,,243
farmalive_9861,714706100307,BRONCOLIN JBE 140 ML,BRONCOLIN,,244
farmalive_9861,7502214980350,LUBRICANTE PRUDENCE MORA AZUL 75 ML,DKT MEXICO,,245
farmalive_9861,7502214982514,COND PRUDENCE CHOCOLATE C/3,DKT MEXICO,,246
farmalive_9861,070942303194,HILO DENTAL GUM 128 MTS,SUNSTAR AMERICAS,,247
farmalive_9861,4005900314758,POMADA LABELLO BLACKBERRY,BDF MEXICO,,248
farmalive_9861,7501054507901,POMADA LABELLO FRESA,BDF MEXICO,,249
farmalive_9861,070942302289,ENJ BUCAL PAROEX GUM 300 ML,SUNSTAR AMERICAS,,250
farmalive_9861,714706910609,BRONCOLIN JBE ETIQ VERDE 140 ML,BRONCOLIN,,251
farmalive_9861,7502214980596,COND PRUDENCE MORA C/3,DKT MEXICO,,252
farmalive_9861,7502214980015,COND PRUDENCE CLASICO C/3,DKT MEXICO,,253
farmalive_9861,037836041297,CRE HINDS INSPIR RESECA 90 ML,GRISI HNOS,,254
farmalive_9861,7500462746605,AJOLOTIUS JARABE 250 ML,BIOALIMENTOS NAT,,255
farmalive_9861,714706910487,BICOESTOL PASTILLAS EUCALIPTO C/16,BRONCOLIN,,256
farmalive_9861,714706910913,BICOESTOL PASTILLAS CEREZA C/16,BRONCOLIN,,257
farmalive_9861,7501054504528,POMADA LABELLO HYDRO-C,BDF MEXICO,,258
farmalive_9861,7501054504870,POMADA LABELLO CLASICO,BDF MEXICO,,259
farmalive_9861,7506452400212,AJOLOTIUS JENGIBRE TAB C/10,BIOALIMENTOS NAT,,260
farmalive_9861,7506452400458,AJOLOTIUS PASTILLAS ELDERBERRY PAST C/10,BIOALIMENTOS NAT,,261
farmalive_9861,7506425603404,TOA HUM ESCUDO ANTBACTERIAL C/50,KIMBERLY CLARK,,262
farmalive_9861,7501022104248,CRE RICITOS DE ORO MANZANILLA 100 ML,GRISI HNOS,,263
farmalive_9861,7506452400267,AJOLOTIUS JBE ELDERBERRY 250 ML,BIOALIMENTOS NAT,,264
farmalive_9861,7500462746612,AJOLOTIUS JARABE S/AZUCAR 250 ML,BIOALIMENTOS NAT,,265
farmalive_9861,759684154096,VASELINA JALOMA BEBE 60 GR,LAB JALOMA,,266
farmalive_9861,759684432071,VASELINA BLANCA JALOMA 60 G,LAB JALOMA,,267
farmalive_9861,7501032911454,REPELENTE OFF EXT DURACION AER 170 GR,SC JOHNSON,,268
farmalive_9861,7506452400038,AJOLOTIUS MENTA EUCAL S/AZUCAR PAST C/10,BIOALIMENTOS NAT,,269
farmalive_9861,7500462746698,AJOLOTIUS JARABE REFORZADO 250 ML,BIOALIMENTOS NAT,,270
farmalive_9861,759684273094,COTONETES KIUTS BOTE C/50,LAB JALOMA,,271
farmalive_9861,714706910906,BICOESTOL PASTILLAS NARANJA C/16,BRONCOLIN,,272
farmalive_9861,714706800900,BRONCO RUB UNG. 40 GR.,BRONCOLIN,,273
farmalive_9861,7501054530718,PARCHE LEON POROSO ARNICA,BDF MEXICO,,274
farmalive_9861,759684391255,POMADA P/LAB JALOMA VIT C/60,LAB JALOMA,,275
farmalive_9861,7500462746643,AJOLOTIUS MENTA EUCAL TAB C/10,BIOALIMENTOS NAT,,276
farmalive_11590,7501065054029,TUMS SURTIDO TAB MAST C/48,,FC-65054029,1
farmalive_11590,7501019064807,PANTS TENA COMFORT GDE C/13,,FC-19064807,2
farmalive_11590,7500435179980,ENJ BUCAL ORAL B 100% 250 ML,,FC-43517980,3
farmalive_11590,7891051037878,ENJ BUCAL ORAL B COMPLET 250 ML,,FC-51037878,4
farmalive_11590,5000174305449,CREMA DENT FIXODENT ORIGINAL 40 ML,,FC-74305449,5
farmalive_11590,020800600330,TAMPONES TAMPAX SUPER C/10,,FC-08006033,6
cityfarma_6315912,7501050613453,AFRIN ADUL SPRAY,,FC-06134531,1
cityfarma_6315912,7501050623766,AFRIN NO DRIP SOL 15,,FC-05062376,2
cityfarma_6315912,7501165001725,ALLEGRA 180 MG C 10,,FC-16500172,3
cityfarma_6315912,7501065001337,CALTRATE 600 D C30 T,,FC-06500133,4
cityfarma_6315912,7502276040368,DESENFRIOL D C30 TAB,,FC-60403681,5
cityfarma_6315912,7502276040405,DESENFRIOLITO PLUS C,,FC-76040610,6
cityfarma_6315912,7501300421524,DOLAC 10MG C10 CAPS,,FC-30042152,7
cityfarma_6315912,3664798074680,ENTEROGERMINA 2 BILL,,FC-79807468,8
cityfarma_6315912,7501289511421,PASTA LASSAR 30GR TA,,FC-9511421,9
cityfarma_6315912,7501289511414,PASTA LASSAR 60GR TA,,FC-28951141,10
cityfarma_6315912,4001895928765,TEGADERM 10X12CM C50,,FC-89592876,11
bodega_f42_77827,7509552844825,DESOD OBAO R-NAT COCO R-ON 65G,,,1
bodega_f42_77827,7509552933307,DESOD OBAO GAME 48HR R-ON 65G N,,,2
bodega_f42_77827,7501027250612,DESOD OBAO P/DEL R-ON 65G,,,3
bodega_f42_77827,7501027286017,DESOD OBAO CLAS R-ON 65G,,,4
bodega_f42_77827,7509552876406,DESOD OBAO MEN TATTO AQUA R-ON 65G,,,5
bodega_f42_77827,7506306226722,DESOD AXE MEN YOUNG SPY 150ML,,,6
bodega_f42_77827,7506306213906,DESOD AXE ICECHI E-FRIO SPY 150ML,,,7
bodega_f42_77827,7791293037806,DESOD REXONA MEN MARINE SPY 150ML,,,8
bodega_f42_77827,7509552780956,DESOD OBAO MEN TATO REBEL R-ON65,,,9
bodega_f42_77827,7791293025919,DESOD AXE EXCITE SECO SPY 152ML,,,10
bodega_f42_77827,7791293022567,DESOD REXONA MEN V8 TUN SPY 90G,,,11
bodega_f42_77827,7506306244795,DESOD AXE INTENSE 48H SPY 150ML,,,12
bodega_f42_77827,75076009,DESOD REXONA 48H HAPPY-M STICK 45G,,,13
bodega_f42_77827,7791293025797,DESOD AXE MEN DARK TEMP SPY150ML,,,14
bodega_f42_77827,7791293038223,DESOD REXONA MEN SPORT SPY 150ML,,,15
bodega_f42_77827,75062897,DESOD REXONA BAMBOO 48H STICK 45G,,,16
bodega_f42_77827,7506306245686,DESOD AXE MEN EPIC-F 48H SPY 150ML,,,17
bodega_f42_77827,7791293025865,DESOD AXE MEN GOLD TEMP SPY 150ML,,,18
bodega_f42_77827,7501022105207,JBN GRISI NEUTRO 150 G,,,19
bodega_f42_77827,067238891190,JBN DOVE BARRA BLANCA 135G,,,20
bodega_f42_77827,7501056371159,JBN DOVE EXFOLIAC DIARIA 135G,,,21
bodega_f42_77827,650240036965,JBN ASEPXIA BICARBON SOD 100G,,,22
bodega_f42_77827,650240004643,JBN ASEPXIA EXFOL 100G,,,23
bodega_f42_77827,7501022150801,JBN GRISI AVENA 125G,,,24
bodega_f42_77827,7506425605514,JBN ESCUDO ANTIBACT 110GR,,,25
bodega_f42_77827,7503014119032,AZUFRE JABON C MIEL 80 GR,,,26
bodega_f42_77827,75062927,DESOD REXONA POW-DRY48H STICK45G,,,27
bodega_f42_77827,7506306230507,JBN DOVE BARRA KARITE VAINILL 135G,,,28
bodega_f42_77827,7501022150092,JBN GRISI LECHE DE BURRA 125G,,,29
bodega_f42_77827,7501022111352,JBN GRISI CORP DIABECARE 125 G,,,30
bodega_f42_77827,75069223,DESOD REX MOT-SEN SPORT STICK 45G,,,31
bodega_f42_77827,7509546059556,JBN LIQ PALMOL N-BAL DERMOL 221MLN,,,32
bodega_f42_77827,7506267905186,JBN LIQ BLUMEN COCONUT PARA 221ML,,,33
bodega_f42_77827,7509546683133,JBN PALMOL N-BAL DERMO LIMP 120G,,,34
bodega_f42_77827,7506306241206,DESOD DOVE DERMAC SK-C 48H SPY150ML,,,35
bodega_f42_77827,7501943489004,JBN ESCUDO ROSA PROT Y CUID 110G,,,36
bodega_f42_77827,3600542326414,AGUA MIC GARNIER DE ROSAS 400 ML,,,37
bodega_f42_77827,7506376000284,AGUA MIC VITACILINA ROS-SAB 500MLN,,,38
bodega_f42_77827,7501082790504,DESMAQ BIFASICO OIL NUVEL 125ML,,,39
bodega_f42_77827,7502245722547,AGUA MICE NATURAL-G BIFASIC 120ML,,,40
bodega_f42_77827,7506267905131,JBN LIQ BLUMEN CHERRY BLOSS 221ML,,,41
bodega_f42_77827,7502221012303,TAS HUM CLARIS DESMAQ ALOE C/40,,,42
bodega_f42_77827,7505514121782,JABON DE PROTEINA DE ARROZ Y CONCHA NACAR 80GR,,,43
bodega_f42_77827,7506425652716,JBN ESCUDO AZUL REY 135G,,,44
bodega_f42_77827,7506306248052,DEO AERO DOVE TONO UNIFORME 150ML 3PACK,,,45
bodega_f42_77827,7506306248045,DEO DOVE SPY INVISIBLE DRY 150ML C3,,,46
bodega_f42_77827,7501035911208,JBN LIQ PALMOL AQUARIUM 221ML,,,47
bodega_f42_77827,4005808837311,DESOD NIVEA PEARLB MSPY150ML,,,48
bodega_f42_77827,7506306209862,DEO AXE SPY 150ML 48H ANARCHY FRESH LOVE FOR HER,,,49
bodega_f42_77827,7501943489165,JBN LIQ ESCUDO BLANCO NEUT 225ML,,,50
bodega_f42_77827,759684900280,JALOMA AGUA DE ROSAS 130ML SPRAY,,,51
bodega_f42_77827,7506306226852,DESOD AXE WOM ANARCHY SPY 150ML,,,52
bodega_f42_77827,7509546657035,JBN LIQ PALMOL FLOR CZO-RSA 221ML,,,53
bodega_f42_77827,7501056330378,LOC LIMP PONDS BIO-HYDRA DUAL 200ML,,,54
bodega_f42_77827,7506306226739,DESOD AXE MEN CONVICT SPY 150ML,,,55
bodega_f42_77827,7501361113000,TCO DESOD ODOLEX 300 G,,,56
bodega_f42_77827,7501361123009,ODOLEX NATURALS 300GR TALCO DESODORANTE,,,57
bodega_f42_77827,7501441500096,TIRALECHE DE CRISTAL 1 PZA,,,58
bodega_f42_77827,810120500201,SH PERT PLUS AC-OLIVA 400ML,,,59
bodega_f42_77827,7501072300171,TING POLVO 85G,,,60
bodega_f42_77827,7506306217461,TCO DESOD REXONA EFFI FRESH 200G,,,61
bodega_f42_77827,7501082740011,QUITA ESM NUVEL HUMEC 125ML,,,62
bodega_f42_77827,7509552910971,CRA FRUCTIS PEI B-DANO QUIM 300ML,,,63
bodega_f42_77827,7509552816297,CRA FRUCTIS PEI OIL-R L-COCO 300ML,,,64
bodega_f42_77827,7502276040436,DEO MEXSANA P/PIES SPY 150ML,,,65
bodega_f42_77827,650240025839,SH INT LOMECAN V 200ML,,,66
bodega_f42_77827,7501035919129,SH PALMOL OPT EXT INT 400 ML,,,67
bodega_f42_77827,650240030338,SH INT LOMECAN V ACLAR 200ML,,,68
bodega_f42_77827,7502245720550,SILKHAIR QUITA ESMALTE MORA AZUL 100ML,,,69
bodega_f42_77827,7506192511261,CRA NUTRIBELA10 BIO COLAGENO 300GN,,,70
bodega_f42_77827,7506192509213,CRA NUTRIBELA NUTRICI TARRO 300G,,,71
bodega_f42_77827,7509546073118,SH CAPRICE SP ACTI CERAMIDA 380ML,,,72
bodega_f42_77827,7506306257597,REXONA 100GR TCO PIES EFFICIENT ORIG,,,73
bodega_f42_77827,7509546073156,SH CAPRICE NAT MZNA 380 ML,,,74
bodega_f42_77827,810120500171,CRA PERT OLIV+AC AGU P/PEIN 100 ML,,,75
bodega_f42_77827,7500435155922,AC PANTENE BAMBU 400ML,,,76
bodega_f42_77827,7501056340117,CRA SEDAL LISO PERFECT 300ML,,,77
bodega_f42_77827,7501007457826,ACOND PANT BRILLO EXTREMO 400ML,,,78
bodega_f42_77827,7501056340131,CRA SEDAL RIZOS OBEDIE 300ML,,,79
bodega_f42_77827,7501001165321,ACOND PANT RIZOS DEFINID 400ML,,,80
bodega_f42_77827,7506306249783,SH SEDAL RIZOS DEF INF-ACT 180ML,,,81
bodega_f42_77827,7501056360429,TCO DESOD EFICC PIES 200 G,,,82
bodega_f42_77827,7501056340025,CRA SEDAL SOS RECON-ESTRU 300ML,,,83
bodega_f42_77827,7501056342227,CRA SEDAL RIZOS OBEDIENTES 135ML,,,84
bodega_f42_77827,7506306249776,SH SEDAL CERAMIDAS INF-ACT 180ML,,,85
bodega_f42_77827,7506306237407,SH SEDAL CO-CREAT CERAMIDAS 190ML,,,86
bodega_f42_77827,7501007457796,SH PANT BRILLO EXTREMO 400 ML,,,87
bodega_f42_77827,7501001303464,SH PANT CTRLCAIDA A/PV 400ML,,,88
bodega_f42_77827,7500435155847,SH PANT BAMBU CTRL CAIDA 400 ML,,,89
bodega_f42_77827,7506306249240,SH SAVILE KER-SAB FZA REPAR 700ML,,,90
bodega_f42_77827,7506306249226,SH SAVILE BIO-SAB CRECI RES 700ML,,,91
bodega_f42_77827,7502224511629,SILICA SHINE SIL 3/1 UVA 120 ML,,,92
bodega_f42_77827,7506306234062,CRA SEDAL ANTI NUDOS 300 ML,,,93
bodega_f42_77827,7501056342258,CRA SEDAL RECONS ESTRUCTUR 135ML,,,94
bodega_f42_77827,7501361111501,TCO DESOD ODOLEX 150 G,,,95
bodega_f42_77827,7501361124013,TCO ODOLEX FRESH 150G,,,96
bodega_f42_77827,7501056340124,CRA SEDAL SOS CERAMIDA 300ML,,,97
bodega_f42_77827,7500435020008,SH H&S LIMP RENOV 375ML,,,98
bodega_f42_77827,7500435169035,MOUSSE HERBAL ESS RIZO 200G,,,99
bodega_f42_77827,7500435168991,MOUSSE HERBAL ESS EXTR CONT 200G,,,100
bodega_f42_77827,7500435231237,SH H&S ANTI COMEZON 375ML,,,101
bodega_f42_77827,7506192504539,CERA MOD EGO WET 25 G,,,102
bodega_f42_77827,7501438312374,CERA GEL MOCO DE GORILA CITR 100G,,,103
bodega_f42_77827,7500435231244,SH H&S ANTI COMEZON 180 ML,,,104
bodega_f42_77827,7500435020077,SH H&S ALIVIO INSTANT 180ML NOV26,,,105
bodega_f42_77827,7506192503358,GEL EGO MAGNETIC FIJ-ALTA 200 ML,,,106
bodega_f42_77827,7501199425580,GEL X-EXTREME TITAN 250G,,,107
bodega_f42_77827,7501199428024,GEL MOCO DE GORILA PUNK 80 G,,,108
bodega_f42_77827,7509546073040,SH CAPRICE SP BIOTINA FZA 200ML,,,109
bodega_f42_77827,7509546073033,SH CAPRICE SP ACTI CERAMIDA 200ML,,,110
bodega_f42_77827,7502254073302,SILICA SHINE SILY OLEO ARGAN 120ML,,,111
bodega_f42_77827,7502224511711,SILICA SHINE SILY 3/1 MORA 120ML,,,112
bodega_f42_77827,7502224511636,SILICA SHINE SILY 3/1 NARAN 120ML,,,113
bodega_f42_77827,75001865,BRILL PALMOL LIQ 115ML,,,114
bodega_f42_77827,7509546655055,MOUSSE CAPRICE VOLUM-CTRL 200 G,,,115
bodega_f42_77827,7506306247468,GEL EGO FRESH C-CAS FIJ-ALT 200ML,,,116
bodega_f42_77827,7506192506601,GEL EGO FOR MEN ATTRACTION 200 ML,,,117
bodega_f42_77827,7501086494262,CEP DENT ORAL-B INDICAT35SVE,,,118
bodega_f42_77827,7506192506045,CERA EGO FIRME MATTE 25 G,,,119
bodega_f42_77827,759684431050,ACETONA JALOMA 60 ML,,,120
bodega_f42_77827,7502245720567,SILKHAIR QUITA ESMALTE COCO 100 ML,,,121
bodega_f42_77827,759684437151,ACETONA JALOMA 120 ML,,,122
bodega_f42_77827,7501048640775,PROTEC 10CMX2.75M 1 PZA VENDA DE YESO C12 PZS,,,123
bodega_f42_77827,7501048640799,PROTEC 15CMX2.75M 1 PZA VENDA DE YESO C12 PZS,,,124
bodega_f42_77827,7501048640829,PROTEC 20CMX2.75M 1 PZA VENDA DE YESO C12 PZS,,,125
bodega_f42_77827,7501048640751,PROTEC 5CMX2.75M 1 PZA VENDA DE YESO C12 PZS,,,126
bodega_f42_77827,7501026462078,TERNURA FLOR-BALON 18 PZS CHUPON CON MIEL,,,127
bodega_f42_77827,7501054500216,CRA NIVEA SDATARR GIGA 400ML,,,128
bodega_f42_77827,75064938,DESOD EGO FORCE 24H R-ON 45ML DIC26,,,129
bodega_f42_77827,810120501673,CRA HINDS LIQ AGAVE AZUL 400ML,,,130
bodega_f42_77827,4005808802838,CRA NIVEA B SOFMILK SEC400ML,,,131
bodega_f42_77827,7509546682815,DESOD SPEED SENSITIVE PRO SPY 91G SEP26,,,132
bodega_f42_77827,037836040450,CRA GRISI CONCHNAC P/MANOS 80 ML,,,133
bodega_f42_77827,7501056330309,CRA CLARANT B3 NML/GSA 100G,,,134
bodega_f42_77827,42270027,CRA NIVEA CUIDADA CLAR-NAT 200ML,,,135
bodega_f42_77827,4005900942760,GEL NIV FAC REF HIDRA HYALU 200ML,,,136
bodega_f42_77827,7501054558682,CRA CORP NIVEAMILK 400ML+CRA100ML,,,137
bodega_f42_77827,650240030963,CRA TEATRICAL CEL-MA NUTRIT 400ML,,,138
bodega_f42_77827,7501026462061,CHUPON TERNURA ORTODONTIC MIEL C3,,,139
bodega_f42_77827,7702035469151,CRA LUBRIDERM UV FPS15 120ML,,,140
bodega_f42_77827,037836032776,SH GRISI RICITOS ORO BIOPURE 250ML,,,141
bodega_f42_77827,7501007502441,JBN JOHNSON'S BABY ANTES/DOR 75 G,,,142
bodega_f42_77827,7509546655079,JBN PALMOL N-BAL CORP BABY0% 90G,,,143
bodega_f42_77827,7501082790016,TCO NUVEL PROTEC PURA PARA BEBE200G,,,144
bodega_f42_77827,037836041402,CRA HINDS HIDR-EXTR ALMENDRAS 500ML,,,145
bodega_f42_77827,7501007528939,CRA LUBRIDERM THINT PSEC120ML,,,146
bodega_f42_77827,7702031244486,CRA LUBRIDERM P/NORMAL 120ML,,,147
bodega_f42_77827,037836041273,HINDS ROSA 400ML CREMA CORPORAL,,,148
bodega_f42_77827,7509546074504,SH MENNEN ZERO% SVE 400ML,,,149
bodega_f42_77827,037836033735,SH RICITOS ORO AGUA DE COCO 250ML,,,150
bodega_f42_77827,7509546650708,SH MENNEN LAVAN-EXTRAC AVEN 200ML,,,151
bodega_f42_77827,7501022133286,SH GRISI RICI ORO MIEL 250ML,,,152
bodega_f42_77827,7501086472048,CEP DENT ACCION MAYO ALCAN 60MED,,,153
bodega_f42_77827,7896009498091,SENSODYNE PROTEC COMPLET + ACC LIM EFEC 90G HALEON,,,154
bodega_f42_77827,7506195129166,CEP DENT ORAL-B 3DW ADVANT MED2X1,,,155
bodega_f42_77827,42417644,CRA NIVEA CUIDADO INT P/MANO 75ML,,,156
bodega_f42_77827,7896009419324,CD SENSODYNE ORIGINAL 90G,,,157
bodega_f42_77827,650240013898,CRA TEATRICAL LANOL/ROS 52GR,,,158
bodega_f42_77827,7501054549819,CRA CORP NIV SOFT M P/SECA 100ML,,,159
bodega_f42_77827,7501017360604,TAS SAN KOTEX ANT FLUJO ABUNDANTE S/A 10PZ,,,160
bodega_f42_77827,7509546072050,SH MENNEN MIEL-MZA SVE 200ML,,,161
bodega_f42_77827,7501022150221,JBN RICITOS D ORO NEUTRO 90 G,,,162
bodega_f42_77827,810120501765,CRA GRISI ALOE VERA P/MANOS 80 MLN,,,163
bodega_f42_77827,7501056326142,CRA S PONDS HUMECTANTE 100G,,,164
bodega_f42_77827,7501048691005,PROTEC TENSOLASTIC PLUS 10CMX5M VENDA ELASTICA,,,165
bodega_f42_77827,7702031976394,ENJ BUC LIST ANTICARI-AL 250ML,,,166
bodega_f42_77827,7501943427754,TAS SANIT KOTEX NAT FLEX NOCT C/5,,,167
bodega_f42_77827,650240013850,CRA TEATRICAL SOLIDAC/LANO52G,,,168
bodega_f42_77827,7702031887928,ENJ BUC LIST CARE ZERO MTA 250ML,,,169
bodega_f42_77827,7501054503095,CRA NIVEA SDA TARRO 100 ML,,,170
bodega_f42_77827,619585800198,TAS HUM TH BEBIN SUPER C/80,,,171
bodega_f42_77827,7501072629012,CEP DENT CLINIC ADULTO MED 40 C12,,,172
bodega_f42_77827,7891010974329,ENJ BUC LIST ZERO MTA SVE 250ML,,,173
bodega_f42_77827,4005900701992,NIVEA 75ML CRA P/MANOS 3EN1 ANT-ARRUGAS,,,174
bodega_f42_77827,7509546655727,JBN MENNEN BABY MAGIC LAVAN 90 G,,,175
bodega_f42_77827,7501035908116,TCO MENNEN AZUL 100G,,,176
bodega_f42_77827,7501035908130,TCO MENNEN AZUL 200G,,,177
bodega_f42_77827,7501048691104,PROTEC TENSOLASTIC PLUS 15CMX5M VENDA ELASTICA,,,178
bodega_f42_77827,7501035908147,TCO MENNEN ROSA 200G,,,179
bodega_f42_77827,7501019006371,TAS SANIT SABA INV ALAS C/10,,,180
bodega_f42_77827,619585103015,BEBIN SUPER 40PZS TOALLITAS HUMEDAS,,,181
bodega_f42_77827,7501048690800,PROTEC TENSOLASTIC PLUS 5CMX5M VENDA ELASTICA,,,182
bodega_f42_77827,7794640171550,C D SENSODYNE RAPIDO ALIVIO 100G,,,183
bodega_f42_77827,7501048690909,PROTEC TENSOLASTIC PLUS 7CMX5M VENDA ELASTICA,,,184
surtidor_112558,7501868900264,*DIBAR ALCOHOL 125ML ROJO,,,1
surtidor_112558,7501868960257,*DIBAR ALCOHOL 1LT ROJO,,,2
surtidor_112558,7501868900226,*DIBAR ALCOHOL 250ML. ROJO,,,3
surtidor_112558,7501868990023,*DIBAR ALCOHOL 500ML. ROJO,,,4
surtidor_112558,7501677620056,AGUA DESTILADA LA FLOR 1 LT,,,5
surtidor_112558,3311000003920,ARNICA MERCURIO,,,6
surtidor_112558,7506376000260,CREMA AMARILLA VITACILINA ACLARADORA,,,7
surtidor_112558,7506376000253,CREMA ROJA VITACILINA ANTIARRUGAS 100GR,,,8
surtidor_112558,7501943475,DIAPRO CONFORT GRANDE C/10,,,9
surtidor_112558,7501116800803,DIAPRO CONFORT MED C/10,,,10
surtidor_112558,7501186901100,DIBAR ALCOHOL AZUL 125ML,,,11
surtidor_112558,7501868901131,DIBAR ALCOHOL AZUL 1LT,,,12
surtidor_112558,7501868901117,DIBAR ALCOHOL AZUL 250ML,,,13
surtidor_112558,7501868901124,DIBAR ALCOHOL AZUL 500ML,,,14
surtidor_112558,7501298223704,DOLO NEUROBION TAB C/20,,,15
surtidor_112558,7501033950100,ENSURE LIQ 236ML CHTE,,,16
surtidor_112558,7501033950063,ENSURE LIQ 236ML FSA,,,17
surtidor_112558,7501033950070,ENSURE LIQ 236ML VNLLA,,,18
surtidor_112558,7501033956133,GLUCERNA LIQ 237ML CHOCOLATE,,,19
surtidor_112558,7501033952,GLUCERNA LIQ 237ML VAINILLA,,,20
surtidor_112558,7501033956140,GLUCERNA SR LIQ 237ML FRESA,,,21
surtidor_112558,7501507521317,GOTERO CRISTAL,,,22
surtidor_112558,7501001157296,NATURELLA FLUJO MOD C/ALAS C/8,,,23
surtidor_112558,7501001405335,NATURELLA NOCHE CON ALAS C/8,,,24
surtidor_112558,7501033951008,PEDIASURE LIQ 236ML CHTE,,,25
surtidor_112558,7501033954245,PEDIASURE LIQ 236ML FSA,,,26
surtidor_112558,7501033950209,PEDIASURE LIQ 236ML VNLLA,,,27
surtidor_112558,7501019006623,SABA BUENAS NOCHES 8 EX LARGA,,,28
surtidor_112558,7501065054135,TUMS 7 TB 3 SURT,,,29
surtidor_112558,7501056323066,FASELINE PURO 42G,,,30
surtidor_112558,7501056323059,VASELINE PURO 85G,,,31
surtidor_112558,7501001246730,VICK VAPORUB POM 12G C12 LATAS,,,32
surtidor_112558,7590002012475,VICK VAPORUB UNG 100G,,,33
surtidor_112558,7590002012468,VICK VAPORUB UNG 50G,,,34
exprezo_1279718,7509546073033,Shampoo Caprice Acti-Ceramidas 200 ml,,FC-46073033,3
exprezo_1279718,7501008497340,Flanax 550 mg 12 Tabs,,FC-84973401,5
exprezo_1279718,7506475102421,Gerber Etapa 2 Manzana 100 g,,,6
exprezo_1279718,7506475102469,Gerber Etapa 2 Mango 100 g,,,7
exprezo_1279718,7506475102452,Gerber Etapa 2 Pera 100 g,,,8
exprezo_1279718,7506475102476,Gerber Etapa 2 Durazno 100 g,,,9
exprezo_1279718,7506475102537,Gerber Etapa 2 Comida Casera Pollo 100 g,,,10
exprezo_1279718,7506475102520,Gerber Etapa 2 Comida Casera Res 100 g,,,11
exprezo_1279718,0608875005092,Papilla Heinz Pouch Manzana 113 g,,,12
exprezo_1279718,7501058651129,GERBER POUCH JR FRUT MIXT 95 g,,,13
exprezo_1279718,7506205809248,Enfagrow Premium Etapa 3 lata 800 g,,,14
exprezo_1279718,650240013805,Alliviax Desinflamatorio 550 mg C/10,,,15
exprezo_1279718,7506306246652,Jabón Dove blanco 90 g,,,16
exprezo_1279718,7506425652716,Jabón Escudo Azul 135 g,,FC-25652716,17
