principio_activo,concentracion,forma,n_skus,skus,nombres,marcas,precio_min,precio_max,dispersion_precio_pct,alerta
emolientes humectantes,,crema,13,FC-00701992 | FC-54558682 | FC-36041273 | FC-42270027 | FC-54504535 | FC-54549796 | FC-54549819 | FC-54500216 | FC-54503095 | FC-42417644 | FC-36041402 | FC-20501673 | FC-08802838,Crema Nivea Manos  Ant-Arrugas | Nivea Milk Crema corp 400 ML | Crema Hinds Clasica Rosa | Crema Nivea Facial 7 en 1 | Crema corporal Nivea Milk | Crema Nivea Milk Nutritiva | Crema Nivea Softmilk | Crema Nivea de Tarro Crist | Crema Nivea Tarro | Crema Nivea Cuidado Int P/Mano | Crema Hinds hidratación extra almendras | Crema Hinds líquida agave azul | Crema Nivea Softmilk,Hinds | Nivea,30.11,207.00,587.5,si
jabon tensioactivos,,jabon,11,FC-46657035 | FC-56371159 | FC-22150221 | FC-46655079 | FC-46655727 | FC-07502441 | FC-22105207 | FC-38891190 | FC-40004643 | FC-40036965 | FC-22150801,Palmolive jabón líquido cerezo y rosa | Jabon Dove Exfoliacion | Jabon en Barra Ricitos de Oro Neutro | Jabon barra Palmolive Neutro Bal Corp Baby | Jabon Mennen Baby Magic Lavan Hipoalerg | Jabon Johnsons Baby Antes/Dorm | Jabon Grisi Neutro | Jabon Dove Original | Jabon Asepxia Exfoliante | Jabon Asepxia Bicarbon | Jabon Grisi Avena,Asepxia | Dove | Grisi | Johnson | Mennen | Palmolive | Ricitos de Oro,19.00,61.86,225.6,si
alcohol etilico,,alcohol,8,FC-68900226 | FC-68900264 | FC-68901117 | FC-68901124 | FC-68901131 | FC-86901100 | FC-68960257 | FC-68990023,Alcohol Etilico Rojo 96° | Alcohol Etilico Rojo 96° | Alcohol Etilico Azul 71.6 | Alcohol Etilico Azul 71.6 | Alcohol Etilico Azul 71.6 | Alcohol Etilico Azul 71.6 | Alcohol Etilico Rojo 96° | Alcohol Etilico Rojo 96°,Dibar,13.00,80.00,515.4,si
material de curacion,,material de curacion,8,FC-48640751 | FC-48690909 | FC-48640799 | FC-48640775 | FC-46640629 | FC-48690800 | FC-48691005 | FC-48691104,Venda de yeso 5 cm x 2.75 m | Venda Elástica Protec 7 cm x 5 m | Venda de yeso 15 cm x 2.75 m | Venda de yeso 10 cm x 2.75 m | Venda de yeso 20 cm x 2.75 m | Venda Elástica Protec 5 cm x 5 m | Venda elástica Protec 10 cm x 5 m | Venda Elastica Protec 15 cm x 5 m,Protec,22.00,61.00,177.3,si
suplemento nutricional,,liquido,7,FC-33950063 | FC-33950100 | FC-33956133 | FC-33956140 | FC-33950070 | FC-33950209 | FC-33951008,Pediasure fresa | Ensure chocolate | Glucerna chocolate | Glucerna fresa | Ensure vainilla | Pediasure vainilla | Pediasure chocolate,Ensure | Glucerna | Pediasure,63.00,72.00,14.3,
producto homeopatico natural,,aceite,5,FC-69387811 | FC-931B4809 | FC-38CAFE6B | FC-5A697CC2 | FC-D4AC123B,Mercurio Aceite Gomenolado | Mercurio Aceite Coco | Mercurio Aceite Romero | Mercurio Aceite Olivo | Mercurio Aceite Almendras,Mercurio,12.80,12.80,0.0,
solucion limpiadora,,toallas humedas,5,FC-43454811 | FC-43471900 | FC-85800198 | FC-21012303 | FC-56034041,Toallitas húmedas cuidado puro | Toallitas húmedas C/120 | Toallitas Bebin Super | Claris toallas desmaquillantes aloe C/40 | Toallitas húmedas antibacterial,Absorsec | Bebin Super | Claris | Escudo | Huggies,24.47,63.37,159.0,si
producto homeopatico natural,,producto natural,5,FC-3676D5DC | FC-5D59ED54 | FC-62034164 | FC-D037156B | FC-C4530823,Mercurio Espiritus Tomar | Mercurio Cloruro De Magnesio Cajita | Mercurio Espiritus Untar | Mercurio Bismuto Subnitrato | Mercurio óxido de zinc C/50,Mercurio,9.61,117.60,1123.7,si
material plastico,,perilla,5,FC-614E4F82 | FC-9A1C64E7 | FC-BCF59548 | FC-C22EBFE6 | FC-FFC25DD1,Perilla N3 | Perilla Edigar N O Caja | Perilla N1 | Perilla N2 | Perilla N4,Edigar | Perilla,23.21,31.21,34.5,si
producto homeopatico natural,,pomada,5,FC-9827438F | FC-FD718DF3 | FC-0ACC5B6A | FC-EFB599B5 | FC-FEAECBF1,Mercurio Veneno De Abeja | Mercurio Sulfatiazol | Mercurio Oxido De Zinc | Mercurio Pan Puerco | Mercurio Tepezcohuite,Mercurio,14.40,18.41,27.8,si
paracetamol fenilefrina clorfenamina,,tabletas,4,FC-00525451 | FC-00170941 | FC-40010538 | FC-50608272,XL-3 C/10 | XL-3 Xtra C/12 | Next Tab | Contac Ultra,Contac | Next | XL-3,31.76,48.96,54.2,si
silice dimeticone,,tratamiento capilar,4,FC-24511711 | FC-24511629 | FC-54073302 | FC-24511636,Silica Shine Sily 3/1 Mora | Silica Shine uva | Silica Shine Sily Oleo Argan | Silica Shine Sily 3/1 Naran,Shine Sily | ShineSily,63.00,63.00,0.0,
fluoruro de sodio,,crema dental,4,FC-66534951 | FC-40171550 | FC-60009851 | FC-09419324,Colgate Total | Pasta Dent Sensodyne rápido relief | Colgate Triple Acc | Pasta Dent Sensodyne Original,Colgate | Sensodyne,30.72,150.00,388.3,si
talco zinc undecilenato,,talco,4,FC-56360429 | FC-35908130 | FC-35908147 | FC-82790016,Talco para pies Rexona Efficient Orig | Talco Para Bebe Mennen Azul | Talco Para Bebe Mennen Rosa | Talco Nuvel Pura Para Bebe,Genérico | Mennen | Nuvel,29.00,101.00,248.3,si
material sintetico,,cepillo dental,4,FC-72629012 | FC-86472048 | FC-95129166 | FC-86494262,Cepillo Dent Clinic | Cepillo Dent Mayor Alcance Pro | Cepillo Dent Oral-B Limpieza Intens 2 | Cepillo Oral-B Indicat,Clinic | Oral-B | PRO,15.00,75.00,400.0,si
multivitaminico minerales,,tabletas,3,FC-50959781 | FC-65095718 | FC-65095947,Centrum Performance | Centrum | Centrum Silver + 50,Centrum,205.47,232.00,12.9,
vaselina lanolina,,tela adhesiva,3,FC-03406600 | FC-03406501 | FC-34063651,Quirmex | Quirmex | Quirmex,Quirmex,19.00,143.53,655.4,si
acido acetilsalicilico,,tabletas,3,FC-08496701 | FC-08895196 | FC-08491074,Aspirina Eferv | Aspirina | Aspirina,Aspirina,13.00,163.00,1153.8,si
celulosa absorbente,,toallas sanitarias,3,FC-01157296 | FC-01405335 | FC-19006623,Naturella flujo moderado con alas | Naturella noche con alas | Saba buenas noches,Naturella | Saba,15.00,28.00,86.7,si
material sintetico,,biberon,3,FC-75125811 | FC-75163051 | FC-27512574,Evenflo Colors | Evenflo Ensueno Azul | Evenflo Colors,Evenflo,21.44,25.28,17.9,
solucion limpiadora,,toallas sanitarias,3,FC-19006371 | FC-43427754 | FC-17360604,Toallas Saba Invisible con alas C/10 | Toallas Kotex Nocturna Ext Largo cn alas | Toallas Kotex Regular Flujo Amb,Kotex | Saba,15.00,30.00,100.0,si
emolientes lanolina,,crema,3,FC-40013850 | FC-40030963 | FC-40013898,Crema Teatrical Lanolina | Crema Teatrical Cel-Ma Nutrit | Crema Teatrical Lanol/Ros,Teatrical,43.00,88.00,104.7,si
agua oxigenada,,agua oxigenada,3,FC-48335305 | FC-83351381 | FC-83351691,Degasa 15.00 Agua Oxigenada | Agua oxigenada | Degasa Agua Oxigenada,Degasa | Dermocleen,12.23,23.52,92.3,si
cera resina,,cera capilar,3,FC-92506045 | FC-92504539 | FC-38312374,Cera Ego Matte | Cera Ego Brillo | Cera gel Moco de Gorila Citrus,Ego | Moco de Gorila,27.00,46.00,70.4,si
vaselina lanolina,,venda,3,FC-34067301 | FC-34067471 | FC-34067781,Quirmex | Quirmex | Quirmex,Quirmex,10.00,37.96,279.6,si
guaifenesina dextrometorfano,,jarabe,2,FC-00315021 | FC-40010712,Tukol-D jarabe infantil | Tukol-D jarabe,Tukol-D,158.52,171.33,8.1,
acido acetilsalicilico acido citrico bicarbonato de sodio,,tabletas,2,FC-08443026 | FC-84999001,Alka-Seltzer | Alka-Seltzer,Alka-Seltzer,278.41,340.60,22.3,
acido acetilsalicilico caffeina,,tabletas,2,FC-08491096 | FC-84335531,Cafiaspirina Tar C/100 | Aspirina Forte C/24 Caf Iaspirina,Aspirina | Cafiaspirina,93.33,347.94,272.8,si
plastico medical grade,,jeringa,2,FC-23273451 | FC-23272151,Jeringa insulina 0.5 ml | Jeringa insulina 0.3 ml,Jayor,282.36,326.00,15.5,
arnica montana,,pomada,2,FC-25E452B6 | FC-89F00320,Mercurio Arnica Untar | Mercurio Arnica,Mercurio,12.00,16.80,40.0,si
suplemento nutricional,,suplemento,2,FC-33954078 | FC-33956126,Ensure Fresa | Glucerna Vainilla,Ensure | Glucerna,63.00,72.00,14.3,
emolientes labiales,,pomada,2,FC-45079011 | FC-45045281,Labello | Labello Hydro-C,Labello,90.40,90.40,0.0,
jabon tensioactivos,,jabon liquido,2,FC-43489165 | FC-67905131,Escudo jabón líquido blanco neutro | Blumen jabón líquido cherry blossom,Blumen | Escudo,28.45,36.00,26.5,si
producto homeopatico natural,,polvo,2,FC-47AAF23B | FC-578F060C,Mercurio Sulfatiazol Polvo | Mercurio Borax Polvo,Mercurio,84.81,110.40,30.2,si
formula lactea,,leche,2,FC-58611420 | FC-92821171,Nido Nido Nestle Bolsa | Nido Nido Nestle Bolsa Nestle,Nido,49.08,85.93,75.1,si
producto homeopatico natural,,yodo,2,FC-A680F97E | FC-D3D28E20,Mercurio Yodo Tomar | Mercurio Yodo Untar,Mercurio,17.61,18.41,4.5,
amikacina,500mg 2 ml,ampolleta,2,FC-11294615 | FC-1FEA2FB7,Amikacina | Amikacina,,46.74,51.11,9.3,
fluoxetina,20 mg,tabletas,2,FC-F7DB080D | FC-FD92D114,Ovisen | Ovisen,Ovisen,13.25,26.43,99.5,si
amoxicilina ac clavulanico,875 125 mg,tabletas,2,FC-D06E54FE | FC-F22C72BE,Valclan | Clamoxin 12H (Amoxicilina/Clavulánico),Clamoxin | Valclan,66.54,71.54,7.5,
jabon tensioactivos,,shampoo,2,FC-40030338 | FC-40025839,Jabon Intimo Lomecan V Aclar | Jabon Intimo Lomecan V,Lomecan,89.00,100.00,12.4,
beneventol,400 mg,capsulas,2,FC-369D1689 | FC-4BD80686,Beneventol | Beneventol,Beneventol,82.29,141.08,71.4,si
amoxicilina ac clavulanico,500 125 mg,tabletas,2,FC-5F30F9D4 | FC-022543CD,Clamoxin (Amoxicilina/Clavulánico 500/125 mg) | Valclan,Clamoxin | Valclan,48.39,63.03,30.3,si
producto homeopatico natural,,arnica,2,FC-5EF90195 | FC-00003920,Mercurio Flor De Arnica | Arnica Mercurio,Mercurio,23.00,88.00,282.6,si
fluoruro de sodio,,crema,2,FC-60689091 | FC-66888171,Colgate Trip Xtra | Colgate Max Clean,Colgate,21.96,40.81,85.8,si
