sku,nombre,ticket,linea_ticket,lote,nombre_ticket,clave_equilibrio,via_match,ean_propuesto,nombre_levic,precio_levic,aceptable,confirmado_por,aceptado,aviso
FC-69387811,Mercurio Aceite Gomenolado,IFC1-080826,17,,MERCURIO ACEITE GOMENOLADO C/25 1160623,,,,,,,,,Sin clave/EAN exacto en tickets ni portal Levic
FC-6C2878CF,Susp 125 Mg/Ml,440393,102,25XY004,BUDENOVA SUSP 125 MG/ML 5 AMP 2ML,NOV165,linea_equilibrio,7501075726251,Budenova Susp .125 Mg/Ml 5 Amp 2ml,161.0,candidato_clave_levic,equilibrio.linea_equilibrio+levic.NOV165,,NO aplicar en lote. Solo clave/EAN exacto. Revisar a mano si via=nombre_fold.
FC-931B4809,Mercurio Aceite Coco,IFC1-080826,9,,MERCURIO ACEITE COCO C/25 800523 83064,,,,,,,,,Sin clave/EAN exacto en tickets ni portal Levic
FC-926099D3,Mertiolate Kohn Rojo,IFC1-080826,12,,KOHN MERTIOLATE ROJO C/25 012023 82912,,,,,,,,,Sin clave/EAN exacto en tickets ni portal Levic
FC-77FE5C83,Sonblefam S (Crema),440393,115,26061504,SONBLEFAM S 1 CMA 100 G/40 G,SON256,lote_equilibrio,7502001166592,Sonblefan S 1 Cma .100 G/ 40 G,36.21,candidato_clave_levic,equilibrio.lote_equilibrio+levic.SON256,,NO aplicar en lote. Solo clave/EAN exacto. Revisar a mano si via=nombre_fold.
FC-AA7B0686,Drosquim Ad 1 Ibe 300/160,440393,156,26DP32,DROSQUIM AD 1 IBE 300/160/200 ML,QUM070,lote_equilibrio,7502223111400,Drosequim Ad 1 Jbe 300/160/200 Ml,82.59,candidato_clave_levic,equilibrio.lote_equilibrio+levic.QUM070,,NO aplicar en lote. Solo clave/EAN exacto. Revisar a mano si via=nombre_fold.
FC-CF719C07,Diclofen,440393,20,E2605191,DICLOFEN 12 CAPS 500 MG,SON039,linea_equilibrio,7502001163782,Dicleophen 12 Caps 500 Mg,29.76,candidato_clave_levic,equilibrio.linea_equilibrio+levic.SON039,,NO aplicar en lote. Solo clave/EAN exacto. Revisar a mano si via=nombre_fold.
FC-1CF27DC9,Dison Dex,440393,90,26040978,DISON DEX 1 FA 5/2 MG,SON160,lote_equilibrio,7502001164833,Disons Dex 1 Fa 5/2 Mg,35.11,candidato_clave_levic,equilibrio.lote_equilibrio+levic.SON160,,NO aplicar en lote. Solo clave/EAN exacto. Revisar a mano si via=nombre_fold.
FC-DE106642,Infamid (Metamizol + Dexametasona + Vit. B),440393,120,26240043,AMPIGRIN INF 3 AMP 250/200/100/30MG/3 ML,COL008,lote_equilibrio,780083140939,AMPIGRIM INFANTIL(Metamizol + Dexametasona + Vit. B),73.95,candidato_clave_levic,equilibrio.lote_equilibrio+levic.COL008,,NO aplicar en lote. Solo clave/EAN exacto. Revisar a mano si via=nombre_fold.
FC-D11D586A,Valgab 3 Ibe /6Ml,440393,151,L2K501,VALGAB 3 IBE 50MG/6ML,BIO163,linea_equilibrio,7501573907688,Valgab 3 jarabe 6 mL,21.18,candidato_clave_levic,equilibrio.linea_equilibrio+levic.BIO163,,NO aplicar en lote. Solo clave/EAN exacto. Revisar a mano si via=nombre_fold.
FC-F8691496,Bactiver F (Sulfametoxazol/Trimetoprima),440393,79,261127,BACTIVER F 16 TAB 160/800 MG,MAV002,lote_equilibrio,7503000422283,Bactiver F (Sulfametoxazol/Trimetoprima),22.72,candidato_clave_levic,equilibrio.lote_equilibrio+levic.MAV002,,NO aplicar en lote. Solo clave/EAN exacto. Revisar a mano si via=nombre_fold.
FC-22B18244,Cefotaxima IM (Inyectable),440393,84,J25T017,CEFOTAXIMA I.M. 1 FA 1G/4 ML,AMS263,lote_equilibrio,7501349022515,Cefotaxima IM (Inyectable),30.4,candidato_clave_levic,equilibrio.lote_equilibrio+levic.AMS263,,NO aplicar en lote. Solo clave/EAN exacto. Revisar a mano si via=nombre_fold.
FC-EADF1484,Diosmina Hesperidina,440393,158,C50366,DIOSMINA HESPERIDINA 20 TAB 450/50 MG,BEA428,lote_equilibrio,7501342804484,Diosmina Hesperidina,40.38,candidato_clave_levic,equilibrio.lote_equilibrio+levic.BEA428,,NO aplicar en lote. Solo clave/EAN exacto. Revisar a mano si via=nombre_fold.
FC-F7A2CACF,Indarzona,440393,135,SB01DC,INDARZONA 30 CAPS 25/0.5 MG,STR006,linea_equilibrio,7501547509016,Indarzona,62.49,candidato_clave_levic,equilibrio.linea_equilibrio+levic.STR006,,NO aplicar en lote. Solo clave/EAN exacto. Revisar a mano si via=nombre_fold.
FC-F817BC3A,Sibicos,440393,88,262040,SIBICOS 1 CMA 1/100/20 G,MAV284,lote_equilibrio,7502009746093,Sibicos,34.99,candidato_clave_levic,equilibrio.lote_equilibrio+levic.MAV284,,NO aplicar en lote. Solo clave/EAN exacto. Revisar a mano si via=nombre_fold.
FC-FA3D96E6,N Calcitriol,440393,95,U0265,BECATRIM N CALCITRIOL 30 CAPS 0.25 MCG,PGE052,lote_equilibrio,7503027446125,Ercatriv M Calcitriol 30 Caps 0.25 Mcg,49.19,candidato_clave_levic,equilibrio.lote_equilibrio+levic.PGE052,,NO aplicar en lote. Solo clave/EAN exacto. Revisar a mano si via=nombre_fold.
FC-2E79C2D8,Hierro Dex,440393,146,B25T405,HIERRO DEX 3 AMP 100 MG/2 ML,AMS371,linea_equilibrio,7501349020412,Hierro Dex,63.41,candidato_clave_levic,equilibrio.linea_equilibrio+levic.AMS371,,NO aplicar en lote. Solo clave/EAN exacto. Revisar a mano si via=nombre_fold.
FC-1BF03D35,Acetonido De Fluocinolona Cma,440393,143,2601201,ACETONIDO DE FLUOCINOLONA CMA,ALP0598,lote_equilibrio,7503004908721,Acetonido De Fluocinolona Cma,19.79,candidato_clave_levic,equilibrio.lote_equilibrio+levic.ALP0598,,NO aplicar en lote. Solo clave/EAN exacto. Revisar a mano si via=nombre_fold.
FC-3B001F9B,Amlodipino,440393,103,5EM451B,AMLODIPINO 30 TAB 5 MG,AVI037,lote_equilibrio,7502216804661,Amlodipino,11.33,candidato_clave_levic,equilibrio.lote_equilibrio+levic.AVI037,,NO aplicar en lote. Solo clave/EAN exacto. Revisar a mano si via=nombre_fold.
FC-64EB83AA,Compl,440393,48,125T007,"BENCIL/BENZ COMPL 1 FA 1,2 U 3 ML",AMS398,linea_equilibrio,7501349025271,Bencil/Benz Comp 1 Fa 1.2 U 3 Ml,24.13,candidato_clave_levic,equilibrio.linea_equilibrio+levic.AMS398,,NO aplicar en lote. Solo clave/EAN exacto. Revisar a mano si via=nombre_fold.
FC-FD845E68,Aciclovir,440393,73,U26F020,ACICLOVIR 35 TAB 400 MG,AMS297,lote_equilibrio,7501349028791,Aciclovir,61.42,candidato_clave_levic,equilibrio.lote_equilibrio+levic.AMS297,,NO aplicar en lote. Solo clave/EAN exacto. Revisar a mano si via=nombre_fold.
FC-0BDE9283,Clophiven 200 Dosis 50 Mcg,440393,112,CLOPHIVEN,CLOPHIVEN 200 DOSIS 50 MCG/15 G,HIS087,linea_equilibrio,7502213042752,Clofhiven 200 Dosis 50 Mcg/12.80g,56.64,candidato_clave_levic,equilibrio.linea_equilibrio+levic.HIS087,,NO aplicar en lote. Solo clave/EAN exacto. Revisar a mano si via=nombre_fold.
FC-44B6751A,Aquito 500/100/30/4 Mg,440393,117,B26031S,LAUR AQUITO 500/100/30/4 MG 3 AMP,SON264,linea_equilibrio,7502001166981,Laur Solución Inyectable,69.44,candidato_clave_levic,equilibrio.linea_equilibrio+levic.SON264,,NO aplicar en lote. Solo clave/EAN exacto. Revisar a mano si via=nombre_fold.
FC-4FD413D2,Haspen,440393,111,6S032,HASPEN 3 AMP 20 MG/1 ML,HIS076,linea_equilibrio,7502213042370,Fhaspem 3 Amp 20 Mg/1 Ml,24.59,candidato_clave_levic,equilibrio.linea_equilibrio+levic.HIS076,,NO aplicar en lote. Solo clave/EAN exacto. Revisar a mano si via=nombre_fold.
FC-2001A890,Ampigrin AD (Ampicilina + Dicloxacilina),440393,119,26240110,AMPIGRIN AD 3 AMP 500/500/100/30MG/3 ML,COL009,lote_equilibrio,780083140922,Ampigrin AD (Ampicilina + Dicloxacilina),83.74,candidato_clave_levic,equilibrio.lote_equilibrio+levic.COL009,,NO aplicar en lote. Solo clave/EAN exacto. Revisar a mano si via=nombre_fold.
FC-759A5EF9,Wermy,440393,162,260486,WERMY 30 CAPS 300 MG,AVT135,linea_equilibrio,,,,,,,Sin clave/EAN exacto en tickets ni portal Levic
FC-07F04F88,Amcef IM 500 mg (Inyectable),440393,122,J25D063,AMCEF I.M. 1 FA 500MG/2 ML,AMS002,lote_equilibrio,7501349011007,Amcef IM 500 mg (Inyectable),17.5,candidato_clave_levic,equilibrio.lote_equilibrio+levic.AMS002,,NO aplicar en lote. Solo clave/EAN exacto. Revisar a mano si via=nombre_fold.
FC-3E863E37,Tratidri,440393,140,261001,TRATIDRI 1 GEL 500/50 MG 60 G,MAV322,linea_equilibrio,7502009746932,"Traditor Indometacina, Betametasona",44.88,candidato_clave_levic,equilibrio.linea_equilibrio+levic.MAV322,,NO aplicar en lote. Solo clave/EAN exacto. Revisar a mano si via=nombre_fold.
FC-38CAFE6B,Mercurio Aceite Romero,IFC1-080826,11,,MERCURIO ACEITE ROMERO C/25 1910923,,,,,,,,,Sin clave/EAN exacto en tickets ni portal Levic
FC-3676D5DC,Mercurio Espiritus Tomar,IFC1-080826,5,,MERCURIO ESPIRITUS TOMAR C/25 1760823,,,,,,,,,Sin clave/EAN exacto en tickets ni portal Levic
FC-39036C88,Mercurio Glicerina,IFC1-080826,7,,MERCURIO GLICERINA C/25 1230723 83125,,,,,,,,,Sin clave/EAN exacto en tickets ni portal Levic
FC-47AAF23B,Mercurio Sulfatiazol Polvo,IFC2-080826,10,,MERCURIO SULFATIAZOL POLVO C/50 1710824,,,,,,,,,Sin clave/EAN exacto en tickets ni portal Levic
FC-40CE757D,Cefalver,440393,8,256934,CEFALVER 12 TAB 1 G,MAV260,lote_equilibrio,7502009745614,Cefalver,64.99,candidato_clave_levic,equilibrio.lote_equilibrio+levic.MAV260,,NO aplicar en lote. Solo clave/EAN exacto. Revisar a mano si via=nombre_fold.
FC-885F2723,Carbamazepina,440393,106,7220526,CARBAMAZEPINA 20 TAB 200 MG,RAM054,lote_equilibrio,7502227872123,Raamcinet cetirizina 10 mg,20.27,candidato_clave_levic,equilibrio.lote_equilibrio+levic.RAM054,,NO aplicar en lote. Solo clave/EAN exacto. Revisar a mano si via=nombre_fold.
FC-5D59ED54,Mercurio Cloruro De Magnesio Cajita,IFC2-080826,23,,MERCURIO CLORURO DE MAGNESIO C/10 CAJITA,,,,,,,,,Sin clave/EAN exacto en tickets ni portal Levic
FC-614E4F82,Perilla N3,IFC2-080826,12,,EDGAR PERILLA N 3 C A 1334 81608,,,,,,,,,Sin clave/EAN exacto en tickets ni portal Levic
FC-5A697CC2,Mercurio Aceite Olivo,IFC1-080826,6,,MERCURIO ACEITE OLIVO C/25 1000625 83825,,,,,,,,,Sin clave/EAN exacto en tickets ni portal Levic
FC-578F060C,Mercurio Borax Polvo,IFC2-080826,6,,MERCURIO BORAX POLVO C/50 140072483490,,,,,,,,,Sin clave/EAN exacto en tickets ni portal Levic
FC-62034164,Mercurio Espiritus Untar,IFC1-080826,4,,MERCURIO ESPIRITUS UNTAR C/25 1770823,,,,,,,,,Sin clave/EAN exacto en tickets ni portal Levic
FC-1321B34F,Hidroxon,440393,138,SK2109,HIDROXON 30 TAB 10 MG,MAI099,linea_equilibrio,785120754681,Hidroxin,37.52,candidato_clave_levic,equilibrio.linea_equilibrio+levic.MAI099,,NO aplicar en lote. Solo clave/EAN exacto. Revisar a mano si via=nombre_fold.
FC-DB3B2584,Celesbitan,440393,83,26C2109,CELESBITAN 1 FA C/BER 6MG/2 ML,BRU106,linea_equilibrio,,,,,,,Sin clave/EAN exacto en tickets ni portal Levic
FC-DDFBABDF,Clamoxin 12H Ped (Amoxicilina/Clavulánico susp.),440393,66,257267,CLAMOXIN 12H PED 1 SUSP 200/28.5MG/40 ML,MAV013,lote_equilibrio,7502009740497,Clamoxin 12H Ped (Amoxicilina/Clavulánico susp.),27.08,candidato_clave_levic,equilibrio.lote_equilibrio+levic.MAV013,,NO aplicar en lote. Solo clave/EAN exacto. Revisar a mano si via=nombre_fold.
FC-DB4A39AE,Eferox (Cefalexina),440393,94,29911,CALCIO EFE 12 COMP 500 MG,RAD096,lote_equilibrio,7501563380439,Calcio Efe 12 Comp 500 Mg,42.49,candidato_clave_levic,equilibrio.lote_equilibrio+levic.RAD096,,NO aplicar en lote. Solo clave/EAN exacto. Revisar a mano si via=nombre_fold.
FC-9827438F,Mercurio Veneno De Abeja,IFC2-080826,17,,MERCURIO POMADA VENENO DE ABEJA C/25,,,,,,,,,Sin clave/EAN exacto en tickets ni portal Levic
FC-9A1C64E7,Perilla Edigar N O Caja,IFC2-080826,9,,EDIGAR PERILLA N O CAJA,,,,,,,,,Sin clave/EAN exacto en tickets ni portal Levic
FC-A2B284E0,Hialuronato De Sodio 4Mg,440393,145,26161P,HIALURONATO DE SODIO 4MG 10 ML,EXA054,lote_equilibrio,75058661,Hialuronato De Sodio 4Mg,118.77,candidato_clave_levic,equilibrio.lote_equilibrio+levic.EXA054,,NO aplicar en lote. Solo clave/EAN exacto. Revisar a mano si via=nombre_fold.
FC-A871D831,Perilla N6,IFC2-080826,5,,/ 2.00 PIEZA EDIGAR PERILLA N 6 CAJA 1649 81608,,,,,,,,,Sin clave/EAN exacto en tickets ni portal Levic
FC-9507CD66,Mercurio Haba Alcanforada,IFC2-080826,15,,MERCURIO HABA ALCANFORADA C/50 1510724,,,,,,,,,Sin clave/EAN exacto en tickets ni portal Levic
FC-A680F97E,Mercurio Yodo Tomar,IFC1-080826,18,,MERCURIO YODO TOMAR C/25 1800823 83156,,,,,,,,,Sin clave/EAN exacto en tickets ni portal Levic
FC-B8D7C997,Bicarbonato Sobres,IFC2-080826,3,,MERCURIO BICARBONATO SOBRES C/50,,,,,,,,,Sin clave/EAN exacto en tickets ni portal Levic
FC-BCF59548,Perilla N1,IFC2-080826,14,,EDIGAR PERILLA N 1 CAJA 1113 81608,,,,,,,,,Sin clave/EAN exacto en tickets ni portal Levic
FC-DF8ADDAB,Erispan,440393,107,256110,ERISPAN 1 FA 4MG/3 ML,MAV360,lote_equilibrio,7502009745218,Erispan,23.44,candidato_clave_levic,equilibrio.lote_equilibrio+levic.MAV360,,NO aplicar en lote. Solo clave/EAN exacto. Revisar a mano si via=nombre_fold.
FC-D037156B,Mercurio Bismuto Subnitrato,IFC2-080826,2,,MERCURIO BISMUTO SUBNITRATO C/50 1390724,,,,,,,,,Sin clave/EAN exacto en tickets ni portal Levic
FC-D3D28E20,Mercurio Yodo Untar,IFC1-080826,16,,MERCURIO YODO UNTAR C/25 1810623 83156,,,,,,,,,Sin clave/EAN exacto en tickets ni portal Levic
FC-174824A0,Vernisen,440393,5,790055,VERNISEN 6 TAB 200 MG,NOV025,lote_equilibrio,7501075715927,Vermisen 6 Tab 200 Mg,12.5,candidato_clave_levic,equilibrio.lote_equilibrio+levic.NOV025,,NO aplicar en lote. Solo clave/EAN exacto. Revisar a mano si via=nombre_fold.
FC-F967863B,Terficho,440393,1,5M297,TERFICHO 40 CAPS 100 MG,HIS075,lote_equilibrio,7502213042325,Terfhicid 40 Caps 100 Mg,47.84,candidato_clave_levic,equilibrio.lote_equilibrio+levic.HIS075,,NO aplicar en lote. Solo clave/EAN exacto. Revisar a mano si via=nombre_fold.
FC-B25B4654,Cina (Ciprofloxacino),440393,3,U26D009,CINA 7 TAB 750 MG,LAN043,linea_equilibrio,7502225092486,Cina 750 mg Caja con 7 tabletas Landsteiner,29.7,candidato_clave_levic,equilibrio.linea_equilibrio+levic.LAN043,,NO aplicar en lote. Solo clave/EAN exacto. Revisar a mano si via=nombre_fold.
FC-FBD776D2,Mercurio Perlas De Eter,IFC2-080826,7,,MERCURIO PERLAS DE ETER C/50 1630824,,,,,,,,,Sin clave/EAN exacto en tickets ni portal Levic
FC-FD718DF3,Mercurio Sulfatiazol,IFC2-080826,21,,MERCURIO POMADA SULFATIAZOL C/25 2600223,,,,,,,,,Sin clave/EAN exacto en tickets ni portal Levic
FC-05965071,Acroxil-C,440393,55,B2602071,ACROXIL-C 12 CAPS 500/8 MG,SON139,lote_equilibrio,7502001163775,Acroxil-C,29.92,candidato_clave_levic,equilibrio.lote_equilibrio+levic.SON139,,NO aplicar en lote. Solo clave/EAN exacto. Revisar a mano si via=nombre_fold.
FC-D5AC44CA,Amifarin,440393,6,C6227,AMIFARIN 20 CAPS 500 MG,WAN024,lote_equilibrio,7503001007113,Amifarin,46.96,candidato_clave_levic,equilibrio.lote_equilibrio+levic.WAN024,,NO aplicar en lote. Solo clave/EAN exacto. Revisar a mano si via=nombre_fold.
FC-A455EE80,Cefagen,440393,11,256533,CEFAGEN 1 SUSP 250MG/5/50 ML,MAV131,lote_equilibrio,7502009741296,Cefagen,78.11,candidato_clave_levic,equilibrio.lote_equilibrio+levic.MAV131,,NO aplicar en lote. Solo clave/EAN exacto. Revisar a mano si via=nombre_fold.
FC-ACA2A2F6,Alopurinol,440393,4,AB25002,ALOPURINOL 20 TAB 300 MG,BEA434,lote_equilibrio,7501342804309,Alopurinol 300 mg,22.05,candidato_clave_levic,equilibrio.lote_equilibrio+levic.BEA434,,NO aplicar en lote. Solo clave/EAN exacto. Revisar a mano si via=nombre_fold.
FC-B18E386A,Cefaroxil,440393,9,255417,CEFAROXIL 15 TAB 500/30 MG,MAV142,lote_equilibrio,7502009741500,Cefabroxil 15 Tab 500/30 Mg,46.24,candidato_clave_levic,equilibrio.lote_equilibrio+levic.MAV142,,NO aplicar en lote. Solo clave/EAN exacto. Revisar a mano si via=nombre_fold.
FC-E374F23E,Cefagen,440393,12,255233,CEFAGEN 1 SUSP 125MG/5/50 ML,MAV130,lote_equilibrio,7502009741302,Cefagen pediátrico,48.86,candidato_clave_levic,equilibrio.lote_equilibrio+levic.MAV130,,NO aplicar en lote. Solo clave/EAN exacto. Revisar a mano si via=nombre_fold.
FC-428A228F,Gimalxina,440393,72,26240134,GIMALXINA 12 CAPS 500 MG,COL056,lote_equilibrio,780083140663,Gimalxina,25.39,candidato_clave_levic,equilibrio.lote_equilibrio+levic.COL056,,NO aplicar en lote. Solo clave/EAN exacto. Revisar a mano si via=nombre_fold.
FC-50587FA6,Mexapin,440393,38,S5721,MEXAPIN 1 SUSP 125MG/5/60 ML,WAN006,linea_equilibrio,7503001007120,Mexapin,14.42,candidato_clave_levic,equilibrio.linea_equilibrio+levic.WAN006,,NO aplicar en lote. Solo clave/EAN exacto. Revisar a mano si via=nombre_fold.
FC-95779436,Acetilsalicilico Ef,440393,45,0380626,ACIDO ACETILSALICILICO EF 20 TAB 300 MG,ALP0300,linea_equilibrio,7501384504908,Acido Acetilsalicilico Ef 20 Tab 300 Mg,20.41,candidato_clave_levic,equilibrio.linea_equilibrio+levic.ALP0300,,NO aplicar en lote. Solo clave/EAN exacto. Revisar a mano si via=nombre_fold.
FC-A0D320D1,Amoxicilina,440393,44,C0925787,AMOXICILINA 12 CAPS 500 MG,AMS265,linea_equilibrio,7501349021570,Amoxicilina 500 mg Caja con 12 cápsulas AMSA,18.31,candidato_clave_levic,equilibrio.linea_equilibrio+levic.AMS265,,NO aplicar en lote. Solo clave/EAN exacto. Revisar a mano si via=nombre_fold.
FC-B69FCBF4,Lesaclor,440393,70,S19964,LESACLOR (MACLOV) 35 TAB 400 MG,MAI026,linea_equilibrio,785120753530,Lesaclor,72.16,candidato_clave_levic,equilibrio.linea_equilibrio+levic.MAI026,,NO aplicar en lote. Solo clave/EAN exacto. Revisar a mano si via=nombre_fold.
FC-B72A6420,Pentiver,440393,39,257070,PENTIVER 1 SUSP 250MG/5/90 ML,MAV061,lote_equilibrio,7503000422719,Pentiver,29.37,candidato_clave_levic,equilibrio.lote_equilibrio+levic.MAV061,,NO aplicar en lote. Solo clave/EAN exacto. Revisar a mano si via=nombre_fold.
FC-D9391288,Azitromicina,440393,40,251985,AZITROMICINA 1 SUSP 200MG/5/15 ML,SER076,lote_equilibrio,7501258210393,Azitromicina,76.74,candidato_clave_levic,equilibrio.lote_equilibrio+levic.SER076,,NO aplicar en lote. Solo clave/EAN exacto. Revisar a mano si via=nombre_fold.
FC-D4AC123B,Mercurio Aceite Almendras,IFC1-080826,10,,MERCURIO ACEITE ALMENDRAS C/25 790523,,,,,,,,,Sin clave/EAN exacto en tickets ni portal Levic
FC-4F737E93,Cloxan,440393,82,LE2626,CLOXAN 1 SOL 300MG/120ML,BIO064,lote_equilibrio,7501573902706,Cloxan,12.94,candidato_clave_levic,equilibrio.lote_equilibrio+levic.BIO064,,NO aplicar en lote. Solo clave/EAN exacto. Revisar a mano si via=nombre_fold.
FC-29670370,Degortzin,440393,86,444AA,DEGORTZIN 1 SOL 100 MG/50 ML,DEG184,lote_equilibrio,7501825304562,Degortzin,36.84,candidato_clave_levic,equilibrio.lote_equilibrio+levic.DEG184,,NO aplicar en lote. Solo clave/EAN exacto. Revisar a mano si via=nombre_fold.
FC-4A0245DA,Amlodipino,440393,85,5LM125B,AMLODIPINO 100 TAB 5 MG,AVI027,lote_equilibrio,7502216804814,Amlodipino,32.87,candidato_clave_levic,equilibrio.lote_equilibrio+levic.AVI027,,NO aplicar en lote. Solo clave/EAN exacto. Revisar a mano si via=nombre_fold.
FC-58DB24C4,Bitenver,440393,98,261052,BITENVER 30 TAB 24 MG,MAV350,lote_equilibrio,7502009747373,Bitenver,64.76,candidato_clave_levic,equilibrio.lote_equilibrio+levic.MAV350,,NO aplicar en lote. Solo clave/EAN exacto. Revisar a mano si via=nombre_fold.
FC-6074BB64,Redalip,440393,80,251660,REDALIP 30 TAB 200 MG,MAV073,linea_equilibrio,7503000422498,Redalip,26.04,candidato_clave_levic,equilibrio.linea_equilibrio+levic.MAV073,,NO aplicar en lote. Solo clave/EAN exacto. Revisar a mano si via=nombre_fold.
FC-69A3C416,Wexpec,440393,87,LB2633,WEXPEC 1 SOL 7.5/2MG/5/120 ML,BIO076,linea_equilibrio,7503001007694,Wexpec,16.66,candidato_clave_levic,equilibrio.linea_equilibrio+levic.BIO076,,NO aplicar en lote. Solo clave/EAN exacto. Revisar a mano si via=nombre_fold.
FC-C6C20517,Budimin,440393,97,257237,BUDIMIN 20 TAB 1 MG,MAV373,lote_equilibrio,7502009748868,Budimin,31.59,candidato_clave_levic,equilibrio.lote_equilibrio+levic.MAV373,,NO aplicar en lote. Solo clave/EAN exacto. Revisar a mano si via=nombre_fold.
FC-08DB70CB,Bicarbonato Velazquez Grande 200G,IFC2-080826,19,,VELAZQUEZ BICARBONATO GRANDE 200G C/10,,,,,,,,,Sin clave/EAN exacto en tickets ni portal Levic
FC-0ACC5B6A,Mercurio Oxido De Zinc,IFC2-080826,22,,MERCURIO POMADA OXIDO DE ZINC C/25,,,,,,,,,Sin clave/EAN exacto en tickets ni portal Levic
FC-97BEFA1A,Amlodipino,440393,113,5MM301A,AMLODIPINO 100 TAB 5 MG,AVI027,lote_equilibrio,7502216804814,Amlodipino,32.87,candidato_clave_levic,equilibrio.lote_equilibrio+levic.AVI027,,NO aplicar en lote. Solo clave/EAN exacto. Revisar a mano si via=nombre_fold.
FC-9ABFB996,Elaphteron,440393,141,B26050,ELAPHTERON 20 TAB 100 MG,AVT204,linea_equilibrio,7502209858251,Elaphteron,33.0,candidato_clave_levic,equilibrio.linea_equilibrio+levic.AVT204,,NO aplicar en lote. Solo clave/EAN exacto. Revisar a mano si via=nombre_fold.
FC-04D83B46,Pralex,440393,150,6D064G,PRALEX 28 TAB 10 MG,MAI154,linea_equilibrio,785120755442,Pralex,44.62,candidato_clave_levic,equilibrio.linea_equilibrio+levic.MAI154,,NO aplicar en lote. Solo clave/EAN exacto. Revisar a mano si via=nombre_fold.
FC-1FBF5206,Del Viejito Reomatolum,IFC1-080826,1,,POMADA REOMATOLUM DEL VIEJITO 60G,,,,,,,,,Sin clave/EAN exacto en tickets ni portal Levic
FC-3D0ED22B,Zukedib,440393,149,R2506781,ZUKEDIB 30 TAB 4 MG,LOE071,lote_equilibrio,7502211784036,Zukedib,31.51,candidato_clave_levic,equilibrio.lote_equilibrio+levic.LOE071,,NO aplicar en lote. Solo clave/EAN exacto. Revisar a mano si via=nombre_fold.
FC-52D2A43A,Zukedib,440393,148,R25126048,ZUKEDIB 30 TAB 2 MG,LOE070,lote_equilibrio,7502211784029,Zukedib glimepirida 2 mg C/30,29.39,candidato_clave_levic,equilibrio.lote_equilibrio+levic.LOE070,,NO aplicar en lote. Solo clave/EAN exacto. Revisar a mano si via=nombre_fold.
FC-53506FA4,Enalapril,440393,152,6N50A,ENALAPRIL 30 TAB 10 MG,ULT104,linea_equilibrio,7502216792845,Enalapril,8.1,candidato_clave_levic,equilibrio.linea_equilibrio+levic.ULT104,,NO aplicar en lote. Solo clave/EAN exacto. Revisar a mano si via=nombre_fold.
FC-3D0F54B7,Ibupro-Cafe,440393,134,M26052,IBUPRO-CAFE 10 CAPS 400 MG/100 MG,VIT068,lote_equilibrio,7501478316813,Ibuprofeno Cafeina,31.88,candidato_clave_levic,equilibrio.lote_equilibrio+levic.VIT068,,NO aplicar en lote. Solo clave/EAN exacto. Revisar a mano si via=nombre_fold.
FC-50D044FF,Wermy,440393,136,260373,WERMY 15 CAPS 300 MG,WER036,lote_equilibrio,7502240450773,Wermy,24.59,candidato_clave_levic,equilibrio.lote_equilibrio+levic.WER036,,NO aplicar en lote. Solo clave/EAN exacto. Revisar a mano si via=nombre_fold.
FC-5885E577,Pabesorag,440393,133,610426,PABESORAG 28 TAB 150/12.5 MG,NOV163,linea_equilibrio,7501075722543,Pabesorag,61.72,candidato_clave_levic,equilibrio.linea_equilibrio+levic.NOV163,,NO aplicar en lote. Solo clave/EAN exacto. Revisar a mano si via=nombre_fold.
FC-60F627D5,Gentamicina,440393,21,B25N402,GENTAMICINA 5 AMP 160MG/2ML,AMS071,lote_equilibrio,7501349026094,Gentamicina,48.43,candidato_clave_levic,equilibrio.lote_equilibrio+levic.AMS071,,NO aplicar en lote. Solo clave/EAN exacto. Revisar a mano si via=nombre_fold.
FC-C101D5B1,Bisoprolol,440393,15,26E039,BISOPROLOL 30 TAB 2.5 MG,QUI131,lote_equilibrio,7501109763375,Bisoprolol,117.27,candidato_clave_levic,equilibrio.lote_equilibrio+levic.QUI131,,NO aplicar en lote. Solo clave/EAN exacto. Revisar a mano si via=nombre_fold.
FC-C22EBFE6,Perilla N2,IFC2-080826,13,,EDIGAR PERILLA N 2 CAJA 1145 81608,,,,,,,,,Sin clave/EAN exacto en tickets ni portal Levic
FC-C8B741F6,FC producto botiquín,FMX-080826,60,251102-2,FC 01711/2030,,,,,,,,,Sin clave/EAN exacto en tickets ni portal Levic
FC-BE76D409,Amcef IM 1 g (Inyectable),440393,121,J25N044,AMCEF I.M. 1 FA 1G/3.5 ML,AMS004,lote_equilibrio,7501349012004,Amcef IM 1 g (Inyectable),17.92,candidato_clave_levic,equilibrio.lote_equilibrio+levic.AMS004,,NO aplicar en lote. Solo clave/EAN exacto. Revisar a mano si via=nombre_fold.
FC-C636D8EA,Ceftriaxona IM 1 g (Inyectable),440393,116,J25G109,CEFTRIAXONA I.M. 1 FA 1G/3.5 ML,BEA462,lote_equilibrio,7506624900519,Ceftriaxona IM 1 g (Inyectable),19.16,candidato_clave_levic,equilibrio.lote_equilibrio+levic.BEA462,,NO aplicar en lote. Solo clave/EAN exacto. Revisar a mano si via=nombre_fold.
FC-CB5C11ED,Mercurio Magnesia Anisada,IFC2-080826,4,,MERCURIO MAGNESIA ANISADA C/50 1560824,,,,,,,,,Sin clave/EAN exacto en tickets ni portal Levic
FC-C4530823,Mercurio óxido de zinc C/50,IFC2-080826,1,,MERCURIO OXIDO DE ZINC C/50 1620824 83521,,,,,,,,,Sin clave/EAN exacto en tickets ni portal Levic
FC-C9F4ACCC,Acemetacina,440393,67,CNF2656,ACEMETACINA 14 CAPS 90 MG,SON192,linea_equilibrio,7502216800984,Aspitak-P,24.7,candidato_ean_ticket,levic_9012078353,,NO aplicar en lote. Solo clave/EAN exacto. Revisar a mano si via=nombre_fold.
FC-CD261CD5,Doliprofen,440393,130,26140712,DOLIPROFEN 10 TAB 800 MG,COL226,lote_equilibrio,780083148805,Dolprofen 10 Tab 800 Mg,23.07,candidato_clave_levic,equilibrio.lote_equilibrio+levic.COL226,,NO aplicar en lote. Solo clave/EAN exacto. Revisar a mano si via=nombre_fold.
FC-CF18C740,Clindamicina,440393,17,U26E412,CLINDAMICINA 16 CAP 300 MG,AMS296,lote_equilibrio,7501349020788,Clindamicina,30.0,candidato_clave_levic,equilibrio.lote_equilibrio+levic.AMS296,,NO aplicar en lote. Solo clave/EAN exacto. Revisar a mano si via=nombre_fold.
FC-01B2F362,Fasiclor,440393,37,255772,FASICLOR 1 SUSP 125MG/5/75 ML,MAV123,lote_equilibrio,7502009741043,Fasiclor 125 mg/5 mL Frasco 75 mL Maver,53.12,candidato_clave_levic,equilibrio.lote_equilibrio+levic.MAV123,,NO aplicar en lote. Solo clave/EAN exacto. Revisar a mano si via=nombre_fold.
FC-2005DD57,Cefalexina,440393,32,26A067,CEFALEXINA 20 CAPS 500 MG,AMS322,linea_equilibrio,7501349021181,Cefalexina,37.49,candidato_clave_levic,equilibrio.linea_equilibrio+levic.AMS322,,NO aplicar en lote. Solo clave/EAN exacto. Revisar a mano si via=nombre_fold.
FC-41339950,Claritromicina,440393,41,U26E021,CLARITROMICINA 10 TAB 500 MG,AMS492,lote_equilibrio,7501349021686,Claritromicina,62.96,candidato_clave_levic,equilibrio.lote_equilibrio+levic.AMS492,,NO aplicar en lote. Solo clave/EAN exacto. Revisar a mano si via=nombre_fold.
FC-443C330E,Cefagen,440393,24,256911,CEFAGEN 10 TAB 500 MG,MAV228,lote_equilibrio,7502009745126,Cefagen 10 Tab 500 Mg,149.98,candidato_clave_levic,equilibrio.lote_equilibrio+levic.MAV228,,NO aplicar en lote. Solo clave/EAN exacto. Revisar a mano si via=nombre_fold.
FC-48F732CF,Epicin,440393,22,E2603101,EPICIN 20 CAPS 500 MG,SON237,linea_equilibrio,7502001165328,Expicin 25 Caps 500 Mg,28.27,candidato_clave_levic,equilibrio.linea_equilibrio+levic.SON237,,NO aplicar en lote. Solo clave/EAN exacto. Revisar a mano si via=nombre_fold.
FC-492D652F,Cefalver,440393,25,261277,CEFALVER 20 CAPS 500 MG,MAV163,lote_equilibrio,7502009740480,Cefalver,44.26,candidato_clave_levic,equilibrio.lote_equilibrio+levic.MAV163,,NO aplicar en lote. Solo clave/EAN exacto. Revisar a mano si via=nombre_fold.
FC-697EEAD0,Kurtosil,440393,27,264239,KURTOSIL 1 CMA 20/1 MG,MAV357,lote_equilibrio,7502009747656,Kurtosil,64.99,candidato_clave_levic,equilibrio.lote_equilibrio+levic.MAV357,,NO aplicar en lote. Solo clave/EAN exacto. Revisar a mano si via=nombre_fold.
FC-72C28BC1,Knoricin,440393,23,5F0981,KNORICIN 1 SUSP 125MG/5/60 ML,MAI071,lote_equilibrio,785118752330,Krobicin 1 Susp 125mg/5/60 Ml,60.4,candidato_clave_levic,equilibrio.lote_equilibrio+levic.MAI071,,NO aplicar en lote. Solo clave/EAN exacto. Revisar a mano si via=nombre_fold.
FC-74A5ABEE,Ciprofloxacino,440393,30,U26V028,CIPROFLOXACINO 12 TAB 250 MG,AMS430,linea_equilibrio,7501349020894,Ciprofloxacino,14.4,candidato_clave_levic,equilibrio.linea_equilibrio+levic.AMS430,,NO aplicar en lote. Solo clave/EAN exacto. Revisar a mano si via=nombre_fold.
FC-830BF3FB,Diviltac,440393,28,H26020022,DIVILTAC 1 FA 150/10MG/1 ML,SON189,lote_equilibrio,7502001165311,Diviltac,39.93,candidato_clave_levic,equilibrio.lote_equilibrio+levic.SON189,,NO aplicar en lote. Solo clave/EAN exacto. Revisar a mano si via=nombre_fold.
FC-85BDBD3D,Acroxil-C,440393,34,E2512603,ACROXIL-C 1 SUSP 250MG/5/60 ML,SON136,linea_equilibrio,,,,,,,Sin clave/EAN exacto en tickets ni portal Levic
FC-86A95D07,Tropharma,440393,26,2512921,TROPHARMA 20 TAB 500 MG,ALP0237,lote_equilibrio,7503003134268,Tropharma Eitromicina 500 mg,47.91,candidato_clave_levic,equilibrio.lote_equilibrio+levic.ALP0237,,NO aplicar en lote. Solo clave/EAN exacto. Revisar a mano si via=nombre_fold.
FC-8FB65B79,Klarix,440393,13,263020,KLARIX 1 SUSP 250MG/5ML 60 ML,MAV389,lote_equilibrio,7502009749223,Klarix,84.99,candidato_clave_levic,equilibrio.lote_equilibrio+levic.MAV389,,NO aplicar en lote. Solo clave/EAN exacto. Revisar a mano si via=nombre_fold.
FC-AEA8C8DA,Namifen,440393,31,440096,NAMIFEN 20 TAB 500 MG,NOV013,lote_equilibrio,7501075713718,Namifen,24.79,candidato_clave_levic,equilibrio.lote_equilibrio+levic.NOV013,,NO aplicar en lote. Solo clave/EAN exacto. Revisar a mano si via=nombre_fold.
FC-3A4583F3,Penipot,440393,59,125U014,"PENIPOT 1 FA 400,000 UI",AMS021,linea_equilibrio,7501349012172,Penipot bencilpenicilina procainica,17.72,candidato_clave_levic,equilibrio.linea_equilibrio+levic.AMS021,,NO aplicar en lote. Solo clave/EAN exacto. Revisar a mano si via=nombre_fold.
FC-17376CAE,Aspitak-P,440393,68,26051262,ASPITAK-P 30 COMP 100 MG,SON192,lote_equilibrio,7502001162976,Aspitak-P,24.7,candidato_clave_levic,equilibrio.lote_equilibrio+levic.SON192,,NO aplicar en lote. Solo clave/EAN exacto. Revisar a mano si via=nombre_fold.
FC-405A75E3,Ursodesoxicolico,440393,57,U26F085,ACIDO URSODESOXICOLICO 50 CAP 250 MG,AMS501,lote_equilibrio,7501349020269,Ácido ursodeoxicólico 250 mg Caja con 50 cápsulas AMSA,233.1,candidato_clave_levic,equilibrio.lote_equilibrio+levic.AMS501,,NO aplicar en lote. Solo clave/EAN exacto. Revisar a mano si via=nombre_fold.
FC-4C621D07,Vanmoxol,440393,46,S5406,VANMOXOL 1 SUSP 250/15MG/5/90 ML,WAN015,linea_equilibrio,7503001007205,Vanmoxol,20.51,candidato_clave_levic,equilibrio.linea_equilibrio+levic.WAN015,,NO aplicar en lote. Solo clave/EAN exacto. Revisar a mano si via=nombre_fold.
FC-E6112F15,Nalixone,440393,42,2630655,NALIXONE 20 TAB 500/50 MG,SON102,linea_equilibrio,7502001165533,Nalixone,76.04,candidato_clave_levic,equilibrio.linea_equilibrio+levic.SON102,,NO aplicar en lote. Solo clave/EAN exacto. Revisar a mano si via=nombre_fold.
FC-E69F2E63,Madrid Aceite Eucalipto,IFC1-080826,13,,MADRID ACEITE EUCALIPTO C/25 2712017 83401,,,,,,,,,Sin clave/EAN exacto en tickets ni portal Levic
FC-EFB599B5,Mercurio Pan Puerco,IFC2-080826,18,,MERCURIO POMADA PAN PUERCO C/25 25401233,,,,,,,,,Sin clave/EAN exacto en tickets ni portal Levic
FC-E6B50AC3,Celecoxib,440393,92,6EM120A,CELECOXIB 10 CAPS 200MG,ULT180,lote_equilibrio,7502216805361,Celecoxib,35.28,candidato_clave_levic,equilibrio.lote_equilibrio+levic.ULT180,,NO aplicar en lote. Solo clave/EAN exacto. Revisar a mano si via=nombre_fold.
FC-E826D304,Lincomicina /2Ml 6 Ampolletas,440393,81,B25D203,LINCOMICINA 600MG/2ML 6 AMPOLLETAS,AMS354,lote_equilibrio,7501349021983,Lincomicina /2Ml 6 Ampolletas,40.84,candidato_clave_levic,equilibrio.lote_equilibrio+levic.AMS354,,NO aplicar en lote. Solo clave/EAN exacto. Revisar a mano si via=nombre_fold.
FC-E9C38DC4,Ciprofloxacino G.I,440393,125,U26F042,CIPROFLOXACINO G.I. 14 TAB 500 MG,AMS184,lote_equilibrio,7501349021532,Ciprofloxacino G.I,22.42,candidato_clave_levic,equilibrio.lote_equilibrio+levic.AMS184,,NO aplicar en lote. Solo clave/EAN exacto. Revisar a mano si via=nombre_fold.
FC-1FEA2FB7,Amikacina,440393,76,25T514,AMIKACINA 1 AMP 500MG/2 ML,AMS252,lote_equilibrio,7501349021440,Amikacina,15.43,candidato_clave_levic,equilibrio.lote_equilibrio+levic.AMS252,,NO aplicar en lote. Solo clave/EAN exacto. Revisar a mano si via=nombre_fold.
FC-26EA40A4,Ramcinet,440393,105,RRC179,RAMCINET 10 TAB 10 MG,RAM054,linea_equilibrio,7502227872123,Raamcinet cetirizina 10 mg,20.27,candidato_clave_levic,equilibrio.linea_equilibrio+levic.RAM054,,NO aplicar en lote. Solo clave/EAN exacto. Revisar a mano si via=nombre_fold.
FC-3CAA7C5C,Cinarizina,440393,91,2605279,CINARIZINA 60 TAB 75 MG,ALP0340,lote_equilibrio,7503004908820,Cinarizina,37.49,candidato_clave_levic,equilibrio.lote_equilibrio+levic.ALP0340,,NO aplicar en lote. Solo clave/EAN exacto. Revisar a mano si via=nombre_fold.
FC-63975795,Gentamicina,440393,96,U26M335,GENTAMICINA 25 COMP 1 MG,AMS406,lote_equilibrio,7501349027312,Cinitaprida 25 Comp 1 Mg,15.93,candidato_clave_levic,equilibrio.lote_equilibrio+levic.AMS406,,NO aplicar en lote. Solo clave/EAN exacto. Revisar a mano si via=nombre_fold.
FC-6EAD98A9,Cepobrom,440393,19,260152,CEPOBROM 12 CAPS 500/0.782 MG,MAV122,lote_equilibrio,7502009741289,Cepobrom,50.62,candidato_clave_levic,equilibrio.lote_equilibrio+levic.MAV122,,NO aplicar en lote. Solo clave/EAN exacto. Revisar a mano si via=nombre_fold.
FC-7AA38F97,Pentiver,440393,35,256072,PENTIVER 1 SUSP 500MG/5/60 ML,MAV062,lote_equilibrio,7503000422696,Pentiver,32.49,candidato_clave_levic,equilibrio.lote_equilibrio+levic.MAV062,,NO aplicar en lote. Solo clave/EAN exacto. Revisar a mano si via=nombre_fold.
FC-82F88FED,Captopril,440393,101,6AN062A,CAPTOPRIL 30 TAB 25 MG,ULT097,lote_equilibrio,7502216792579,Captopril,8.11,candidato_clave_levic,equilibrio.lote_equilibrio+levic.ULT097,,NO aplicar en lote. Solo clave/EAN exacto. Revisar a mano si via=nombre_fold.
FC-AE5EEDF7,Bactiver,440393,78,261013,BACTIVER 20 TAB 400/80 MG,MAV001,linea_equilibrio,7503000422238,Bactiver,17.61,candidato_clave_levic,equilibrio.linea_equilibrio+levic.MAV001,,NO aplicar en lote. Solo clave/EAN exacto. Revisar a mano si via=nombre_fold.
FC-7AF7ACB5,Charlyn (Ciprofloxacino),440393,16,251303,CHARLYN 3 TAB 500 MG,WER038,lote_equilibrio,7502240450018,Charyn 3 Tab 500 Mg,24.5,candidato_clave_levic,equilibrio.lote_equilibrio+levic.WER038,,NO aplicar en lote. Solo clave/EAN exacto. Revisar a mano si via=nombre_fold.
FC-1FFBB505,Dac (Paracetamol + Diclofenaco),440393,99,SK2102,SUPRATEX DAC 1 SOL 300/600 MG 120 ML,MAI158,linea_equilibrio,785118754242,Supratex levodropropizina jarabe 120 mL,44.98,candidato_clave_levic,equilibrio.linea_equilibrio+levic.MAI158,,NO aplicar en lote. Solo clave/EAN exacto. Revisar a mano si via=nombre_fold.
FC-A909ABC0,Odivitor,440393,100,251614,ODIVITOR 10 TAB 20 MG,MAV212,linea_equilibrio,7502009744877,Odivitor,13.92,candidato_clave_levic,equilibrio.linea_equilibrio+levic.MAV212,,NO aplicar en lote. Solo clave/EAN exacto. Revisar a mano si via=nombre_fold.
FC-B2123139,Oxivag,440393,74,650086,OXIVAG 4 TAB 70 MG,NOV094,lote_equilibrio,7501075717860,Oxivag,32.73,candidato_clave_levic,equilibrio.lote_equilibrio+levic.NOV094,,NO aplicar en lote. Solo clave/EAN exacto. Revisar a mano si via=nombre_fold.
FC-B25094C4,Lesaclor,440393,104,SK2106,LESACLOR 1 SUSP 200MG/5/125 ML,MAI072,linea_equilibrio,785118753528,Lesaclor,47.1,candidato_clave_levic,equilibrio.linea_equilibrio+levic.MAI072,,NO aplicar en lote. Solo clave/EAN exacto. Revisar a mano si via=nombre_fold.
FC-1751468C,Flospet,440393,128,5J1920,FLOSPET 8 TAB 400 MG,MAI141,linea_equilibrio,785118753887,Flosef 8 Tab 400 Mg,27.89,candidato_clave_levic,equilibrio.linea_equilibrio+levic.MAI141,,NO aplicar en lote. Solo clave/EAN exacto. Revisar a mano si via=nombre_fold.
FC-1AE9D7E6,Collucort,440393,139,26340160,COLLUCORT 1 CMA 1% 60 G,COL120,lote_equilibrio,780083142537,Collicort Hidrocortisona,48.09,candidato_clave_levic,equilibrio.lote_equilibrio+levic.COL120,,NO aplicar en lote. Solo clave/EAN exacto. Revisar a mano si via=nombre_fold.
FC-1DAD5EF1,Tusilen Ad 1 Ibe 240/30/50Mg/100,440393,160,2513407,TUSILEN AD 1 IBE 240/30/50MG/100/118 ML,AVT134,linea_equilibrio,7502209810365,Tusilen adulto jarabe,25.0,candidato_clave_levic,equilibrio.linea_equilibrio+levic.AVT134,,NO aplicar en lote. Solo clave/EAN exacto. Revisar a mano si via=nombre_fold.
FC-281E0F22,Budesonida,440393,109,C26E206,BUDESONIDA 1 SUSP NEB AMP 0.500MG,AMS477,lote_equilibrio,7501349024304,Budesonida,139.63,candidato_clave_levic,equilibrio.lote_equilibrio+levic.AMS477,,NO aplicar en lote. Solo clave/EAN exacto. Revisar a mano si via=nombre_fold.
FC-347A49C7,Amikacina,440393,126,25T515,AMIKACINA 1 AMP 100 MG/2 ML,AMS471,lote_equilibrio,7501349020740,Amikacina,8.18,candidato_clave_levic,equilibrio.lote_equilibrio+levic.AMS471,,NO aplicar en lote. Solo clave/EAN exacto. Revisar a mano si via=nombre_fold.
FC-FD92D114,Ovisen,440393,154,SC2622,OVISEN 14 TAB 20 MG,BIO183,lote_equilibrio,7501573900290,Ovisen,10.31,candidato_clave_levic,equilibrio.lote_equilibrio+levic.BIO183,,NO aplicar en lote. Solo clave/EAN exacto. Revisar a mano si via=nombre_fold.
FC-FEAECBF1,Mercurio Tepezcohuite,IFC2-080826,16,,MERCURIO POMADA TEPEZCOHUITE C/25,,,,,,,,,Sin clave/EAN exacto en tickets ni portal Levic
FC-FFC25DD1,Perilla N4,IFC2-080826,11,,EDIGAR PERILLA N 4 CAJA 1439 81608,,,,,,,,,Sin clave/EAN exacto en tickets ni portal Levic
