sku,precio,confianza,nombre_fuente,sku_externo,reason,ratio,ean_levic,ean_fc,nombre
EQ-AVT216,8.54,100,AVT216 SOLTADOL 10 TAB 750 MG,AVT216,sku_eq,1.69,7502209858084,7502209858084,Soltadol 10 Tab 750 Mg
FC-9ABFB996,33.0,100,AVT204 ELAPHTERON 28 TAB 100 MG,AVT204,ean_exacto,1.07,7502209858251,7502209858251,Elaphteron
FC-A23F290E,38.74,100,AVT221 ZITRIASOL 15 CAP 100 MG,AVT221,ean_exacto,1.12,7502209858107,7502209858107,Zitriasol
EQ-AVT203,37.49,100,AVT203 CIDORIX  28 TAB 75 MG,AVT203,sku_eq,0.98,7502209858183,7502209858183,Cidorix 28 Tab 75 Mg
EQ-BEA416,5.61,100,BEA416 METOCLOPRAMIDA 20 TAB 10 MG,BEA416,sku_eq,1.04,7501342804385,7501342804385,Metoclopramida 20 Tab 10 Mg
FC-28833707,19.13,100,BEA302 LEVOFLOXACINO 7 TAB 500 MG,BEA302,ean_exacto,1.02,7501342802954,7501342802954,Levofloxacino 500 mg Caja con 7 tabletas beadvance
EQ-AVT213,9.09,100,AVT213 MENFLIXIL 14 TAB 7.5 MG,AVT213,sku_eq,1.72,7502209858046,7502209858046,Menflixil 14 Tab 7.5 Mg
EQ-BEA403,34.13,100,BEA403 TAMSULOSINA 20 CAPS 0.4 MG,BEA403,sku_eq,1.06,7502209851528,7502209851528,Tamsulosina 20 Caps 0.4 Mg
EQ-AVT205,25.0,100,AVT205 ELAPHTERON 28 TAB 25 MG,AVT205,sku_eq,0.98,7502209858237,7502209858237,Elaphterón 28 Tab 25 Mg
EQ-BEA313,21.79,100,BEA313 DEXAMETASONA 20 TAB 1 MG,BEA313,sku_eq,0.98,7501342803067,7501342803067,Dexametasona 20 Tab 1 Mg
FC-EADF1484,40.38,100,BEA428 DIOSMINA HESPERIDINA 20 TAB 450/50 MG,BEA428,ean_exacto,1.02,7501342804484,7501342804484,Diosmina Hesperidina
EQ-BEA336,37.81,100,BEA336 NEOMI/CAO/PECTI 20TAB 129/280/30 MG,BEA336,sku_eq,1.02,7501342804583,7501342804583,Neomi/Cao/Pecti 20tab 129/280/30 Mg
EQ-BEA379,27.77,100,BEA379 ESPIRONOLACTONA 20 TAB 25MG,BEA379,sku_eq,1.03,7501342803814,7501342803814,Espironolactona
FC-42803524,15.22,100,BEA364 ACIDO ACETILSALICILICO 30 TAB 100MG,BEA364,ean_exacto,1.02,7501342803524,7501342803524,Ácido acetilsalicílico 100 mg Caja con 30 tabletas beadvance
EQ-BEA429,14.74,100,BEA429 METFORMINA 30 TAB 850 MG,BEA429,sku_eq,1.03,7501342802565,7501342802565,Metformina 30 Tab 850 Mg
FC-ACA2A2F6,22.05,100,BEA434 ALOPURINOL 20 TAB 300 MG,BEA434,ean_exacto,1.03,7501342804309,7501342804309,Alopurinol 300 mg
EQ-BEA342,7.25,100,BEA342 DEXAMETASONA 20 TAB 0.5 MG,BEA342,sku_eq,1.64,7501342803418,7501342803418,Dexametasona 20 Tab 0.5 Mg
EQ-BEA338,6.51,100,BEA338 PREDNISONA 5MG C/BLISTER 20TAB BEA,BEA338,sku_eq,1.0,7501342803104,7501342803104,Prednisona 5mg C/Blister 20tab Bea
EQ-BEA426,10.74,100,BEA426 OXIDO DE ZINC 1 PASTA 30 G,BEA426,sku_eq,1.03,7501342804590,7501342804590,Oxido De Zinc 1 Pasta 30 G
EQ-BEA368,40.22,100,BEA368 NIFEDIPINO 30 COMP 30 MG,BEA368,sku_eq,1.03,7501342803807,7501342803807,Nifedipino 30 Comp 30 Mg
FC-33950100,47.72,100,LIV030 ENSURE CHOCOLATE 1 FRASCO 237 ML,LIV030,ean_exacto,1.14,7501033954061,7501033954061,Ensure chocolate
FC-33954078,47.81,100,LIV031 ENSURE FRESA 1 FRASCO 237 ML,LIV031,ean_exacto,1.14,7501033954078,7501033954078,Ensure Fresa
FC-33950070,47.66,100,LIV032 ENSURE VAINILLA 1 FRASCO 237 ML,LIV032,ean_exacto,1.13,7501033954085,7501033954085,Ensure vainilla
FC-33956133,50.1,100,LIV114 GLUCERNA CHOCOLATE 1 FRASCO 237 ML,LIV114,ean_exacto,1.05,7501033956133,7501033956133,Glucerna chocolate
FC-33956140,50.21,100,LIV113 GLUCERNA FRESA 1 FRASCO 237 ML,LIV113,ean_exacto,1.06,7501033956140,7501033956140,Glucerna fresa
FC-33956126,50.37,100,LIV112 GLUCERNA VAINILLA 1 FRASCO 237 ML,LIV112,ean_exacto,1.06,7501033956126,7501033956126,Glucerna Vainilla
FC-3961366,26.57,100,LIV257 PEDIALYTE SR 60 MEQ COCO 500 ML,LIV257,ean_exacto,1.12,7501033961366,7501033961366,Pedialyte SR Coco 500 ml
FC-33961373,26.56,100,LIV258 PEDIALYTE SR 60 MEQ FRESA 500 ML,LIV258,ean_exacto,1.12,7501033961373,7501033961373,Suero Pedialyte Sr fresa
FC-33954740,26.01,100,LIV259 PEDIALYTE SR 60 MEQ MANZANA 500 ML,LIV259,ean_exacto,1.09,7501033954740,7501033954740,Suero Pedialyte Sr Manzana
FC-33956775,26.25,100,LIV256 PEDIALYTE SR 60 MEQ UVA 500 ML,LIV256,ean_exacto,1.1,7501033956775,7501033956775,Suero Pedialyte Sr Uva
FC-33951008,47.0,100,LIV117 PEDIASURE CHOCOLATE 1 FRASCO 237 ML,LIV117,ean_exacto,1.07,7501033956317,7501033956317,Pediasure chocolate
FC-33950063,46.85,100,LIV116 PEDIASURE FRESA 1 FRASCO 237 ML,LIV116,ean_exacto,1.06,7501033956331,7501033956331,Pediasure fresa
FC-33950209,46.78,100,LIV115 PEDIASURE VAINILLA 1 FRASCO 237 ML,LIV115,ean_exacto,1.06,7501033956294,7501033956294,Pediasure vainilla
EQ-ACC066,40.8,100,ACC066 STERYX 30 TAB 5 MG,ACC066,sku_eq,1.01,7506335700019,7506335700019,Steryx 30 Tab 5 Mg
FC-62746605,45.05,100,AJO001 AJOLOTIUS JARABE CON MIEL 1 JBE 250 ML,AJO001,ean_exacto,1.61,7500462746605,7500462746605,Jarabe Ajolotiux Orig Con Miel
FC-52400267,66.57,100,AJO012 AJOLOTIUS JARABE ELDERBERRY 1 JBE 250 ML,AJO012,ean_exacto,0.91,7506452400267,7506452400267,Ajolotius Jarabe Elderberry
FC-62746698,56.56,100,AJO013 AJOLOTIUS JARABE PROPOLEO 1 JBE 250 ML,AJO013,ean_exacto,0.98,7500462746698,7500462746698,Ajolotius Jarbe con Bioalimentos/propoleo y vitamina C y A
FC-62746612,79.79,100,AJO002 AJOLOTIUS JARABE SIN AZUCAR 1 JBE 250 ML,AJO002,ean_exacto,0.91,7500462746612,7500462746612,Ajolotius Jarabe Sin azucar
FC-62746643,19.68,100,AJO003 AJOLOTIUS MENTA-EUC 1 PZA C/10 PAST 25 G,AJO003,ean_exacto,1.01,7500462746643,7500462746643,Ajolotius menta eucalipto pastillas
FC-24004581,21.95,100,AJO014 ELDELBERRY-GROSELLERO 1PZA C/10 PAST 25G,AJO014,ean_exacto,1.07,7506452400458,7506452400458,Pastillas Ajolotius Elderberry Grosellero
FC-52400212,20.35,100,AJO010 JENGIBRE-HEDERA 1 PZA C/10 PAST 22 G,AJO010,ean_exacto,1.01,7506452400212,7506452400212,Pastillas Ajolotius Jengibre Hedera
FC-52400038,21.95,100,AJO004 MENTA-EUC SIN AZUCAR 1 PZA C/10 PAST 22G,AJO004,ean_exacto,1.03,7506452400038,7506452400038,Ajolotius menta eucalipto sin azúcar pastillas
FC-1BF03D35,19.79,100,ALP0598 ACETONIDO DE FLUOCINOLONA CMA 40/01/100G,ALP0598,ean_exacto,1.07,7503004908721,7503004908721,Acetonido De Fluocinolona Cma
FC-6898B64F,51.03,100,ALP0567 BIOERTER 1 SUSP 250 MG/100 ML,ALP0567,ean_exacto,1.07,7502226292182,7502226292182,Bioerter Eritromicina Suspensión
FC-885F2723,18.75,100,ALP0608 CARBAMAZEPINA 20 TAB 200 MG,ALP0608,ean_exacto,1.04,7501384541163,7501384541163,Carbamazepina
FC-3CAA7C5C,37.49,100,ALP0340 CINARIZINA 60 TAB 75 MG,ALP0340,ean_exacto,1.07,7503004908820,7503004908820,Cinarizina
EQ-ALP0526,11.46,100,ALP0526 CLIOQUINOL 1 CMA 3% 20 G,ALP0526,sku_eq,1.07,7503004908677,7503004908677,Clioquinol 1 Cma 3% 20 G
EQ-ALP0633,68.74,100,ALP0633 DEXKETOPROFENO 10 TAB 25 MG,ALP0633,sku_eq,1.07,7502226295954,7502226295954,Dexketoprofeno 10 Tab 25 Mg
EQ-RAD100,20.83,100,ALP0554 FENAZOPIRIDINA 20 TAB 100 MG,ALP0554,ean_exacto,1.1,7501384545659,7501384545659,Fenazopiridina 1 Fco 20 Tab 100 Mg
FC-04908738,25.0,100,ALP0380 LIDOCAINA 1 UNG 5% 35 G,ALP0380,ean_exacto,1.07,7503004908738,7503004908738,Lidocaina unguento 5% tubo 35 g
EQ-ALP0628,21.11,100,ALP0628 METAMIZOL SODICO 3 AMP 1G/2 ML,ALP0628,sku_eq,1.44,7502226293776,7502226293776,Metamizol Sódico 3 Amp 1g/2 Ml
FC-04908714,11.66,100,ALP0520 MICONAZOL 1 CMA DE 20 G,ALP0520,ean_exacto,1.07,7503004908714,7503004908714,Miconazol crema 2%
EQ-ALP0410,36.45,100,ALP0410 NISTATINA 1 SUSP 1 UI /24 ML,ALP0410,sku_eq,1.07,7503004908844,7503004908844,Nistatina 1 Susp 1 Ui /24 Ml
FC-26291475,38.54,100,ALP0192 PHARMAFIL LP 20 TAB 100 MG,ALP0192,ean_exacto,1.07,7502226291475,7502226291475,Pharmafil LP (Teofilina) 100 mg liberación prolongada
FC-86A95D07,47.91,100,ALP0237 TROPHARMA 20 TAB 500 MG,ALP0237,ean_exacto,1.08,7503003134268,7503003134268,Tropharma Eitromicina 500 mg
FC-FD845E68,61.42,100,AMS297 ACICLOVIR 35 TAB 400 MG,AMS297,ean_exacto,0.96,7501349028791,7501349028791,Aciclovir
FC-49020269,233.1,100,AMS501 ACIDO URSODEOXICOLICO 50 CAP 250 MG,AMS501,ean_exacto,1.07,7501349020269,7501349020269,Ácido ursodeoxicólico 250 mg Caja con 50 cápsulas AMSA
FC-BE76D409,17.92,100,AMS004 AMCEF I.M. 1 FA 1G/3.5 ML,AMS004,ean_exacto,0.91,7501349012004,7501349012004,Amcef IM 1 g (Inyectable)
FC-07F04F88,17.5,100,AMS002 AMCEF I.M. 1 FA 500MG/2 ML,AMS002,ean_exacto,0.9,7501349011007,7501349011007,Amcef IM 500 mg (Inyectable)
FC-347A49C7,8.18,100,AMS471 AMIKACINA 1 AMP 100 MG/2 ML,AMS471,ean_exacto,0.97,7501349020740,7501349020740,Amikacina
FC-1FEA2FB7,15.43,100,AMS252 AMIKACINA 1 AMP 500MG/2 ML,AMS252,ean_exacto,0.96,7501349021440,7501349021440,Amikacina
FC-11294615,29.21,100,AMS251 AMIKACINA 2 AMP 500MG/2 ML,AMS251,ean_exacto,1.0,7501349021488,7501349021488,Amikacina
FC-F4E9C71F,22.5,100,AMS359 AMOXICILINA 1 SUSP 500MG/5/75 ML,AMS359,ean_exacto,0.95,7501349021839,7501349021839,Amoxicilina
FC-49021570,18.31,100,AMS265 AMOXICILINA 12 CAPS 500 MG,AMS265,ean_exacto,1.0,7501349021570,7501349021570,Amoxicilina 500 mg Caja con 12 cápsulas AMSA
FC-D210172A,26.61,100,AMS375 AMPICILINA 1 FA 1G/5 ML,AMS375,ean_exacto,1.04,7501349022874,7501349022874,Ampicilina
FC-7F90064A,19.95,100,AMS053 AMPICILINA 1 FA 500MG/2 ML,AMS053,ean_exacto,0.98,7501349021051,7501349021051,Ampicilina
FC-F82A6E4B,24.75,100,AMS344 AMPICILINA 10 TAB 1 G,AMS344,ean_exacto,0.91,7501349022881,7501349022881,Ampicilina
FC-49028913,30.76,100,AMS416 ATORVASTATINA 10 TAB 40 MG,AMS416,ean_exacto,1.17,7501349028913,7501349028913,Atorvastatina 40 mg Caja con 10 tabletas AMSA
EQ-AMS398,24.13,100,"AMS398 BENCIL/BENZ COMP 1 FA 1,2 U 3 ML",AMS398,sku_eq,1.34,7501349025271,7501349025271,Bencil/Benz Comp 1 Fa 1.2 U 3 Ml
FC-281E0F22,139.63,100,AMS477 BUDESONIDA 1 SUSP NEB 5AMP 0.500MG/ 2ML,AMS477,ean_exacto,0.91,7501349024304,7501349024304,Budesonida
FC-447B30F9,118.13,100,AMS437 BUDESONIDA 5 AMP 0.250MG/2ML,AMS437,ean_exacto,0.9,7501349023987,7501349023987,Budesonida
EQ-AMS463,11.38,100,AMS463 BUTILHIOSCINA 10 TAB 10 MG,AMS463,sku_eq,0.94,7501349024601,7501349024601,Butilhioscina 10 Tab 10 Mg
FC-2005DD57,37.49,100,AMS322 CEFALEXINA 20 CAP 500 MG,AMS322,ean_exacto,0.94,7501349021181,7501349021181,Cefalexina
FC-22B18244,30.4,100,AMS263 CEFOTAXIMA I.M. 1 FA 1G/4 ML,AMS263,ean_exacto,0.98,7501349022515,7501349022515,Cefotaxima IM (Inyectable)
FC-357D4A17,45.28,100,AMS350 CEFTAZIDIMA 1 FA 1G/3 ML,AMS350,ean_exacto,1.0,7501349022799,7501349022799,Ceftazidima
EQ-AMS406,15.93,100,AMS406 CINITAPRIDA 25 COMP 1 MG,AMS406,sku_eq,0.91,7501349027312,7501349027312,Cinitaprida 25 Comp 1 Mg
EQ-AMS407,22.17,100,AMS407 CIPROFLOXACINO 1 GOT 3MG/5 ML,AMS407,sku_eq,0.91,7501349027817,7501349027817,Ciprofloxacino solución oftálmica 3 mg/mL AMSA
FC-74A5ABEE,14.4,100,AMS430 CIPROFLOXACINO 12 TAB 250 MG,AMS430,ean_exacto,1.05,7501349020894,7501349020894,Ciprofloxacino
FC-E9C38DC4,22.42,100,AMS184 CIPROFLOXACINO G.I. 14 TAB 500 MG,AMS184,ean_exacto,0.98,7501349021532,7501349021532,Ciprofloxacino G.I
EQ-AMS428,22.68,100,AMS428 CISAPRIDA 30 TAB 5 MG,AMS428,sku_eq,0.95,7501349028326,7501349028326,Cisaprida 30 Tab 5 Mg
EQ-AMS472,32.26,100,AMS472 CITALOPRAM 14 TAB 20 MG,AMS472,sku_eq,0.92,7501349024922,7501349024922,Citalopram 14 Tab 20 Mg
FC-41339950,62.96,100,AMS492 CLARITROMICINA 10 TAB 500 MG,AMS492,ean_exacto,1.06,7501349021686,7501349021686,Claritromicina
FC-9A4E4C31,20.06,100,AMS439 CLINDAMICINA 1 AMP 600MG/4 ML,AMS439,ean_exacto,0.23,7501349021860,7501349021860,Clindamicina
FC-CF18C740,30.0,100,AMS296 CLINDAMICINA 16 CAP 300 MG,AMS296,ean_exacto,0.98,7501349020788,7501349020788,Clindamicina
FC-49021044,86.84,100,AMS033 CLINDAMICINA 5 FA 600MG/4 ML,AMS033,ean_exacto,0.98,7501349021044,7501349021044,Clindamicina 600 mg/4 mL Caja con 5 ampolletas AMSA
EQ-AMS288,21.0,100,AMS288 DEXAM/NEOMI 1 GOTAS 1/3.5MG/5 ML,AMS288,sku_eq,0.91,7501349029712,7501349029712,Dexam/Neomi 1 Gotas 1/3.5mg/5 Ml
EQ-AMS253,8.35,100,AMS253 DEXAMETASONA 1 FA 8MG/2 ML,AMS253,sku_eq,0.98,7501349027329,7501349027329,Dexametasona 1 Fa 8mg/2 Ml
EQ-AMS362,14.42,100,AMS362 DICLOFENACO 2 FA 75MG/3 ML,AMS362,sku_eq,0.91,7501349025929,7501349025929,Diclofenaco 2 Fa 75mg/3 Ml
EQ-AMS460,51.86,100,AMS460 ETORICOXIB 14 COMP 90 MG,AMS460,sku_eq,1.02,7501349027787,7501349027787,Etoricoxib 14 Comp 90 Mg
EQ-AMS274,63.15,100,AMS274 EZETIMIBA/SIMVASTA 14 TAB 10/20 MG,AMS274,sku_eq,1.13,7501349024533,7501349024533,Ezetimiba/Simvasta 14 Tab 10/20 Mg
EQ-AMS275,111.36,100,AMS275 EZETIMIBA/SIMVASTA 28 TAB 10/20 MG,AMS275,sku_eq,1.11,7501349024540,7501349024540,Ezetimiba/Simvasta 28 Tab 10/20 Mg
FC-5BC5F234,13.28,100,AMS165 FLUCONAZOL 1 CAPS 150 MG,AMS165,ean_exacto,1.03,7501349012943,7501349012943,Fluconazol
FC-60F627D5,48.43,100,AMS071 GENTAMICINA 5 AMP 160MG/2 ML,AMS071,ean_exacto,0.92,7501349026094,7501349026094,Gentamicina
FC-2E79C2D8,63.41,100,AMS371 HIERRO DEX 3 AMP 100 MG /2 ML,AMS371,ean_exacto,1.03,7501349020412,7501349020412,Hierro Dex
EQ-AMS209,25.31,100,AMS209 HIPROMELOSA OFT 1 SOL 5MG/10 ML,AMS209,sku_eq,1.02,7501349028654,7501349028654,Hipromelosa Oft 1 Sol 5mg/10 Ml
FC-262F2A30,51.55,100,AMS367 IRBESARTAN 14 TAB 150 MG,AMS367,ean_exacto,1.17,7501349022454,7501349022454,Irbesartan
EQ-AMS424,76.23,100,AMS424 IRBESARTAN 14 TAB 300 MG,AMS424,sku_eq,1.0,7501349020535,7501349020535,Irbesartán 300 mg C/14 AMSA
EQ-AMS328,10.77,100,AMS328 KETOROLACO 3 AMP 30 MG,AMS328,sku_eq,0.95,7501349024267,7501349024267,Ketorolaco 3 Amp 30 Mg
EQ-AMS160,10.03,100,AMS160 KETOROLACO TROMETAMINA 6 TAB SL 30 MG,AMS160,sku_eq,1.09,7501349023369,7501349023369,Ketorolaco Trometamina 6 Tab Sl 30 Mg
EQ-AMS497,119.03,100,AMS497 LEVETIRACETAM 30 TAB 1000 MG,AMS497,sku_eq,0.98,7501349022249,7501349022249,Levetiracetam 30 Tab 1000 Mg
FC-C721E8D7,21.23,100,AMS278 LEVOFLOXACINO 7 TAB 500 MG,AMS278,ean_exacto,1.13,7501349021419,7501349021419,Levofloxacino
FC-E826D304,40.84,100,AMS354 LINCOMICINA 600MG/2ML 6 AMPOLLETAS,AMS354,ean_exacto,0.93,7501349021983,7501349021983,Lincomicina /2Ml 6 Ampolletas
FC-49024151,20.62,100,AMS418 METOCLOPRAMIDA 6 AMP 10MG/2 ML,AMS418,ean_exacto,0.98,7501349024151,7501349024151,Metoclopramida inyectable 10 mg/2 mL C/6 AMSA
EQ-AMS292,10.5,100,AMS292 PANTOPRAZOL 7 TAB 20 MG,AMS292,sku_eq,0.93,7501349022485,,Pantoprazol 7 Tab 20 Mg
FC-3A4583F3,17.72,100,"AMS021 PENIPOT 1 FA 400,000 UI",AMS021,ean_exacto,1.26,7501349012172,7501349012172,Penipot bencilpenicilina procainica
FC-F183C6E9,19.16,100,"AMS022 PENIPOT 1 FA 800,000 UI",AMS022,ean_exacto,0.99,7501349011175,7501349011175,Penipot bencilpenicilina procainica
EQ-AMS370,69.72,100,AMS370 PENTOXIFILINA 30 TAB 400 MG,AMS370,sku_eq,1.17,7501349028487,7501349028487,Pentoxifilina 30 Tab 400 Mg
FC-49024175,18.19,100,AMS401 PIOGLITAZONA 7 TAB 30 MG,AMS401,ean_exacto,0.99,7501349024175,7501349024175,Pioglitazona 30 mg AMSA
EQ-AMS498,34.81,100,AMS498 POPRAM 28 TAB 40 MG,AMS498,sku_eq,0.93,7501349028845,7501349028845,Popram 28 Tab 40 Mg
FC-49025967,24.06,100,AMS231 PREGABALINA 14 CAPS 75 MG,AMS231,ean_exacto,0.96,7501349025967,7501349025967,Pregabalina 75 mg C/14 AMSA
EQ-AMS232,34.68,100,AMS232 PREGABALINA 28 CAPS 75 MG,AMS232,sku_eq,0.93,7501349025943,7501349025943,Pregabalina 28 Caps 75 Mg
EQ-AMS323,18.85,100,AMS323 SERTRALINA 14 TAB 50 MG,AMS323,sku_eq,0.92,7501349021310,7501349021310,Sertralina 14 Tab 50 Mg
EQ-AMS503,79.67,100,AMS503 SITAGLIPTINA 14 COMP 100 MG,AMS503,sku_eq,0.91,7501349010048,7501349010048,Sitagliptina 14 Comp 100 Mg
FC-49020337,43.87,100,AMS502 SULINDACO 20 TAB 200 MG,AMS502,ean_exacto,0.93,7501349020337,7501349020337,Sulindaco 200 mg
FC-49025844,34.97,100,AMS237 TELMISARTAN 28 TAB 40 MG,AMS237,ean_exacto,1.0,7501349025844,7501349025844,Telmisartán 40 mg
EQ-AMS221,51.56,100,AMS221 TELMISARTAN 28 TAB 80 MG,AMS221,sku_eq,1.0,7501349025806,7501349025806,Telmisartán 28 Tab 80 Mg
EQ-APO142,86.87,100,APO142 ESPADIVA 10 TAB 20/400 MG,APO142,sku_eq,1.06,7501277091034,7501277091034,Espadiva 10 Tab 20/400 Mg
FC-4A0245DA,32.87,100,AVI027 AMLODIPINO 100 TAB 5 MG,AVI027,ean_exacto,1.01,7502216804814,7502216804814,Amlodipino
FC-3B001F9B,11.33,100,AVI037 AMLODIPINO 30 TAB 5 MG,AVI037,ean_exacto,1.25,7502216804661,7502216804661,Amlodipino
FC-16803800,34.15,100,AVI004 OMEPRAZOL 60 CAPS 20 MG,AVI004,ean_exacto,1.04,7502216803800,7502216803800,Omeprazol Avivia capsulas C/60
FC-08443033,45.11,100,LIV130 ALKA SELTZER EFERVECENTE 12 TAB,LIV130,ean_exacto,1.16,7501008443033,7501008443033,Alka-Seltzer C/12 alivio rapido
FC-8491966,52.27,100,LIV008 ASPIRINA AD 40 TAB 500 MG,LIV008,ean_exacto,1.15,7501008491966,7501008491966,Aspirina 500 mg C/40
FC-76040610,66.87,100,LIV149 DESENFRIOL ITO PLUS 24 TAB 80/2.5/.1,LIV149,ean_exacto,1.45,7502276040405,7502276040405,Desenfriolito Plus Masticables
FC-08485316,44.1,100,LIV020 TABCIN EFERV 12 TAB 325/10/8/2 MG,LIV020,ean_exacto,1.17,7501008485316,7501008485316,Tabcin efervescente C/12
EQ-BEA468,126.42,100,BEA468 QUETIAPINA 60 TAB 100 MG,BEA468,sku_eq,1.03,7506624900908,7506624900908,Quetiapina 60 Tab 100 Mg
FMX-302206,22.5,100,BLB032 BELAPIEL GOLPES 1 UNG 75 G,BLB032,ean_exacto,1.1,7502009748011,7502009748011,Belapiel/Golpes Ungüento C/75 Gr
FC-09749063,53.0,100,BLB037 SOLSUN FACE PROTEC SOL FPS+50 1 CMA 50 G,BLB037,ean_exacto,1.09,7502009749063,7502009749063,Sol Sun protector solar facial crema hidratacion profunda
FC-73906469,40.47,100,BIO146 BIOBEND 1 SOL .15G/360 ML,BIO146,ean_exacto,1.02,7501573906469,7501573906469,Biobend bencidamina solucion bucal 360 mL
EQ-BIO003,30.6,100,BIO003 BIOMESINA COMPUESTA 10 GRAG 250/10 MG,BIO003,sku_eq,1.07,7501573900115,7501573900115,Biomesina Compuesta 10 Grag 250/10 Mg
EQ-BIO100,30.55,100,BIO100 BIOSTAFEX 10 TAB 120 MG,BIO100,sku_eq,1.02,7501573904151,7501573904151,Biostafex 10 Tab 120 Mg
EQ-BIO167,24.19,100,BIO167 BIXEN 12 TAB 550 MG,BIO167,sku_eq,1.06,7501573908104,7501573908104,Bixen 12 Tab 550 Mg
FC-73903260,18.4,100,BIO108 BROMHEXINA AD 1 SUSP 160MG/100 ML,BIO108,ean_exacto,1.05,7501573903260,7501573903260,Bromhexina Adulto solución 160 mg/100 mL
FC-73903246,17.88,100,BIO109 BROMHEXINA INF 1 SUSP 80MG/100 ML,BIO109,ean_exacto,1.05,7501573903246,7501573903246,Bromhexina Infantil solución 80 mg/100 mL
EQ-BIO188,15.77,100,BIO188 BROXTORFAN INF 1 JBE 150/113 MG/120 ML,BIO188,sku_eq,0.99,7501573908036,7501573908036,Broxtorfan Inf 1 Jbe 150/113 Mg/120 Ml
FC-4F737E93,12.94,100,BIO064 CLOXAN 1 SOL 300MG/120ML,BIO064,ean_exacto,1.05,7501573902706,7501573902706,Cloxan
FC-1DA570E3,9.86,100,BIO016 CLOXAN 20 COMP 30 MG,BIO016,ean_exacto,1.01,7501573900337,7501573900337,Cloxan ambroxol 30 mg
EQ-BIO212,31.24,100,BIO212 COLCHICINA 30 TAB 1 MG,BIO212,sku_eq,1.03,7501573909958,7501573909958,Colchicina 30 Tab 1 Mg
EQ-BIO017,15.0,100,BIO017 COLPRADIN 30 TAB 10 MG,BIO017,sku_eq,1.03,7501573900436,7501573900436,Colpragin 30 Tab 10 Mg
FC-E535DE28,9.3,100,BIO019 DIURMESSEL 20 TAB 40 MG,BIO019,ean_exacto,1.0,7501573900375,7501573900375,Diurmessel
EQ-BIO021,9.82,100,BIO021 DOCSI 20 TAB 4 MG,BIO021,sku_eq,1.02,7501573900153,7501573900153,Docsi 20 Tab 4 Mg
EQ-BIO112,9.72,100,BIO112 GRISTALIT 1 JBE 600/100MG/30 ML,BIO112,sku_eq,1.04,7501573904700,7501573904700,Gristalit 1 Jbe 600/100mg/30 Ml
FC-73906407,24.03,100,BIO149 LOZAMIR V C/3 APLICS 1 CMA 2% 20G,BIO149,ean_exacto,1.06,7501573906407,7501573906407,Lozamir-V (Clotrimazol) crema 2% con 3 aplicadores
EQ-BIO136,14.32,100,BIO138 LOZAMIR-C 1 CMA 1/30 G,BIO138,ean_exacto,0.95,7501573904403,7501573904403,Lozamir-C 1 Cma 1/30 G
FC-FD92D114,10.31,100,BIO183 OVISEN 14 TAB  20 MG,BIO183,ean_exacto,1.01,7501573900290,7501573900290,Ovisen
FC-F7DB080D,20.37,100,BIO189 OVISEN 28 TAB 20 MG,BIO189,ean_exacto,1.0,7501573909408,7501573909408,Ovisen
FC-73902584,8.5,100,BIO067 SAROX 14 CAPS 20 MG,BIO067,ean_exacto,1.01,7501573902584,7501573902584,Sarox (Omeprazol) 20 mg
FC-73909859,15.79,100,BIO213 SAROX 28 CAPS 20 MG,BIO213,ean_exacto,1.01,7501573909859,7501573909859,Sarox (Omeprazol) 20 mg
FC-D11D586A,21.18,100,BIO163 VALGAB 1 JBE 50MG/60 ML,BIO163,ean_exacto,1.09,7501573907688,7501573907688,Valgab 3 jarabe 6 mL
FC-01007656,12.76,100,BIO087 WAMINDEL 1 GOT 100MG/30 ML,BIO087,ean_exacto,1.06,7503001007656,7503001007656,Wamindel (Paracetamol) gotas 100 mg/mL
FC-01007663,16.37,100,BIO068 WAMINDEL 1 SOL 3.20G/120 ML,BIO068,ean_exacto,1.06,7503001007663,7503001007663,Wamindel (Paracetamol) solución infantil 3.2 g/100 mL
FC-69A3C416,16.66,100,BIO076 WEXPEC 1 SOL 7.5/2MG/5/120 ML,BIO076,ean_exacto,1.0,7503001007694,7503001007694,Wexpec
FC-20089077,80.26,100,BMI080 EXZON 90 TAB 490 MG,BMI080,ean_exacto,1.04,7503020089077,7503020089077,Exzon tabletas masticables 490 mg C/90 sabor uva
FC-1041884,70.02,100,BMI076 PLENIFORM 40 30 TAB 80/60/11.81/500 MG,BMI076,ean_exacto,0.94,7503181041884,7503181041884,Biomiral Pleniform 40 isoflavonas soya C/30
FC-06910913,28.97,100,BRO081 BICOESTOL CEREZA 1 PQTE C/16 PAST 40 G,BRO081,ean_exacto,1.06,714706910913,714706910913,Broncolin Bicoestol pastillas cereza C/16
FC-06910487,28.97,100,BRO082 BICOESTOL EUCALIPT 1 PQTE C/16 PAST 40 G,BRO082,ean_exacto,1.06,714706910487,714706910487,Broncolin Bicoestol pastillas eucalipto C/16
FC-06910906,28.97,100,BRO084 BICOESTOL NARANJA 1 PAQ C/16 PAST 40 G,BRO084,ean_exacto,1.06,714706910906,714706910906,Broncolin Bicoestol pastillas naranja C/16
FC-06903205,125.43,100,BRO004 BRONCOLIN MIXTO 1 VITROLERO 50 PZA,BRO004,ean_exacto,1.11,714706903205,714706903205,Broncolin paletas vitrolero surtido
FC-70100307,67.81,100,BRO001 BRONCOLIN NATURAL ETIQ AZUL 1 JBE 140 ML,BRO001,ean_exacto,1.06,714706100307,714706100307,Broncolin Etiqueta Azul jarabe oral 140 ml
EQ-BRL053,8.25,100,BRL053 DIRPASID (METOCLOPRAMIDA) 20 TAB 10 MG,BRL053,sku_eq,1.09,7502208892638,7502208892638,Direpasid (Metoclopramida) 20 Tab 10 Mg
EQ-BRL072,16.66,100,BRL072 LO BRUQUIN 2 TAB 150/200 MG,BRL072,sku_eq,1.08,7502208894915,7502208894915,Lo Bruquin 2 Tab 150/200 Mg
EQ-BRU016,26.25,100,BRU016 BRULIN (DEXAMETASONA) 3 FA 8MG/2 ML,BRU016,sku_eq,1.08,7501537102586,7501537102586,Brulin (Dexametasona) 3 Fa 8mg/2 Ml
FC-DB3B2584,18.15,100,BRU108 CELESBITAN 1 FA C/JER 8MG/2 ML,BRU108,ean_exacto,1.07,7501537102982,7501537102982,Celesbitan
FC-88947797,21.66,100,BRU138 TRIBEDOCE 30 TAB 100/5/0.05 MG,BRU138,ean_exacto,1.23,7502208894779,7502208894779,Tribedoce Tabletas
FC-37163266,61.26,100,BRU075 TRIBEDOCE COMPUEST 3 AMP 100/100/5/75 MG,BRU075,ean_exacto,1.13,7501537163266,7501537163266,Tribedoce Compuesto Dx
FC-37164713,46.88,100,BRU073 TRIBEDOCE COMPUEST 30 GRAG 50/50/50/1 MG,BRU073,ean_exacto,1.04,7501537164713,7501537164713,Tribedoce Compuesto grageas
FC-8505003,69.59,100,CHI001 ALIN 1 FA 8 MG/2 ML,CHI001,ean_exacto,1.01,7501088505003,7501088505003,Alin Dexametasona 8 mg/2 mL amp
FC-88508929,148.43,100,CHI010 ANARA 20 TAB 5 MG,CHI010,ean_exacto,0.91,7501088508929,7501088508929,Anara
FC-01508201,157.03,100,CHI012 ANTIFLU DES 24 CAPS 1 CAJA 50/3/300 MG,CHI012,ean_exacto,1.0,7501088509773,7501088509773,Antiflu-Des C/24
FC-85097661,126.88,100,CHI013 ANTIFLU DES JR 1 SOL 0.50/.02/3 G /60 ML,CHI013,ean_exacto,1.01,7501088509766,7501088509766,Antiflu-Des Jr Antigripal
FC-8505126,148.89,100,CHI030 NEURALIN INY 2 AMP 200MG/100MG/5GM,CHI030,ean_exacto,1.01,7501088505126,7501088505126,Neuralin solucion inyectable
FC-85592111,177.65,100,CHI043 SCABISAN CREMA TUBO 1 PZA 60 G,CHI043,ean_exacto,0.93,7501088559211,7501088559211,Scabisan
FC-88579615,155.37,100,CHI061 TOPRON 16 CAPS 400 MG,CHI061,ean_exacto,1.01,7501088579615,7501088579615,Topron nifuroxazida 400 mg C/16
FC-DF39BB27,64.99,100,CMD085 ALEVARIN 45 CAPS,CMD085,ean_exacto,0.94,7501590281105,7501590281105,Alevarin cápsulas C/45
FMX-500311,60.62,100,CMD053 ALI GOMITAS 60 GOMAS 40/10.8/7/5.2 MG,CMD053,ean_exacto,0.96,7501590281495,7501590281495,Ali-Gomitas Gomitas C/60
FC-0211225,44.99,100,CMD133 DIBENEL 30 CAPS .940 G C/U,CMD133,ean_exacto,0.96,7501590211225,7501590211225,Dibenel cápsulas vitaminas omega 3 C/30
FMX-502473,59.37,100,CMD074 DIBENEL MAX 30 CAPS 1.35 G,CMD074,ean_exacto,0.96,7501590282829,7501590282829,Dibenel-Max Capsulas C/30
FC-1812D26D,73.74,100,CMD134 HUCIUS 30 CAPS 250/70 MG,CMD134,ean_exacto,0.94,7501590286100,7501590286100,Hucius cápsulas
EQ-CMD015,21.39,100,CMD015 MATERFOL 90 COMP 0.4 MG,CMD015,sku_eq,1.0,7501590222214,7501590222214,Materfol 90 Comp 0.4 Mg
FC-90287992,34.64,100,CMD124 REDBELGY 30 TAB 1000 MCG,CMD124,ean_exacto,1.0,7501590287992,7501590287992,Redbelgy (Cianocobalamina) 1000 mcg masticable
FC-BE2ACF63,61.24,100,CMD100 VALNAIT 30 CAPS 250 MG,CMD100,ean_exacto,0.94,7501590285004,7501590285004,Valnait cápsulas valeriana
FC-0287855,27.5,100,CMD126 VITA KID C 1 JBE 240 ML,CMD126,ean_exacto,0.94,7501590287855,7501590287855,Vita Kid-C jarabe vitamina C naranja 240 ml
FMX-302906,38.74,100,CMD138 VIZANO ZINC 30 TAB 50 MG,CMD138,ean_exacto,0.94,7501590288838,7501590288838,Vizano Capsulas C/30
EQ-COL258,23.92,100,COL258 ALZOCID 4 TAB 20 MG,COL258,sku_eq,1.01,780083149055,0780083149055,Alzocid Tadalafil
FC-2001A890,83.74,100,COL009 AMPIGRIN AD 3 AMP 500/500/100/30MG/3 ML,COL009,ean_exacto,1.02,780083140922,780083140922,Ampigrin AD (Ampicilina + Dicloxacilina)
FC-DE106642,73.95,100,COL008 AMPIGRIN INF 3 AMP 250/200/100/30MG/3 ML,COL008,ean_exacto,1.01,780083140939,780083140939,AMPIGRIM INFANTIL(Metamizol + Dexametasona + Vit. B)
EQ-COL016,26.25,100,COL016 BONAZIN 1 FA 50/25/20 MG,COL016,sku_eq,1.0,780083139575,0780083139575,Bonazin 1 Fa 50/25/20 Mg
EQ-COL120,48.09,100,COL120 COLLICORT 1 CMA 1% 60 G,COL120,sku_eq,1.01,780083142537,780083142537,Collicort Hidrocortisona
FC-83144302,34.85,100,COL145 COLLIFRIN ADULTO 1 SOL 50MG/20 ML,COL145,ean_exacto,1.04,780083144302,0780083144302,Collifrin Adulto (Oximetazolina) 0.05% extra humectante
FC-83141929,29.58,100,COL039 DOLPRIN 1 SUSP 100MG/5/120 ML,COL039,ean_exacto,1.07,780083141929,0780083141929,Dolprin (Ibuprofeno) suspensión 2 g/100 mL
EQ-COL226,23.07,100,COL226 DOLPROFEN 10 TAB 800 MG,COL226,sku_eq,1.03,780083148805,780083148805,Dolprofen 10 Tab 800 Mg
FC-83144807,23.91,100,COL174 FAZOLIN 1 SOL OF 1MG/15 ML,COL174,ean_exacto,1.01,780083144807,0780083144807,Fazolin (Nafazolina) solución oftálmica 1 mg/mL
FC-83146207,25.9,95,COL188 FAZOLIN F 1 GOT 3/0.16MG/15 ML,COL188,ean_sin_dv,0.96,780083146207,7800831462076,Fazolin F
FC-974EE5FD,28.56,100,COL057 GIMALXINA 1 SUSP 250MG/5/75 ML,COL057,ean_exacto,1.05,780083141875,780083141875,Gimalxina 250 mg/ 5 mL
FC-428A228F,25.39,100,COL056 GIMALXINA 12 CAPS 500 MG,COL056,ean_exacto,1.07,780083140663,780083140663,Gimalxina
FMX-301081,104.68,100,COL243 HUDICLOR 28 TAB 250 MG,COL243,ean_exacto,1.11,780083148980,780083148980,Hudiclor Tabletas 250 Mg C/28
EQ-COL133,36.77,100,COL133 NOSIPREN 30 TAB 20 MG,COL133,sku_eq,1.03,780083142827,0780083142827,Nosipren 30 Tab 20 Mg
EQ-COL073,25.0,100,COL073 OTILIN 1 GOT 350MG/2G DE 20 ML,COL073,sku_eq,1.0,780083140021,780083140021,Otilin 1 Got 350mg/2g De 20 Ml
FC-83141226,50.64,100,COL082 PERLUDIL 1 FA 150/10 MG,COL082,ean_exacto,1.04,780083141226,780083141226,Perludil 150 mg / 10 mg Caja con 1 ampolleta Collins
FMX-507495,33.58,100,COL230 SENLOIR 20 TAB 10 MG,COL230,ean_exacto,1.08,780083148904,780083148904,Senloir Tabletas 10 Mg C/20
FC-83142308,21.11,100,COL090 TEMPIRE 1 GOT 100MG/30 ML,COL090,ean_exacto,1.06,780083142308,0780083142308,Tempire (Paracetamol) gotas 100 mg/mL
EQ-COL239,51.38,100,COL239 VOLFENAC GEL 1 GEL 2.32G/100 G,COL239,sku_eq,1.06,780083149024,0780083149024,Volfenac Gel 1 Gel 2.32g/100 G
FC-53601339,34.58,100,DAC005 DACLAFIN SUBSALICILATO DE BISMUTO 120 ML,DAC005,ean_exacto,1.1,7502253601339,7502253601339,Daclafin subsalicilato bismuto susp. 120 mL
FC-00E8A9C7,102.67,100,DAC002 FOTOSUN UV 100 FPS 50+ CREMA 125 ML,DAC002,ean_exacto,0.99,7502253600486,7502253600486,Protector Solar Fotosun UV100
FC-53601247,88.72,100,DAC037 RINOMAR NINO Y ADULTO 100 ML,DAC037,ean_exacto,1.02,7502253601247,7502253601247,Rinomar Agua Isotonica
FC-83351381,8.09,100,DES016 AGUA OXIGEN DERMOCLEEN 1 BOT 100 ML,DES016,ean_exacto,1.06,7501048335138,7501048335138,Agua oxigenada Protec
FC-83351691,11.57,100,DES017 AGUA OXIGEN DERMOCLEEN 1 BOT 230 ML,DES017,ean_exacto,1.14,7501048335169,7501048335169,Agua Oxigenada Protec
FC-48335305,18.52,100,DES018 AGUA OXIGEN DERMOCLEEN 1 BOT 480 ML,DES018,ean_exacto,1.26,7501048335305,7501048335305,Agua Oxigenada
FC-50882000,46.71,100,DES019 DERMODINE 1 SOL 120 ML 10 MG,DES019,ean_exacto,1.27,7501250882000,7501250882000,Dermodine solución antiséptica 120 ml
FC-50882024,46.71,100,DES054 DERMODINE BF 1 SOL 120 ML 8 MG,DES054,ean_exacto,1.27,7501250882024,7501250882024,Dermodine Bucofaríngeo 120 ml
FC-50882017,46.71,100,DES055 DERMODINE ESPUMA 1 SOL 120 ML 8 MG,DES055,ean_exacto,1.27,7501250882017,7501250882017,Dermodine Espuma 120 mL
FMX-300644,258.46,100,DES021 GUANTE EXPL ESTE LATEX MED 1 CJA 100 PZA,DES021,ean_exacto,1.61,7501048942442,7501048942442,Guante/Esteril-Protec Clasico C/100 Mediano
FC-48623006,25.72,100,DES102 PADS FACIALES 1 BOL 100 PADS,DES102,ean_exacto,1.21,7501048623006,7501048623006,Pads Faciales con Glicerina Protec
FC-86708021,45.06,100,DES115 TERMOMETRO DIGITAL PROTEC 1 PZA,DES115,ean_exacto,1.09,7501048670802,7501048670802,Termómetro Digital Protec
FC-48691005,25.68,100,DES047 VENDA ELASTIC TEN/PLUS 1 VENDAS 10CMX5 M,DES047,ean_exacto,0.97,7501048691005,7501048691005,Venda elástica Protec 10 cm x 5 m
FC-48691104,58.34,100,DES048 VENDA ELASTIC TEN/PLUS 1 VENDAS 15CMX5 M,DES048,ean_exacto,1.52,7501048691104,7501048691104,Venda Elastica Protec 15 cm x 5 m
FC-48690800,15.77,100,DES045 VENDA ELASTICA TEN/PLUS 1 VENDAS 5CMX5 M,DES045,ean_exacto,1.09,7501048690800,7501048690800,Venda Elástica Protec 5 cm x 5 m
FC-48690909,20.73,100,DES046 VENDA ELASTICA TEN/PLUS 1 VENDAS 7CMX5 M,DES046,ean_exacto,0.98,7501048690909,7501048690909,Venda Elástica Protec 7 cm x 5 m
FC-25304555,41.66,100,DEG186 BRAXIGORT 1 SUSP 90 ML,DEG186,ean_exacto,1.06,7501825304555,7501825304555,Braxigort (Nifuroxazida) suspensión 4.4 g/100 mL
EQ-DEG011,34.99,100,DEG011 CONVIFER C/HIERRO 1 SOL 3/.2/.1MG/110 ML,DEG011,sku_eq,1.03,7501825300175,7501825300175,Convifer C/Hierro 1 Sol 3/2/.1mg/110
FC-29670370,36.84,100,DEG184 DEGORTZIN 1 SOL 100 MG/50 ML,DEG184,ean_exacto,1.03,7501825304562,7501825304562,Degortzin
FC-25300373,46.7,100,DEG029 ESPABION 1 SUSP 100MG/5ML 100 ML,DEG029,ean_exacto,1.05,7501825300373,7501825300373,Espabion (Trimebutina) suspensión 2 g/100 mL
FC-25300366,26.58,100,DEG030 ESPABION 1 SUSP 20MG/1ML 30 ML,DEG030,ean_exacto,1.04,7501825300366,7501825300366,Espabion (Trimebutina) 20 mg/mL gotas
EQ-DEN074,36.75,100,DEN074 DELAPHIL 14 TAB 5 MG,DEN074,sku_eq,1.01,7506476200126,7506476200126,Delaphil 14 Tab 5 Mg
FC-9507CD66,83.97,100,LIZ061 HABA ALCANFORADA C/50 (MERCIRIO),LIZ061,ean_exacto,1.29,3311000003388,3311000003388,Mercurio Haba Alcanforada
FC-14983153,65.09,100,DKT021 LUBRICANTE GROSELLA 1 GEL 75 ML,DKT021,ean_exacto,1.05,7502214983153,7502214983153,Lubricante Intimo Prudence Grosella
FC-14983726,74.81,100,DKT026 LUBRICANTE NATURAL 1 GEL 75 ML,DKT026,ean_exacto,1.21,7502214983726,7502214983726,Prudence Natural Lubricante Natural
FC-14980596,36.65,100,DKT071 PRUDENCE CARIBBEAN SENS MORA 1 CJA 3 PZA,DKT071,ean_exacto,1.18,7502214980596,7502214980596,Prudence Mora
FC-14985805,50.99,100,DKT040 PRUDENCE CHICLE 1 CAJA 5 PZAS,DKT040,ean_exacto,1.15,7502214985805,7502214985805,Prudence chicle condones C/5
FC-14982514,36.65,100,DKT008 PRUDENCE CHOCOLATE 1 CJA 3 PZAS,DKT008,ean_exacto,1.18,7502214982514,7502214982514,Prudence Chocolate
FC-49800151,30.62,100,DKT006 PRUDENCE CLASICO 1 CJA 3 PZAS,DKT006,ean_exacto,1.05,7502214980015,7502214980015,Prudence Clasico
FC-49853867,43.74,100,DKT037 PRUDENCE EXTRA PLEASURE 1 CAJA 3 PZA,DKT037,ean_exacto,1.06,7502214985386,7502214985386,Prudence Extra Pleasure C/3
FC-49824391,46.91,100,DKT011 PRUDENCE EXTRA TIME 1 CJA 3 PZAS,DKT011,ean_exacto,1.06,7502214982439,7502214982439,Prudence 'Ull Retardante C/3
FC-49824771,33.71,100,DKT007 PRUDENCE FRESA 1 CJA 3 PZAS,DKT007,ean_exacto,1.09,7502214982477,7502214982477,Prudence Fresa
FC-14985348,43.74,100,DKT036 PRUDENCE FULL SENSITIVE 1 CAJA 3 PZA,DKT036,ean_exacto,1.06,7502214985348,7502214985348,Prudence Ultra Sensitive condones C/3
FC-14980350,64.55,100,DKT056 PRUDENCE LUB MORA AZUL 1 GEL 75 ML,DKT056,ean_exacto,1.04,7502214980350,7502214980350,Prudence Lub lubricante íntimo mora azul 75 ml
FC-49828111,42.47,100,DKT010 PRUDENCE MIX 1 CJA 5 PZAS,DKT010,ean_exacto,1.06,7502214982811,7502214982811,Prudence surtido sabores C/5
FC-49835773,40.16,100,DKT018 PRUDENCE MIX CARIBBEAN 1 CJA 5 PZA,DKT018,ean_exacto,1.01,7502214983573,7502214983573,Prudence Caribbean Sensitive Mix
FC-4980275,35.97,100,DKT063 PRUDENCE SODA 1 CJA 3 PZA,DKT063,ean_exacto,1.2,7502214980275,7502214980275,Prudence Edición Especial Soda C/3
FC-49824911,33.71,100,DKT009 PRUDENCE UVA 1 CJA 3 PZAS,DKT009,ean_exacto,1.09,7502214982491,7502214982491,Prudence condones uva C/3
EQ-EXA042,45.54,100,EXA042 CROMOGLICATO  SODIO 1 SOL 40 MG/5 ML,EXA042,sku_eq,1.0,75053086,75053086,Cromoglicato Sodio 1 Sol 40 Mg/5 Ml
FC-A2B284E0,118.77,100,EXA054 HIALURONATO DE SODIO 4MG 10 ML,EXA054,ean_exacto,1.04,75058661,75058661,Hialuronato De Sodio 4Mg
EQ-EXA035,40.54,100,EXA035 NEOMICI POLIMIXI B GRAMICIDI 1 SOL 15 ML,EXA035,sku_eq,1.0,75049805,75049805,Neomici Polimixi B Gramicidi 1 Sol 15 Ml
EQ-EXA045,49.1,100,EXA045 NEOMICINA POLIMIXINA-B BACITRACINA UNG,EXA045,sku_eq,1.0,75050764,,Neomicina Polimixina-B Bacitracina Ung
EQ-FAC0058,26.13,100,FAC0058 FARMIVER JUNIOR 1 SUSP 200/400MG/20 ML,FAC0058,sku_eq,1.06,7502006921974,7502006921974,Farmiver Junior 1 Susp 200/400mg/20 Ml
FC-06922711,27.75,100,FAC0045 MOTILAXIL 1 GOT 750MG/100ML DE 30 ML,FAC0045,ean_exacto,1.01,7502006922711,7502006922711,Motilaxil gotas (Picosulfato de sodio) 7.5 mg/mL
FC-06920021,17.95,100,FAC0059 MOTILAXIL 20 TAB 5 MG,FAC0059,ean_exacto,1.05,7502006920021,7502006920021,Motilaxil-T (Picosulfato de sodio) 5 mg
FC-27424995,20.75,100,GEP020 DIFENHIDRAMINA 10 CAPS 25 MG,GEP020,ean_exacto,1.06,7502227424995,7502227424995,Difenhidramina 25 mg
FC-27427392,47.93,100,GEP030 ML-PRIM 12 CAPS 375MG/200MG,GEP030,ean_exacto,1.01,7502227426982,7502227426982,ML-PRIM metocarbamol/ibuprofeno C/12
FC-7426449,120.0,100,GEP014 NESAJAR 16 CAPS 300/100 MG,GEP014,ean_exacto,1.05,7502227426449,7502227426449,Nesajar 100/300 mg C/16
FC-00204798,71.44,100,GEP001 OMELINA GEL 60 CAPS 400/320 MG,GEP001,ean_exacto,0.96,7503002047958,7503002047958,Omelina Gel Omega 3-6-9 linaza orgánica C/60
FC-40030338,69.79,95,GNO098 SH INT LOMECAN V ACLAR 200ML,GNO098,ean_sin_dv,0.98,650240030338,6502400303384,Jabon Intimo Lomecan V Aclar
FC-40066306,16.14,95,GNO111 SUEROX 8IONES FRESA 630 ML,GNO111,ean_sin_dv,1.1,650240066306,6502400663068,Suerox 8 Iones Fresa 630 ML
FC-00661391,16.14,95,GNO109 SUEROX ADU FRESA FRUTOS ROJOS 630 ML,GNO109,ean_sin_dv,1.1,650240066139,6502400661391,Suerox 8 Iones Frutos Rojos 630 ML
FC-40035395,16.14,95,GNO040 SUEROX ADULTO 8 IONES COCO 630 ML,GNO040,ean_sin_dv,1.1,650240035395,6502400353952,Suerox 8 Iones Coco 630 ML
FC-40032264,15.89,95,GNO041 SUEROX ADULTO 8 IONES FRESA KIWI 630 ML,GNO041,ean_sin_dv,1.08,650240032264,6502400322644,Suerox 8 Iones Eresa-Kiwi 630 ML
FC-40032325,16.14,95,GNO042 SUEROX ADULTO 8 IONES LIMA LIMON 630 ML,GNO042,ean_sin_dv,1.1,650240032325,6502400323252,Suerox 8 Iones Lima Limón 630 ML
FC-00322571,16.14,95,GNO043 SUEROX ADULTO 8 IONES MANZANA 630 ML,GNO043,ean_sin_dv,1.1,650240032257,6502400322571,Suerox 8 Iones Manzana 630 ML
FC-40032295,16.14,95,GNO044 SUEROX ADULTO 8 IONES MORA AZUL 630 ML,GNO044,ean_sin_dv,1.1,650240032295,6502400322958,Suerox 8 Iones Mora Azul 630 ML
FC-00323011,16.14,95,GNO045 SUEROX ADULTO 8 IONES NARAN-MANDA 630 ML,GNO045,ean_sin_dv,1.1,650240032301,6502400323011,Suerox 8 Iones Naranja Mandarina 630 ML
FC-40032271,16.14,95,GNO046 SUEROX ADULTO 8 IONES UVA 630 ML,GNO046,ean_sin_dv,1.1,650240032271,6502400322712,Suerox 8 Iones Uva 630 ML
FC-40010712,137.27,95,GNO051 TUKOL-D 1 JARABE ADULTO 125 ML,GNO051,ean_sin_dv,1.17,650240010712,6502400107128,Tukol-D jarabe Adulto
FC-40006647,125.01,95,GNO052 ULTRA BENGUE 1 PZA 35 G,GNO052,ean_sin_dv,1.13,650240006647,6502400066470,Ultra Bengue Gel
FC-22150221,16.0,100,GSI009 JABON RICITOS DE ORO NEUTRO 1 PZAS 90 G,GSI009,ean_exacto,0.77,7501022150221,7501022150221,Jabon en Barra Ricitos de Oro Neutro
FC-22133286,54.14,100,GSI068 RICITOS DE ORO MIEL 1 SH 250 ML,GSI068,ean_exacto,0.81,7501022133286,7501022133286,Shampoo Grisi Rici Oro Miel
FC-9490651,134.36,100,HLN025 COREGA ULTRA 1 TUBO 40 G,HLN025,ean_exacto,1.12,7896009490651,7896009490651,Corega Ultra Sin Sabor 40 g
EQ-HIS045,46.8,100,HIS045 CIFHIR 1 GEL 60G/5 %,HIS045,sku_eq,1.02,7502213040871,7502213040871,Cifhir 1 Gel 60g/5 %
EQ-HIS087,56.64,100,HIS087 CLOFHIVEN  200 DOSIS 50 MCG/12.80G,HIS087,sku_eq,1.0,7502213042752,7502213042752,Clofhiven 200 Dosis 50 Mcg/12.80g
EQ-HIS081,36.27,100,HIS081 FARMAREST SALBUT 1 SUSP/AER 200DO/125 MG,HIS081,sku_eq,1.07,7502213042738,7502213042738,Farmarest Salbut 1 Susp/Aer 200do/125
EQ-HIS076,24.59,100,HIS076 FHASPEM 3 AMP 20 MG/1 ML,HIS076,sku_eq,1.05,7502213042370,7502213042370,Fhaspem 3 Amp 20 Mg/1 Ml
EQ-HIS085,103.81,100,HIS085 PROTAISOL 1 SUSP/AER 200 DOSIS 12.80 G,HIS085,sku_eq,1.08,7502213042745,7502213042745,Protaisol 1 Susp/Aer 200 Dos/5 12.80 G
EQ-HIS075,47.84,100,HIS075 TERFHICID 40 CAPS 100 MG,HIS075,sku_eq,1.04,7502213042325,7502213042325,Terfhicid 40 Caps 100 Mg
EQ-IFA001,63.33,100,IFA001 POSTDAY 1 COMP 1.5 MG,IFA001,sku_eq,1.03,7501249606778,7501249606778,Postday 1 Comp 1.5 Mg
FC-00005823,54.55,100,INN023 TOBR/DEXAM 1 SOL OFT  3MG/1MG/5ML (GRIN),INN023,ean_exacto,1.01,008400005823,0008400005823,Tobramicina / Dexametasona solución oftálmica 3-1 mg/mL
FC-84431050,9.1,95,JAL034 JALOMA ACETONA 1 FRASCO 60 ML,JAL034,ean_sin_dv,0.79,759684431050,7596844310502,Acetona Jaloma chico
FC-84272103,11.16,100,JAL063 KIUTS HISOPOS 1 TARRO 100 PZAS,JAL063,ean_exacto,0.85,759684272103,759684272103,Jaloma Kiuts hisopos biodegradables C/100
FC-4391156,169.45,100,JAL039 POMADA PARA LABIOS 1 VITROLERO 60 PZAS,JAL039,ean_exacto,59.25,759684391255,759684391255,Jaloma pomada labios sabores 3 g
FMX-300591,15.08,100,JAL014 REPELENTE DE INSECTOS 1 SPRAY 60 ML,JAL014,ean_exacto,0.84,759684471452,759684471452,Bio-Clap-Repelente Spray C/60 Ml
FC-8432071,11.93,100,JAL023 VASELINA BLANCA 1 TARRO 60 G,JAL023,ean_exacto,0.98,759684432071,759684432071,Jaloma vaselina blanca 60 g
FMX-506781,9.36,100,JAY188 CATETER/VENOCLISIS AMARI 1 PZA 24G/19MM,JAY188,ean_exacto,1.01,7506022316493,7506022316493,Cateter/Intravenoso-Sumitex Pu 24 G X 19 Mm C/1 Amarillo
FC-BE0A0E46,9.36,100,JAY191 CATETER/VENOCLISIS AZUL 1 PZA 22G/25 MM,JAY191,ean_exacto,1.01,7506022316622,7506022316622,Cateter para Venoclisis 22 g
FMX-506779,9.36,100,JAY192 CATETER/VENOCLISIS ROSA 1 PZA 20G/33 MM,JAY192,ean_exacto,1.01,7506022316615,7506022316615,Catéter Sumitex 20G x 33 mm rosa
EQ-JAY263,334.23,100,JAY263 DIFLOSENSI 28 TAB 10 MG,JAY263,sku_eq,1.0,7506022331502,7506022331502,Diflosensi 28 Tab 10 Mg
FMX-301025,35.51,100,JAY250 MASCARILLA C/MICRONEBULI PED 1 CJA 1 PZA,JAY250,ean_exacto,1.01,7506022330901,7506022330901,Mascarilla-Nebulizacion-Sensimedical Bolsa C/1 Con Nebulizador Pediatrica
FC-22322395,11.88,100,JAY233 NORMOGOTERO SENSI 20 GOT 1 PZA,JAY233,ean_exacto,1.03,7506022322395,7506022322395,Normogotero Sensi Medical
FC-66055303,15.91,100,JAY142 PRUEBA DE EMBARAZO MEDITEST 1 CJA 1 PZA,JAY142,ean_exacto,1.05,7506022315281,7506022315281,Prueba Embarazo Meditest
FC-69200016,118.2,100,HIG003 ESTOMAQUIL 20 SOB 3G,HIG003,ean_exacto,1.2,7501369200016,7501369200016,Estomaquil Polvo C/20
FC-52200809,29.7,100,LAN043 CINA 7 TAB 750 MG,LAN043,ean_exacto,1.03,7502225092486,7502225092486,Cina 750 mg Caja con 7 tabletas Landsteiner
FC-36000828,38.54,100,LIF048 ARGENTAL 1 CMA 1%/28 G,LIF048,ean_exacto,1.09,7501836000828,7501836000828,Argental (Sulfadiazina de plata) crema 1%
EQ-LIF006,41.41,100,LIF006 CARBAFEN 30 TAB 400/350MG,LIF006,sku_eq,1.0,7501836000118,7501836000118,Carbafen 30 Tab 400/350mg
EQ-LIF064,42.49,100,LIF064 CINEPRAC 20 TAB 200 MG,LIF064,sku_eq,1.02,7501836002969,7501836002969,Cineprac 20 Tab 200 Mg
FC-36009661,31.74,100,LIF147 DUALGOS 20 TAB 325/200 MG,LIF147,ean_exacto,1.09,7501836009661,7501836009661,Dualgos (Paracetamol/Ibuprofeno) 325/200 mg
FC-36003621,38.24,100,LIF162 PRECICOL 1 GOT 20 ML,LIF162,ean_exacto,1.03,7501836003621,7501836003621,Precicol hioscina/paracetamol gotas 20 mL
EQ-LIF033,26.56,100,LIF033 QUERATAL 1 CMA 20 G,LIF033,sku_eq,1.06,7501836002020,7501836002020,Queratal Tretinoina
EQ-LIF153,44.68,100,LIF153 REALDRAX MXD 10 TAB 20/400 MG,LIF153,sku_eq,1.1,7501836010087,7501836010087,Realdrax Mxd 10 Tab 20/400 Mg
EQ-LIF039,45.62,100,LIF039 TINIAZOL 1 SHAMPOO 2G/120 ML,LIF039,sku_eq,1.06,7501836000927,7501836000927,Tiniazol 1 Shampoo 2g/120 Ml
FC-11780359,20.37,100,LOE001 AFLUSIL 1 SUSP 2G/120ML,LOE001,ean_exacto,1.04,7502211780359,7502211780359,Aflusil (Ibuprofeno) suspensión 2 g/100 mL
FC-86100158,32.88,100,LOE173 BENVIA 1 JBE 250 MG/100/120 ML,LOE173,ean_exacto,1.02,7506386100158,7506386100158,Benvia Infantil (Dimenhidrinato) 250 mg/100 mL
FC-11788928,31.63,100,LOE119 DESYN-N 6 SUP 60/5 MG,LOE119,ean_exacto,1.0,7502211788928,7502211788928,Desyn-N (Lidocaína/Hidrocortisona) 60/5 mg
FC-11788690,44.64,100,LOE123 DIOTEXONA 1 GOTERO 10G/100/30 ML,LOE123,ean_exacto,1.15,7502211788690,7502211788690,Diotexona (Dimeticona) 10 g/100 mL pediátrico
FC-11783282,30.48,100,LOE076 ERBITRAX 1 CMA 1% 30 G,LOE076,ean_exacto,1.06,7502211783282,7502211783282,Erbitrax (Terbinafina) crema 1%
FC-DA34D88D,66.84,100,LOE054 ERBITRAX-T 7 TAB 250 MG,LOE054,ean_exacto,1.34,7502211783657,7502211783657,Erbitrax Terbinafina
EQ-LOE132,24.84,100,LOE132 FARIBROX TM ADULTO 1 JBE 225/225MG/100/1,LOE132,sku_eq,1.07,7502211789277,7502211789277,Faribrox Tm Adulto 1 Jbe 150 Ml
EQ-LOE131,23.42,100,LOE131 FARIBROX TM INF 1 JBE 150/113MG/100/150,LOE131,sku_eq,1.02,7502211789284,7502211789284,Faribrox Tm Inf 1 Jbe 150/113mg/100/150
EQ-LOE058,20.28,100,LOE058 FENIFFLER-T 50 TAB 100 MG,LOE058,sku_eq,1.01,7502211784005,7502211784005,Feniffler-T 50 Tab 100 Mg
EQ-LOE155,94.26,100,LOE155 INDOMETACINA 6 SUPOSITORIOS 100 MG,LOE155,sku_eq,1.02,7502211788423,7502211788423,Indometacina 6 Supositorios 100 Mg
EQ-LOE013,20.86,100,LOE013 KERAFFLER 1 SOL 20MG/5/120 ML,LOE013,sku_eq,1.03,7502211780229,7502211780229,Keraffler 1 Sol 20mg/5/120 Ml
EQ-LOE014,25.2,100,LOE014 NEOSEDAL 1 JBE 5G/100/120 ML,LOE014,sku_eq,1.08,7502211780687,7502211780687,Neosedal 1 Jbe 5g/100/120 Ml
EQ-LOE066,41.75,100,LOE066 PENSODIL-S 5 SUP 200/100 MG,LOE066,sku_eq,1.12,7502211784043,7502211784043,Pensodil-S 5 Sup 200/100 Mg
EQ-LOE135,53.16,100,LOE135 ROSANIL 7 TAB 500 MG,LOE135,sku_eq,1.03,7502211783954,7502211783954,Rosanil 7 Tab 500 Mg
EQ-LOE096,53.13,100,LOE096 VILADOL PLUS 20 TAB 10/500 MG,LOE096,sku_eq,1.12,7502211786788,7502211786788,Vidalol Plus 20 Tab 10/500 Mg
FC-52D2A43A,29.39,100,LOE070 ZUKEDIB 30 TAB 2 MG,LOE070,ean_exacto,1.01,7502211784029,7502211784029,Zukedib glimepirida 2 mg C/30
FC-3D0ED22B,31.51,100,LOE071 ZUKEDIB 30 TAB 4 MG,LOE071,ean_exacto,1.13,7502211784036,7502211784036,Zukedib
FC-76040436,64.5,100,MDR030 MEXSANA 1 SPRAY 150 ML,MDR030,ean_exacto,0.82,7502276040436,7502276040436,Desodorante Para Pies Mexsana
EQ-MAV358,112.48,100,MAV358 AVATTOR 30 COMP 20 MG,MAV358,sku_eq,1.09,7502009746178,7502009746178,Avattor 30 Comp 20 Mg
FC-00422511,23.12,100,MAV003 BACTIVER 1 SUSP 40/200/5/120 ML,MAV003,ean_exacto,1.09,7503000422511,7503000422511,Bactiver sulfametoxazol/trimetoprima susp. 120 mL
FC-AE5EEDF7,17.61,100,MAV001 BACTIVER 20 TAB 400/80 MG,MAV001,ean_exacto,1.04,7503000422238,7503000422238,Bactiver
FC-F8691496,22.72,100,MAV002 BACTIVER F 14 TAB 160/800 MG,MAV002,ean_exacto,1.08,7503000422283,7503000422283,Bactiver F (Sulfametoxazol/Trimetoprima)
FC-9B93AC4C,96.58,100,MAV255 BENEVENTOL 1 SUSP 100MG/5ML/50 ML,MAV255,ean_exacto,0.99,7502009745737,7502009745737,Beneventol
FC-4BD80686,90.9,100,MAV270 BENEVENTOL 3 CAPS 400 MG,MAV270,ean_exacto,1.03,7502009745928,7502009745928,Beneventol
FC-369D1689,153.73,100,MAV290 BENEVENTOL 6 CAPS 400 MG,MAV290,ean_exacto,1.05,7502009746253,7502009746253,Beneventol
EQ-MAV410,35.09,100,MAV410 BENZOCAINA 1 GEL 10 G .1/1 G,MAV410,sku_eq,0.87,7502009747205,7502009747205,Benzocaina 1 Gel 10 G .1/1 G
EQ-MAV266,77.26,100,MAV266 BERNIVER 2% 1 UNG 15 G,MAV266,sku_eq,1.01,7502009745836,7502009745836,Berniver 2% 1 Ung 15 G
FC-09745560,29.54,100,MAV238 BIOXOVER 1 JBE 300MG/120 ML,MAV238,ean_exacto,1.02,7502009745560,7502009745560,Bioxover Dropropizina
FC-58DB24C4,64.76,100,MAV350 BITENVER 30 TAB 24 MG,MAV350,ean_exacto,1.03,7502009747373,7502009747373,Bitenver
FC-C6C20517,31.59,100,MAV373 BUDIMIN 20 TAB 1 MG,MAV373,ean_exacto,1.01,7502009748868,7502009748868,Budimin
EQ-MAV320,91.81,100,MAV320 CARIDEN 10 TAB 30 MG,MAV320,sku_eq,1.01,7502009746734,7502009746734,Cariden 10 Tab 30 Mg
EQ-MAV318,54.54,100,MAV318 CARIDEN 20 TAB 6 MG,MAV318,sku_eq,1.03,7502009746727,7502009746727,Cariden 20 Tab 6 Mg
EQ-MAV142,46.24,100,MAV142 CEFABROXIL 15 TAB 500/30 MG,MAV142,sku_eq,1.04,7502009741500,7502009741500,Cefabroxil 15 Tab 500/30 Mg
FC-E374F23E,48.86,100,MAV130 CEFAGEN 1 SUSP 125MG/5/50 ML,MAV130,ean_exacto,1.01,7502009741302,7502009741302,Cefagen pediátrico
FC-A455EE80,78.11,100,MAV131 CEFAGEN 1 SUSP 250MG/5/50 ML,MAV131,ean_exacto,1.05,7502009741296,7502009741296,Cefagen
FC-2EDC6E3B,86.24,100,MAV227 CEFAGEN 10 TAB 250 MG,MAV227,ean_exacto,1.05,7502009745119,7502009745119,Cefagen
EQ-MAV228,149.98,100,MAV228 CEFAGEN 10 TAB 500 MG,MAV228,sku_eq,1.04,7502009745126,7502009745126,Cefagen 10 Tab 500 Mg
FC-492D652F,64.99,100,MAV260 CEFALVER 12 TAB 1 G,MAV260,ean_exacto,1.5,7502009745614,7502009745614,Cefalver
FC-40CE757D,44.26,100,MAV163 CEFALVER 20 CAPS 500 MG,MAV163,ean_exacto,1.02,7502009740480,7502009740480,Cefalver
FC-6EAD98A9,50.62,100,MAV122 CEPOBROM 12 CAPS 500/8.782 MG,MAV122,ean_exacto,1.06,7502009741289,7502009741289,Cepobrom
EQ-MAV392,45.83,100,MAV392 CETILVER 1 GEL 8% C/10 G,MAV392,sku_eq,1.01,7502009748448,7502009748448,Cetilver 1 Gel 8% C/10 G
FC-6519183A,29.16,100,MAV011 CLAMOXIN 1 SUSP 125/31.25MG/5/60 ML,MAV011,ean_exacto,1.05,7502009740206,7502009740206,Clamoxin (Amoxicilina/Clavulánico 500/125 mg)
FC-F48FF7EF,37.49,100,MAV012 CLAMOXIN 1 SUSP 250/62.5MG/5/60 ML,MAV012,ean_exacto,1.05,7502009740213,7502009740213,Clamoxin (Amoxicilina/Clavulánico susp. 250/62.5)
FC-5F30F9D4,50.51,100,MAV111 CLAMOXIN 10 TAB 500/125 MG,MAV111,ean_exacto,1.04,7502009740992,7502009740992,Clamoxin (Amoxicilina/Clavulánico 500/125 mg)
FC-F22C72BE,57.28,100,MAV090 CLAMOXIN 12H 10 TAB 875/125 MG,MAV090,ean_exacto,1.04,7502009740763,7502009740763,Clamoxin 12H (Amoxicilina/Clavulánico)
FC-516C2E89,39.05,100,MAV014 CLAMOXIN 12H JR 1 SUSP 400/57MG/5/50 ML,MAV014,ean_exacto,1.06,7502009740503,7502009740503,Clamoxin 12H Jr (Amoxicilina/Clavulánico susp.)
FC-DDFBABDF,27.08,100,MAV013 CLAMOXIN 12H PED 1 SUSP 200/28.5MG/40 ML,MAV013,ean_exacto,1.04,7502009740497,7502009740497,Clamoxin 12H Ped (Amoxicilina/Clavulánico susp.)
FC-09745140,50.51,100,MAV226 CLAMOXIN S 1 SUSP 600/42.90MG/50 ML,MAV226,ean_exacto,1.05,7502009745140,7502009745140,Clamoxín S 600 mg / 42.9 mg / 5 mL Frasco 50 mL Maver
FC-09740268,19.71,100,MAV015 COBADEX AD 1 JBE 225/225MG/100/120 ML,MAV015,ean_exacto,1.02,7502009740268,7502009740268,Cobadex Adulto (Ambroxol/Dextrometorfano) 225-225 mg/100 mL
FC-09747779,53.12,100,MAV363 CULMINAX ADULTO 1 SOL 375 MG/5/150 ML,MAV363,ean_exacto,1.06,7502009747779,7502009747779,Culminax Adulto (Carbocisteína) 375 mg/5 mL
EQ-MAV407,56.24,100,MAV407 DAIMANT 14 CAPS 100 MG,MAV407,sku_eq,1.07,7502009749452,7502009749452,Daimant 14 Caps 100 Mg
EQ-MAV376,118.73,100,MAV376 DEXKETOPROFENO 20 TAB 25 MG,MAV376,sku_eq,3.16,7502009748844,7502009748929,Flausiver 1 Gel 100 G
EQ-MAV401,21.87,100,MAV401 DEXPANTENOL 1 CMA 5% 30 G,MAV401,sku_eq,1.55,7502009749421,,Dexpantenol 1 Cma 5% 30 G
FC-28A424E5,8.24,100,MAV306 DIZIVER 20 TAB 25 MG,MAV306,ean_exacto,1.01,7502009746383,7502009746383,Diziver
EQ-MAV134,58.74,100,MAV134 DOLTRIX 10 TAB 250/10 MG,MAV134,sku_eq,1.04,7502009741487,7502009741487,Doltrix 10 Tab 250/10 Mg
EQ-MAV167,75.61,100,MAV167 DOLTRIX 20 TAB 125/10 MG,MAV167,sku_eq,1.08,7502009742392,7502009742392,Doltrix 20 Tab 125/10 Mg
EQ-MAV140,64.36,100,MAV140 DOLTRIX 3 AMP 100/20MG/2 ML,MAV140,sku_eq,1.04,7502009741326,7502009741326,Doltrix 3 Amp 100/20mg/2 Ml
EQ-MAV162,19.88,100,MAV162 DOLXEN 10 TAB 500 MG,MAV162,sku_eq,1.05,7502009741593,7502009741593,Dolxen 10 Tab 500 Mg
FC-DF8ADDAB,23.44,100,MAV360 ERISPAN 1 FA 4MG/1 ML,MAV360,ean_exacto,1.06,7502009745218,7502009745218,Erispan
FC-50AC2C82,25.0,100,MAV141 ERISPAN 1 FA 8MG/2 ML,MAV141,ean_exacto,1.02,7502009740916,7502009740916,Erispan
EQ-MAV295,8.56,100,MAV295 ERISPAN COMP 10 TAB 5/0.25 MG,MAV295,sku_eq,1.04,7502009746239,7502009746239,Erispan Comp 10 Tab 5/0.25 Mg
EQ-MAV187,22.65,100,MAV187 ERISPAN COMPUESTO 1 SOL 5/100MG/60 ML,MAV187,sku_eq,1.01,7502009744129,7502009744129,Erispan Compuesto 1 Sol 5/100mg/60 Ml
EQ-MAV380,53.74,100,MAV380 ESOMEPRAZOL 14 TAB 40 MG,MAV380,sku_eq,1.04,7502009748912,7502009748912,Esomeprazol 14 Tab 40 Mg
EQ-MAV415,103.11,100,MAV415 ESOMEPRAZOL 28 TAB 40 MG,MAV415,sku_eq,1.04,7502009749292,7502009749292,Esomeprazol 28 Tab 40 Mg
FC-09747236,20.62,100,MAV341 EXALIV 24 TAB 325/5/2 MG,MAV341,ean_exacto,1.04,7502009747236,7502009747236,Exaliv (Paracetamol / Fenilefrina / Clorfenamina) 24 tabletas
EQ-MAV311,54.99,100,MAV311 EXICORT 7 COMP 120 MG,MAV311,sku_eq,1.04,7502009746499,7502009746499,Exicort 7 Comp 120 Mg
FC-09741043,53.12,100,MAV123 FASICLOR 1 SUSP 125MG/5/75 ML,MAV123,ean_exacto,1.07,7502009741043,7502009741043,Fasiclor 125 mg/5 mL Frasco 75 mL Maver
FC-01B2F362,84.99,100,MAV124 FASICLOR 1 SUSP 250MG/5/75 ML,MAV124,ean_exacto,1.05,7502009741050,7502009741050,Fasiclor 250 mg/ 5 mL
FC-F3E734A0,83.11,100,MAV125 FASICLOR 1 SUSP 375MG/5/50 ML,MAV125,ean_exacto,1.31,7502009741067,7502009741067,Fasiclor 375 mg/ 5 mL
FC-09741425,143.73,100,MAV137 FASICLOR 15 CAPS 500 MG,MAV137,ean_exacto,1.04,7502009741425,7502009741425,Fasiclor 500 mg Caja con 15 cápsulas Maver
FC-09747168,35.62,100,MAV323 FEDRIMIN 1 SOL 0.700/.150 G/ 150 ML,MAV323,ean_exacto,1.04,7502009747168,7502009747168,Fedrimin (Teofilina/Ambroxol) 0.700-0.150 g/100 mL
EQ-MAV174,41.47,100,MAV174 FLEXIVER COMPUESTO 10 CAPS 215/15 MG,MAV174,sku_eq,1.04,7502009742095,7502009742095,Flexiver Compuesto 10 Caps 215/15 Mg
EQ-MAV175,45.62,100,MAV175 FLEXIVER COMPUESTO 20 CAPS 215/7.5 MG,MAV175,sku_eq,1.04,7502009742101,7502009742101,Flexiver Compuesto 20 Caps 215/7.5 Mg
FC-09745027,48.95,100,MAV250 GALAVER 1 GEL 8MG/1MG/250 ML,MAV250,ean_exacto,1.02,7502009745027,7502009745027,Galaver gel 250 mL (Magaldrato / Dimeticona)
EQ-MAV263,38.45,100,MAV263 GALAVER GEL 10 SOB 80MG/10MG/10 ML,MAV263,sku_eq,1.02,7502009745522,7502009745522,Galaver Gel 10 Sob 80mg/10mg/10 Ml
EQ-MAV236,63.74,100,MAV236 IDELIVER PRO 14 TAB 60 MG,MAV236,sku_eq,1.07,7502009745478,7502009745478,Ideliver Pro Duloxetina
FC-8FB65B79,84.99,100,MAV389 KLARIX 1 SUSP 250MG/5ML 60 ML,MAV389,ean_exacto,1.04,7502009749223,7502009749223,Klarix
FC-697EEAD0,64.99,100,MAV357 KURTOSIL 1 CMA 20/1 MG,MAV357,ean_exacto,1.04,7502009747656,7502009747656,Kurtosil
FMX-300936,15.86,100,MAV330 LADY FEM 1 PCHE TERMICO,MAV330,ean_exacto,0.86,7502009747144,7502009747144,Lady-Femm Parche C/1
FMX-501200,19.37,100,MAV041 LARITOL 1 JBE 100MG/100/ 60 ML,MAV041,ean_exacto,0.94,7502009740305,7502009740305,Laritol loratadina solución 1 mg/ml 60 ml
EQ-MAV182,40.62,100,MAV182 LARITOL D 10 TAB 30/5 MG,MAV182,sku_eq,1.05,7502009743856,7502009743856,Laritol D 10 Tab 30/5 Mg
FC-09740657,19.71,100,MAV042 LARITOL EX 1 JBE 600/100MG/5/120 ML,MAV042,ean_exacto,1.03,7502009740657,7502009740657,Laritol EX (Loratadina/Ambroxol) 100-600 mg/100 mL
EQ-MAV115,22.91,100,MAV115 LARITOL EX 10 TAB 30/5 MG,MAV115,sku_eq,1.06,7502009741005,7502009741005,Laritol Ex 10 Tab 30/5 Mg
EQ-MAV239,39.58,100,MAV239 LINEXEL LP 20 CAPS 75 MG,MAV239,sku_eq,1.01,7502009745386,7502009745386,Linexel Venlafaxina
EQ-MAV331,74.5,100,MAV331 LONVITOL 10 AMP .05/2.5 MG/ 2.5 ML,MAV331,sku_eq,1.07,7502009747021,7502009747021,Lonvitol 10 Amp .05/2.5 Mg/ 2.5 Ml
EQ-MAV043,6.03,100,MAV043 LOROTEC 10 TAB 10 MG,MAV043,sku_eq,1.01,7502009740244,7502009740244,Lorotec 10 Tab 10 Mg
FC-09749209,17.5,100,MAV400 LUMBOXEN 1 BOL C/1 PCHE 03/1.20/1/9 %,MAV400,ean_exacto,1.22,7502009749209,7502009749209,Lumboxen parche capsicum C/1
FC-09745539,39.2,100,MAV247 LUMBOXEN ROJO 1 GEL 10/2/35 G,MAV247,ean_exacto,0.99,7502009745539,7502009745539,Lumboxen gel (Naproxeno/Lidocaína) 10/2 g
FC-A909ABC0,13.92,100,MAV212 ODIVITOR 10 TAB 20 MG,MAV212,ean_exacto,1.01,7502009744877,7502009744877,Odivitor
FC-09745584,51.24,100,MAV245 OPPELVER 1 JBE 10G/15ML DE 125 ML,MAV245,ean_exacto,1.04,7502009745584,7502009745584,Oppelver lactulosa jarabe 125 mL
EQ-MAV196,24.61,100,MAV198 OXATECH 14 TAB 10 MG,MAV198,ean_exacto,0.93,7502009744426,7502009744426,Oxatech 14 Tab 10 Mg
FC-09745997,20.31,100,MAV279 PAMEDAN 1 CMA 5% 30 G,MAV279,ean_exacto,1.04,7502009745997,7502009745997,Pamedan (Dexpantenol) crema 5%
FC-B4477A00,31.25,100,MAV050 PENTIBROXIL 16 CAPS 500/30 MG,MAV050,ean_exacto,1.04,7503000422757,7503000422757,Pentibroxil
FC-B72A6420,29.37,100,MAV061 PENTIVER 1 SUSP 250MG/5/90 ML,MAV061,ean_exacto,1.09,7503000422719,7503000422719,Pentiver
FC-7AA38F97,32.49,100,MAV062 PENTIVER 1 SUSP 500MG/5/60 ML,MAV062,ean_exacto,1.04,7503000422696,7503000422696,Pentiver
EQ-MAV065,23.96,100,MAV065 PRESISTIN 1 SUSP 0.1G/60ML,MAV065,sku_eq,0.98,7502009740299,7502009740299,Presistin 1 Susp 0.1g/60ml
EQ-MAV064,35.62,100,MAV064 PRESISTIN 30 TAB 10 MG,MAV064,sku_eq,1.05,7503000422191,7503000422191,Presistín 30 Tab 10 Mg
FC-6074BB64,26.04,100,MAV073 REDALIP 30 TAB 200 MG,MAV073,ean_exacto,1.68,7503000422498,7503000422498,Redalip
FC-F817BC3A,34.99,100,MAV284 SIBICOS 1 CMA 1/100/20 G,MAV284,ean_exacto,1.04,7502009746093,7502009746093,Sibicos
FC-09745393,44.37,100,MAV233 SIRACUX ADULTO 1 JBE 120 ML,MAV233,ean_exacto,1.04,7502009745393,7502009745393,Siracux Adulto (Oxeladina/Ambroxol) 0.200-0.225 g/100 mL
EQ-MAV322,44.88,100,MAV322 TRADITOR 1 GEL 500/50 MG 60 G,MAV322,sku_eq,0.95,7502009746932,7502009746932,"Traditor Indometacina, Betametasona"
EQ-MAV387,78.11,100,MAV387 TRIMEBUT/SIMETIC SUP PED 0.60G/0.60G,MAV387,sku_eq,1.09,7502009749148,,Trimebut/Simetic Sup Ped 0.60g/0.60g
EQ-MAV307,35.07,100,MAV307 VERATRIN 20 CAPS 215/25/0.75 MG,MAV307,sku_eq,1.05,7502009746420,7502009746420,Veratrin 20 Caps 215/25/0.75 Mg
FC-09747366,74.99,100,MAV346 VERIDEX 4 TAB 6 MG,MAV346,ean_exacto,0.99,7502009747366,7502009747366,Veridex ivermectina 6 mg C/4
EQ-MAV206,79.36,100,MAV208 VERSALVER 30 COMP 80 MG,MAV208,ean_exacto,1.04,7502009744839,7502009744839,Versalver 30 Comp 80 Mg
FC-E4BE37BE,44.62,95,MAI106 ATORLIP 10 TAB 40 MG,MAI106,ean_sin_dv,1.69,785120754858,7851207548580,Atorvastatina
EQ-MAI163,81.9,100,MAI163 CROSTOX 30 TAB 20 MG,MAI163,sku_eq,1.07,785120755466,0785120755466,Crostox 30 Tab 20 Mg
EQ-MAI055,32.45,100,MAI055 DALATINA 1 GEL 1G/30 G,MAI055,sku_eq,1.09,785118752415,785118752415,Dalatina 1 Gel 1g/30 G
EQ-MAI144,82.84,100,MAI144 FIGRAL 10 TAB 100 MG,MAI144,sku_eq,1.03,785118753962,0785118753962,Figral 10 Tab 100 Mg
EQ-MAI142,46.5,100,MAI142 FIGRAL 10 TAB 50 MG,MAI142,sku_eq,1.0,785118753955,785118753955,Figral 10 Tab 50 Mg
EQ-MAI141,27.89,100,MAI141 FLOSEP 8 TAB 400 MG,MAI141,sku_eq,1.02,785118753887,785118753887,Flosef 8 Tab 400 Mg
EQ-MAI099,37.52,100,MAI099 HIDROXIN 30 TAB 10 MG,MAI099,sku_eq,1.08,785120754681,785120754681,Hidroxin
FC-18752637,33.9,100,MAI080 ITAMOL 24 TAB MAST 262 MG,MAI080,ean_exacto,0.99,785118752637,0785118752637,Itamol (Subsalicilato de bismuto) 262 mg
EQ-MAI071,60.4,100,MAI071 KROBICIN 1 SUSP 125MG/5/60 ML,MAI071,sku_eq,1.33,785118752330,785118752330,Krobicin 1 Susp 125mg/5/60 Ml
FC-B69FCBF4,72.16,100,MAI026 LESACLOR (MACLOV) 35 TAB 400 MG,MAI026,ean_exacto,1.0,785120753530,785120753530,Lesaclor
FC-18753597,16.73,100,MAI153 LESACLOR 1 CMA 5 G,MAI153,ean_exacto,1.01,785118753597,0785118753597,Lesaclor (Aciclovir) crema 5%
FC-B25094C4,47.1,100,MAI072 LESACLOR 1 SUSP 200MG/5/125 ML,MAI072,ean_exacto,1.06,785118753528,785118753528,Lesaclor
EQ-MAI152,73.01,100,MAI152 MAVIFEM (VAG)  1 CMA/ 6 APLI 2/8 G 30 G,MAI152,sku_eq,1.07,785118752941,785118752941,Mavifem (Vag) 1 Cha/6 Apli 2/8 G 30 G
EQ-MAI150,68.73,100,MAI150 MAVIGLIN 60 GRAG 500/5 MG,MAI150,sku_eq,1.12,785118754204,0785118754204,Maviglin 60 Grag 500/5 Mg
FC-5D9DFA3D,50.7,95,MAI165 NORQUINOL 20 TAB 400 MG,MAI165,ean_sin_dv,1.06,785120755497,7851207554970,Norquinol
FC-04D83B46,44.62,100,MAI154 PRALEX 28 TAB 10 MG,MAI154,ean_exacto,1.04,785120755442,785120755442,Pralex
FC-18754259,43.0,100,MAI157 SUPRATEX 1 JBE 600 MG 120 ML,MAI157,ean_exacto,1.05,785118754259,785118754259,Supratex (Levodropropizina) jarabe 120 mL
FC-1FFBB505,44.98,100,MAI158 SUPRATEX DAC 1 SOL 300/600 MG 120 ML,MAI158,ean_exacto,1.07,785118754242,785118754242,Supratex levodropropizina jarabe 120 mL
EQ-MAI078,35.49,100,MAI078 UREZOL 20 TAB 100 MG,MAI078,sku_eq,1.06,785118752477,785118752477,Urezol 20 Tab 100 Mg
FC-D751525D,21.59,100,NAT0270 ANIMALIN ADC 1 GOT 30 ML,NAT0270,ean_exacto,0.95,7502009744105,7502009744105,Animalin fórmula líquida 30 mL
FMX-302138,68.17,100,NAT0600 BIOTINA 30 CAP 700 MG,NAT0600,ean_exacto,0.95,7502259892144,7502259892144,Biotina-Naturex Capsulas C/30
FC-9892403,43.18,100,NAT0617 CITRATO DE MAGNESIO 30 CAP 1.82G C/U,NAT0617,ean_exacto,0.95,7502259892403,7502259892403,Naturex citrato de magnesio y lecitina de soya C/30
FC-9741524,39.2,100,NAT0220 COLAGENO 60 TAB 71.42/1.42/700 MG,NAT0220,ean_exacto,0.95,7502009741524,7502009741524,Naturex colágeno hidrolizado tabletas C/60
FC-9890973,38.63,100,NAT0555 LACTIV 6 SOB 1 G,NAT0555,ean_exacto,0.95,7502259890973,7502259890973,Lactiv adulto proinulina bióticos sobres C/6
FMX-503473,28.4,100,NAT0509 LACTIV KIDS 30 TAB 537 MG,NAT0509,ean_exacto,1.0,7502259890096,7502259890096,Lactiv Kids tabletas masticables uva C/30
FC-9890331,33.52,100,NAT0536 LACTIV KIDS 6 SOBRE 425MG/5 G,NAT0536,ean_exacto,1.0,7502259890331,7502259890331,Lactiv Kids proteína soya probióticos sobres C/6
EQ-NOV179,5.39,100,NOV179 ACETIF 10 TAB 500 MG,NOV179,sku_eq,0.94,7501075727425,7501075727425,Acetif 10 Tab 500 Mg
FC-75710113,24.54,100,NOV049 ALUMAG 1 SUSP 4/3.7G/240 ML,NOV049,ean_exacto,1.03,7501075710113,7501075710113,Alu-Mag suspensión hidróxido de aluminio/magnesio 3.70/4.00 g
FC-75723830,31.18,100,NOV148 ATROXOLAM 1 SUSP 7.0 MG/1.5 MG,NOV148,ean_exacto,1.05,7501075723830,7501075723830,Atroxolam (Teofilina/Ambroxol) 7.0-1.5 mg/mL jarabe
EQ-NOV154,59.21,100,NOV154 BELAZIX C/20 TAB 5MG,NOV154,sku_eq,1.79,7501075722604,7501075723175,Belazix C/20 Tab 5mg
FC-75710465,24.54,100,NOV101 BENCIEFEDRIL 1 SOL 0.2/2G/120 ML,NOV101,ean_exacto,1.08,7501075710465,7501075710465,Benciefedril jarabe dextrometorfano/guaifenesina
EQ-NOV165,161.0,100,NOV165 BUDENOVA SUSP .125 MG/ML 5 AMP 2ML,NOV165,sku_eq,1.24,7501075726251,7501075726251,Budenova Susp .125 Mg/Ml 5 Amp 2ml
EQ-NOV004,8.0,100,NOV004 CIRULAN 20 TAB 10 MG,NOV004,sku_eq,1.05,7501075710786,7501075710786,Cirulan 20 Tab 10 Mg
EQ-NOV157,20.17,100,NOV157 GLUNOVAG 60 TAB 500 MG,NOV157,sku_eq,1.04,7501075717013,7501075717013,Glunovag 60 Tab 500 Mg
EQ-NOV092,22.39,100,NOV092 IXICROL 10 TAB 20 MG,NOV092,sku_eq,1.03,7501075718041,7501075718041,Ixicorl 10 Tab 20 Mg
EQ-NOV054,43.76,100,NOV054 LAMBLIQUIN 30 TAB 400/200 MG,NOV054,sku_eq,1.02,7501075717044,7501075717044,Lambliquin 30 Tab 400/200 Mg
EQ-NOV032,13.5,100,NOV032 LIZOVAG 10 TAB 200 MG,NOV032,sku_eq,1.04,7501075717150,7501075717150,Lizovag 10 Tab 200 Mg
FC-AEA8C8DA,24.79,100,NOV013 NAMIFEN 20 TAB 500 MG,NOV013,ean_exacto,1.02,7501075713718,7501075713718,Namifen
FC-75717914,25.0,100,NOV090 NINEKA 1 SUSP 500/36/35MG/5/75 ML,NOV090,ean_exacto,1.07,7501075717914,7501075717914,Nineka suspensión neomicina/caolín/pectina
EQ-NOV137,37.49,100,NOV137 NINEKA 20 TAB 129/280/30 MG,NOV137,sku_eq,1.0,7501075722253,7501075722253,Nineka 20 Tab 129/280/30 Mg
FC-75713770,96.8,100,NOV017 NOVAGON 1 PVO 49.7G/100G DE 400 G,NOV017,ean_exacto,0.98,7501075713770,7501075713770,Novagon polvo sabor natural 400 g
FC-75718676,115.0,100,NOV098 NOVAGON PIÑA-NARANJA 1 PVO 35G/400 G,NOV098,ean_exacto,1.18,7501075718676,7501075718676,Novagon psyllium polvo 400 g
FC-75723137,10.09,100,NOV138 NOVAKOSID 20 TAB 8.6 MG,NOV138,ean_exacto,0.72,7501075723137,7501075723137,Novakosid senosidos A-B 8.6 mg C/20
FC-B2123139,32.73,100,NOV094 OXIVAG 4 TAB 70 MG,NOV094,ean_exacto,1.02,7501075717860,7501075717860,Oxivag
FC-5885E577,61.72,100,NOV163 PABESORAG 28 TAB 150/12.5 MG,NOV163,ean_exacto,1.02,7501075722543,7501075722543,Pabesorag
EQ-NOV176,7.5,100,NOV176 PIRINOVAG 10 TAB 500 MG,NOV176,sku_eq,1.04,7501075727517,7501075727517,Pirinovag 10 Tab 500 Mg
FC-57925EF3,9.0,100,NOV020 REGLUSAN 50 TAB 5 MG,NOV020,ean_exacto,1.01,7501075714739,7501075714739,Reglusan
EQ-NOV025,12.5,100,NOV025 VERMISEN 6 TAB 200 MG,NOV025,sku_eq,1.01,7501075715927,7501075715927,Vermisen 6 Tab 200 Mg
EQ-NUC034,35.41,100,NUC034 TEFILINB 28 TAB 2 MG,NUC034,sku_eq,1.0,7506353200645,7506353200645,Tefilinb 28 Tab 2 Mg
EQ-OFF008,37.82,100,OFF008 DEXNE NASAL 1 GOT 1/3.5/2.5/10 ML,OFF008,sku_eq,1.0,7502004401409,7502004401409,Dexne Nasal 1 Got 10 Ml
EQ-OFF010,33.69,100,OFF010 DEXNE OFTALMICO 1 GOT 500/100MG/5 ML,OFF010,sku_eq,1.0,7502004401454,7502004401454,Dexne Oftálmico 1 Got 5 Ml
EQ-OFF009,42.63,100,OFF009 DEXNE OTICO 1 GOT 1/3.5/15/10 ML,OFF009,sku_eq,1.0,7502004401508,7502004401508,Dexne Otico 1 Got 1/3.5/15/10 Ml
FC-4F05124E,69.17,100,PHA007 GELCAVIT 9 M 30 CAPS 30/20/3/2/2/1 MG,PHA007,ean_exacto,1.04,7501130713868,7501130713868,Gelcavit-9M cápsulas C/30
FC-30713547,47.21,100,PHA009 GELCAVIT COLORS 30 CAPS 90/2.5/1/0.03 MG,PHA009,ean_exacto,1.11,7501130713547,7501130713547,Gelcavit Colors capsulas 0.62 g C/30
FMX-504790,94.99,100,PHA059 GELCAVIT GEM 30 CAPS 30/10.57/50 MG,PHA059,ean_exacto,1.0,7501130742134,7501130742134,Gelcavit-Gem Capsulas C/30
FMX-500999,72.68,100,PHA047 GELCAVIT HO 30 CAPS 100/1.5/1.7/2/0.4 MG,PHA047,ean_exacto,1.0,7501130709830,7501130709830,Gelcavit-Ho Capsulas C/30
FC-MULIER30,87.41,100,PHA050 GELCAVIT MULIER 30 CAPS 200/100/90/35 MG,PHA050,ean_exacto,1.11,7501130709847,7501130709847,Gelcavit Mulier capsulas 1.54 g C/30
FC-30713851,79.56,100,PHA010 GELCAVIT PLATINUM 30 CAPS 1/1.1/1.4/2 MG,PHA010,ean_exacto,1.11,7501130713851,7501130713851,Gelcavit Platinum capsulas 1.39 g C/30
FC-13071164,98.66,100,PHA011 GELCAVIT Q-10 30 CAPS 50/20/10/6/2 MG,PHA011,ean_exacto,1.11,7501130711642,7501130711642,Gelcavit Q-10 coenzima Q10 jalea real C/30
FC-25104411,21.11,100,PIS031 ELECTROLIT ORAL 625ML COCO,PIS031,ean_exacto,1.05,7501125104411,7501125104411,Electrolit Coco
FC-25104268,21.11,100,PIS029 ELECTROLIT ORAL 625ML FRESA,PIS029,ean_exacto,1.05,7501125104268,7501125104268,Electrolit Fresa
FC-25149221,21.11,100,PIS036 ELECTROLIT ORAL 625ML FRESA KIWI,PIS036,ean_exacto,1.05,7501125149221,7501125149221,Electrolit Fresa-Kiwi
FC-51747971,21.11,100,PIS118 ELECTROLIT ORAL 625ML MORA AZUL,PIS118,ean_exacto,1.05,7501125174797,7501125174797,Electrolit Mora Azul
FC-25104688,21.11,100,PIS032 ELECTROLIT ORAL 625ML NAR MANDARIN,PIS032,ean_exacto,1.05,7501125104688,7501125104688,Electrolit Naranja-Mandarina
FC-51448511,21.11,100,PIS037 ELECTROLIT ORAL 625ML UVA,PIS037,ean_exacto,1.05,7501125144851,7501125144851,Electrolit Uva
FC-47624171,53.75,100,PIS196 NAILEX DESENTERRADOR  12 ML,PIS196,ean_exacto,0.99,7502234762417,7502234762417,Nailex Desenterrador Unas Desenterrador Unas
FC-47640531,53.75,100,PIS195 NAILEX UNA AMARILLA 15 ML,PIS195,ean_exacto,0.99,7502234764053,7502234764053,Nailex El Recuperador
FC-5112881,81.23,100,PIS269 PISACAINA 1 FA 2% 20MG/1ML C/50ML SI,PIS269,ean_exacto,0.96,7501125112881,7501125112881,Pisacaina 2% 20 mg/ml Sol 50 ml
FMX-503320,77.6,100,PIS113 SOLUCION CLORURO DE SODIO 0.9% 1000 ML,PIS113,ean_exacto,1.78,7501125100130,7501125100130,Solucion-Pisa Cs 0.9 C/1000 Ml
FC-25100123,52.84,100,PIS106 SOLUCION CLORURO DE SODIO 0.9% 500 ML,PIS106,ean_exacto,1.5,7501125100123,7501125100123,Solucion CS PiSA cloruro de sodio 0.9% 500 mL
FC-25100116,26.5,100,PIS103 SOLUCION CLORURO DE SODIO 0.9%/250 ML,PIS103,ean_exacto,0.87,7501125100116,7501125100116,Solucion CS PiSA cloruro de sodio 0.9% 250 mL
EQ-PBY008,28.12,100,PBY008 MAX SENS PASSION MIX 1 BLISTER 3+1,PBY008,sku_eq,1.21,7503014377180,7503014377180,Max Sens Passion Mix 1 Blister 3+1
EQ-PBY007,28.12,100,PBY007 MAX SENS TROPICANA MIX 1 BLISTER 3+1,PBY007,sku_eq,1.21,7503014377197,7503014377197,Max Sens Tropicana Mix 1 Blister 3+1
FC-14377074,37.49,100,PBY004 PLAYBOY PLAYPACK 1 BLISTER C/3 PZAS,PBY004,ean_exacto,1.22,7503014377074,7503014377074,Playboy Playpack mixtos
EQ-PGE052,49.19,100,PGE052 ERCATRIV M CALCITRIOL 30  CAPS 0.25 MCG,PGE052,sku_eq,1.04,7503027446125,7503027446125,Ercatriv M Calcitriol 30 Caps 0.25 Mcg
EQ-PGE061,30.05,100,"PGE061 ESTERINOL 40 CAPS 50,000UI",PGE061,sku_eq,1.21,7503027446439,7503027446439,Esterinol 40 Caps 50000ui
EQ-PGE033,16.58,100,PGE033 GELUBRIN 10 CAPS 400 MG,PGE033,sku_eq,1.09,7503008344785,7503008344785,Gelubrín 10 Caps 400 Mg
FC-5C8C9C11,22.58,100,PGE057 GELUBRIN 10 CAPS 600 MG,PGE057,ean_exacto,1.03,7503027446279,7503027446279,Gelubrin
FC-08344716,100.04,100,PGE031 LA FEMME 30 CAPS 3500/400UI/20/10/5 MG,PGE031,ean_exacto,1.14,7503008344716,7503008344716,La Femme vitaminas menopausia C/30
FC-08344488,29.91,100,PGE020 LACTOPRAM 20 CAPS 430 MG,PGE020,ean_exacto,1.04,7503008344488,7503008344488,Lactopram 430 mg C/20
FC-08344495,28.37,100,PGE019 LACTOPRAM INFANTIL 20 CAPS 150 G,PGE019,ean_exacto,1.04,7503008344495,7503008344495,Lactopram infantil 150 mg sabor chocolate
FC-08344303,24.75,100,PGE018 LADEXGEL 12 CAPS 300/2/10 MG,PGE018,ean_exacto,1.2,7503008344303,7503008344303,Ladexgel 300/2/10 mg
EQ-PGE059,40.62,100,"PGE059 LOREFIC-D 30 CAPS 4,000 UI",PGE059,sku_eq,1.05,7503027446408,7503027446408,Lorefic-D 30 Caps 4000 Ui
EQ-PGE046,20.31,100,PGE046 PROGELBEN 20 CAPS 100 MG,PGE046,sku_eq,1.03,7503008344211,7503008344211,Progelben 20 Caps 100 Mg
FC-08344501,66.01,100,PGE017 PROMEGA 3 1 FCO  60 CAP,PGE017,ean_exacto,0.83,7503008344501,7503008344501,Promega 3 Omega 3
FC-08344150,39.3,100,PGE040 PRUGNEX 30 CAPS 12MG/50MG,PGE040,ean_exacto,1.06,7503008344150,7503008344150,Prugnex Senósidos A-B 12 mg + ciruela 50 mg
FC-C101D5B1,117.27,100,QUI131 BISOPROLOL 30 TAB 2.5 MG,QUI131,ean_exacto,1.2,7501109763375,7501109763375,Bisoprolol
FC-09790029,28.55,100,QUI017 LECHE MAGNESI NORMEX 1 SUSP 8.5G/180 ML,QUI017,ean_exacto,1.07,7501109790029,7501109790029,Normex leche de magnesia 8.5 g/100 mL
FC-09760541,45.38,100,QUI018 LECHE MAGNESIA NORMEX 1 SUSP 8.5G/360 ML,QUI018,ean_exacto,1.09,7501109760541,7501109760541,Normex leche de magnesia 8.5 g/100 mL
FC-09790739,15.25,100,QUI016 LECHE MAGNESIA NORMEX 1 SUSP 8.5G/60 ML,QUI016,ean_exacto,1.08,7501109790739,7501109790739,Normex leche de magnesia 8.5 g/100 mL
EQ-QUI096,26.9,100,"QUI096 LEVO, ETINILESTRADIOL 21 TAB 0.15/0.03 M",QUI096,sku_eq,1.18,7501644707506,7501644707506,Levo. Etinilestradiol 21 Tab 0.15/0.03 M
EQ-QUI091,16.88,100,QUI091 MAGSOKON 1 CAJA 26 G,QUI091,sku_eq,1.08,7501109763986,,Magsokon 1 Caja 26 G
EQ-QUM070,82.59,100,QUM070 DROSEQUIM AD 1 JBE 300/160/200 ML,QUM070,sku_eq,1.17,7502223111400,7502223111400,Drosequim Ad 1 Jbe 300/160/200 Ml
FC-23111387,79.5,100,QUM069 DROSEQUIM INF 1 JBE 150/80/200 ML,QUM069,ean_exacto,1.13,7502223111387,7502223111387,Jarabe dropropizina/bromhexina Quimpharma 100 mL
FMX-502386,41.85,100,QUM019 GUAXOQUIM AD 1 JBE 100/50MG/5/140 ML,QUM019,ean_exacto,1.0,7502223112193,7502223112193,Guaxoquim Jarabe C/140 Ml
EQ-QUM043,25.0,100,QUM043 HISTAPHARM 10 TAB 5 MG,QUM043,sku_eq,1.14,7502223112346,7502223112346,Histapharm 10 Tab 5 Mg
EQ-QUM006,41.76,100,QUM006 MITAFAR 1 SUSP 100MG/5/60 ML,QUM006,sku_eq,1.09,7502223111073,7502223111073,Mitafar 1 Susp 100mg/5/60 Ml
EQ-QUM014,115.36,100,QUM014 PHARMACAINE 1 AER 10G/100ML/115 ML,QUM014,sku_eq,1.14,7502223111202,,Pharmacaine 1 Aer 10g/100ml/115 Ml
EQ-QUM052,75.2,100,QUM052 QUIMIKAN 1 SOL C/ APLI 10 ML 200MG/ 1 ML,QUM052,sku_eq,1.18,7502223112445,7502223112445,Quimikan 1 Sol C/ Apli 10 Ml 200mg/ 1 Ml
EQ-QUM068,74.61,100,QUM068 QUIMUNEX 1 SOL 100 MG/100 ML,QUM068,sku_eq,1.09,7502223111288,7502223111288,Quimunex 1 Sol 100 Mg/100 Ml
FC-34067851,15.6,100,QIR005 ALGODÓN TORUNDAS 1 BOL 75 G,QIR005,ean_exacto,0.89,7503003406785,7503003406785,Torundas de algodon Quirmex
FC-34064021,10.36,100,QIR016 HISOPOS 1 ENVASE 100 PZAS,QIR016,ean_exacto,0.88,7503003406402,7503003406402,Cotonetes Quirmex 100 pzs
FC-29003221,3.5,100,QIR045 VASO COPRO ESTERIL 1 PZA 120 ML,QIR045,ean_exacto,0.96,7506552900322,7506552900322,Vaso Recolector Para Muestras Quirmex capacidad 120 mL
FC-34067781,21.13,100,QIR021 VENDA ELASTICA 1 VENDA 30 CM,QIR021,ean_exacto,0.89,7503003406778,7503003406778,Quirmex venda 30 cm
FC-27875568,47.05,100,RAM100 DESROTAN 10 TAB 180 MG,RAM100,ean_exacto,0.99,7502227875568,7502227875568,Desrotan fexofenadina 180 mg C/10
EQ-RAM014,63.03,100,RAM014 FERMIG 2 TAB 100 MG,RAM014,sku_eq,1.02,7502227871058,7502227871058,Fermig 2 Tab 100 Mg
FC-27872123,20.27,100,RAM054 RAAMCINET 10 TAB 10 MG,RAM054,ean_exacto,1.03,7502227872123,7502227872123,Raamcinet cetirizina 10 mg
FC-27871416,15.16,100,RAM048 RAAMFEN 30 TAB 25 MG,RAM048,ean_exacto,0.98,7502227871416,7502227871416,Raamfen difenidol 25 mg
EQ-RAD096,42.49,100,RAD096 CALCIO EFE 12 COMP 500 MG,RAD096,sku_eq,1.09,7501563380439,7501563380439,Calcio Efe 12 Comp 500 Mg
EQ-RAD092,14.77,100,RAD092 DEXTROMETORFANO 1 JBE 300 MG/120 ML,RAD092,sku_eq,1.09,7501563380408,7501563380408,Dextrometorfano 1 Jbe 300 Mg/120 Ml
EQ-RAD081,14.2,100,RAD081 FUMARATO FERROSO 50 TAB 200MG,RAD081,sku_eq,1.03,7501563380163,7501563380163,Fumarato Ferroso 50 Tab 200mg
EQ-RAD082,20.0,100,RAD082 INDOMETACINA 30 CAPS 25 MG,RAD082,sku_eq,1.0,7501563380286,7501563380286,Indometacina 30 Caps 25 Mg
EQ-RAD093,15.28,100,RAD093 METRONIDAZOL 30 TAB 500 MG,RAD093,sku_eq,1.02,7501563380316,7501563380316,Metronidazol 30 Tab 500 Mg
FC-03388008,51.66,100,RAY114 VELATUSS 1 SOL 600MG/120 ML,RAY114,ean_exacto,1.5,7502003388008,7502003388008,Velatuss levodropropizina jarabe 120 mL
FC-03388107,40.41,100,RAY083 VOMISIN 20 TAB 50 MG,RAY083,ean_exacto,1.01,7502003388107,7502003388107,Vomisin (Dimenhidrinato) 50 mg
FC-95467264,173.28,100,LIV169 SAL DE UVAS PICOT 50 SOB 2.4/19/.21G,LIV169,ean_exacto,1.06,7501095467264,7501095467264,Sal de Uvas Ixh C/50
FC-50724298,192.66,100,LIV178 TEMPRA JARABE FRESA 3.2 G 120 ML,LIV178,ean_exacto,1.16,7501058714305,7501058714305,Tempra jarabe Infantil
FC-08100099,112.5,100,SAN007 CALTRON 600+D 60 TAB 600MG /125 UI,SAN007,ean_exacto,1.06,714908100099,0714908100099,Caltrón 600+D calcio 600 mg / vitamina D 125 UI
FC-08100013,46.39,100,SAN013 EUCALIN 1 JBE 120 ML,SAN013,ean_exacto,1.04,714908100013,714908100013,Eucalín jarabe miel y propóleo 120 ml
EQ-SAN025,73.55,100,SAN025 REVENOX 60 TAB 3 MG,SAN025,sku_eq,1.02,714908100228,714908100228,Revenox 60 Tab 3 Mg
FMX-505399,50.76,100,SAN070 SALUDOL 1 GEL 100 G,SAN070,ean_exacto,1.02,714908105650,714908105650,Saludol-Corporal Gel C/100 Gr
FMX-303355,88.52,100,SAN134 TAFLAVIX 40 TAB 100MG/60MG FCO,SAN134,ean_exacto,0.98,714908105940,714908105940,Taflavix Frasco C/40
FC-54221482,47.13,100,SFE277 DEFLAMOX PLUS 1 SUSP 125/100MG/5ML 75ML,SFE277,ean_exacto,1.11,7501385491146,7501385491146,Deeflamox Plus
FC-80596011,109.01,100,SFO066 ADEROGYL 4 AMP 3 ML,SFO066,ean_exacto,1.12,3664798059601,3664798059601,Aderogyl ampolletas C/4
FC-89794961,135.42,100,SFO026 HISTIACIL NF 1 JBE INFANTIL 150ML,SFO026,ean_exacto,1.1,7501328979496,7501328979496,Histiacil NF Infantil (Jarabe)
FC-50002301,75.71,100,SFO055 NEO MELUBRINA 10 TAB 500MG,SFO055,ean_exacto,1.05,7501165000230,7501165000230,Neo-Melubrina metamizol tabletas C/10
FC-14704163,61.91,100,SEN007 SUPOSITORIOS SENOSIAIN NIO /10,SEN007,ean_exacto,0.98,7501314704163,7501314704163,Senosiain supositorios infantil C/10
EQ-SER001,68.66,100,SER001 ASMARAL-K 30 TAB 1 MG,SER001,sku_eq,1.12,7501258200288,7501258200288,Asmaral-K 30 Tab 1 Mg
FC-D9391288,76.74,100,SER076 AZITROMICINA 1 SUSP 200MG/5/15 ML,SER076,ean_exacto,1.12,7501258210393,7501258210393,Azitromicina
EQ-SER116,250.76,100,SER116 CYRUX 28 TAB 200 MCG,SER116,sku_eq,1.13,7501258205221,7501258205221,Cyrux 28 Tab 200 Mcg
EQ-SER165,120.64,100,SER165 ESTRANIM 10 CAPS 75 MG,SER165,sku_eq,1.04,7501258208178,7501258208178,Estranim 10 Caps 75 Mg
EQ-SER117,283.95,100,SER117 LISERTIL 30 TAB 2.5 MG,SER117,sku_eq,1.11,7501258205474,7501258205474,Lisertil 30 Tab 2.5 Mg
EQ-SER025,37.63,100,SER025 LONIXER 10 TAB 250 MG,SER025,sku_eq,1.16,7501258203586,7501258203586,Lonixer 10 Tab 250 Mg
EQ-SER183,131.25,100,SER183 MURREOLAK 20 TAB EFERVECENTES 600 MG,SER183,sku_eq,1.02,7501258215954,7501258215954,Murreolak 20 Tab Efervecentes 600 Mg
EQ-SER093,47.27,100,SER093 OXITAL C 10 COMP 1G,SER093,sku_eq,1.05,7501258206723,7501258206723,Oxital-C 10 Comp 1 G
FC-58207010,68.68,100,SER141 OXITAL C 10 COMP 2G,SER141,ean_exacto,1.1,7501258207010,7501258207010,Oxital-C (Vitamina C) 2 g efervescente
FC-82200016,48.43,100,SOF054 OMEPRAZOL (AKTYZAR) 120 CAPS 20MG,SOF054,ean_exacto,1.04,7501482200016,7501482200016,Aktyzar omeprazol Solfran capsulas C/120
EQ-SOF041,117.17,100,SOF041 VIXGOPLISOL 60 TAB 500 MG,SOF041,sku_eq,1.05,7502274791163,7502274791163,Vixgoplisol 60 Tab 500 Mg
FC-74792047,127.21,100,SOF073 VOLDRATOL NATURAL 25 SOB 27.9G,SOF073,ean_exacto,1.02,7502274792047,7502274792047,"Voldratol Electrolitos sabor natural, sobre 27.9 g"
FC-74792061,127.21,100,SOF056 VOLDRATOL SABOR UVA 25 SOB 28.14G,SOF056,ean_exacto,1.14,7502274792061,7502274792061,"Voldratol Electrolitos sabor uva, sobre 28.14 g"
FC-85BDBD3D,27.78,100,SON138 ACROXIL-C 1 SUSP 250/8MG/5/60 ML,SON138,ean_exacto,1.09,7502001169296,7502001169296,Acroxil-C
FC-05965071,29.92,100,SON139 ACROXIL-C 12 CAPS 500/8 MG,SON139,ean_exacto,1.24,7502001163775,7502001163775,Acroxil-C
EQ-SON175,85.21,100,SON175 ARDOSONS 20 CAPS 215/25/0.75 MG,SON175,sku_eq,1.41,7502001162426,7502001162426,Ardosons 20 Caps 215/25/0.75 Mg
EQ-SON024,32.64,100,SON024 BENTIX 1 CMA 40G 3/0.0 %,SON024,sku_eq,1.16,7502001161511,7502001161511,Bentix 1 Cma 40g 3/0.0 %
EQ-SON220,31.25,100,SON220 CLOTRIMAZOL 1 OV 500 MG,SON220,sku_eq,1.13,7502001164413,7502001164413,Clotrimazol 1 Ov 500 Mg
EQ-SON164,60.76,100,SON164 CLOTRIMAZOL DUAL 3 OVS 200MG 1CMA 10G 1%,SON164,sku_eq,1.21,7502001163485,7502001163485,Clotrinazol Dual 3 Ovs 200mg 1cma 10g
EQ-SON214,52.08,100,SON214 DEXAMETASONA/CIPROFLOXACINO SOL 3.5/1/5,SON214,sku_eq,1.21,7502001164338,7502001164338,Dexametasona/Ciprofloxacino Sol
EQ-SON039,29.76,100,SON039 DICLEOPHEN 12 CAPS 500 MG,SON039,sku_eq,1.11,7502001163782,7502001163782,Dicleophen 12 Caps 500 Mg
EQ-SON160,35.11,100,SON160 DISONS DEX 1 FA 5/2 MG,SON160,sku_eq,0.95,7502001164833,7502001164833,Disons Dex 1 Fa 5/2 Mg
FC-830BF3FB,39.93,100,SON189 DIVILTAC 1 FA 150/10MG/1 ML,SON189,ean_exacto,1.16,7502001165311,7502001165311,Diviltac
FC-01165045,30.38,100,SON044 DOLZYCAM 1 GEL 5MG/100G DE 60 G,SON044,ean_exacto,1.22,7502001165045,7502001165045,Dolzycam (Piroxicam) gel 0.5%
EQ-SON098,40.97,100,"SON098 FENIMETH V 12 OVS 500MG/100,000 UI",SON098,sku_eq,1.89,7502001164697,7502001164611,Metroson 1 Susp 250mg/5/120 Ml
EQ-SON089,28.82,100,SON089 MAGNIL 1 JBE 250MG/5/100 ML,SON089,sku_eq,1.2,7502001160231,7502001160231,Magnil 1 Jbe 250mg/5/100 Ml
EQ-SON092,24.3,100,SON092 MECLISON 1 GOT 16.66/8.33MG/1/15 ML,SON092,sku_eq,1.15,7502001162518,7502001162518,Meclison 1 Got 15 Ml
EQ-SON091,26.51,100,SON091 MECLISON 20 TAB 50/25 MG,SON091,sku_eq,1.19,7502001162525,7502001162525,Meclison 20 Tab 50/25 Mg
EQ-SON096,26.04,100,SON096 METROSON 1 SUSP 250MG/5/120 ML,SON096,sku_eq,0.76,7502001164611,7502001164697,Fenimeth V 12 Ovs 500mg/100000 Ui
EQ-SON225,38.19,100,SON225 MORNIN 7 CAPS 40 MG,SON225,sku_eq,2.74,7502001162365,,Norkin 7 Caps 40 Mg
FC-E6112F15,76.04,100,SON102 NALIXONE 20 TAB 500/50 MG,SON102,ean_exacto,1.2,7502001165533,7502001165533,Nalixone
EQ-SON104,31.43,100,SON104 NEODERM-F 1 CMA 40G,SON104,sku_eq,1.22,7502001166028,7502001166028,Neoderm-F 1 Cma 40g
EQ-SON153,56.43,100,SON153 NYSMOSONS-V 10 OVS 500/0.5MG/100000 UI,SON153,sku_eq,1.31,7502001164086,7502001164086,Nysmosons-V 10 Ovs 500/0.5mg/100000 Ui
EQ-SON204,39.77,100,SON204 PHENDEX OTICO 1 SUSP 2/10/50MG/10 ML,SON204,sku_eq,1.3,7502001162693,7502001162693,Phendex Otico 1 Susp 2/10/50mg/10 Ml
FC-01165953,31.25,100,SON268 REXURDIR 16 CAPS 400 MG,SON268,ean_exacto,1.04,7502001165953,7502001165953,Rexurdir nifuroxazida 400 mg C/16
FC-01163232,30.38,100,SON113 RIDIN PED 1 JBE 3.5/3.5/2.5MG/5/120 ML,SON113,ean_exacto,1.14,7502001163232,7502001163232,Ridin Pediátrica jarabe dextrometorfano/guaifenesina/clorfenamina
EQ-SON256,36.21,100,SON256 SONBLEFAM S 1 CMA .100 G/ 40 G,SON256,sku_eq,1.12,7502001166592,7502001166592,Sonblefan S 1 Cma .100 G/ 40 G
EQ-SON233,39.68,100,SON233 ZIMETON 20 TAB 130/50/40 MG,SON233,sku_eq,0.7,7502001165397,,Zimeton 20 Tab 130/50/40 Mg
FC-47521025,62.49,100,STR009 HEMOGER 50 GRAG 300 MG,STR009,ean_exacto,1.11,7501547521025,7501547521025,Hemoger (Sulfato ferroso) 300 mg
FC-F7A2CACF,62.49,100,STR006 INDARZONA 30 CAPS 25/0.5 MG,STR006,ean_exacto,1.11,7501547509016,7501547509016,Indarzona
EQ-STR008,35.62,100,STR008 TROCILETAS-B LIMON. 12 TAB 2.5/10 MG,STR008,sku_eq,1.11,7501547522145,7501547522145,Trociletas-B Limon. 12 Tab 2.5/10 Mg
EQ-COD086,21.87,100,COD086 BAÑO COLOIDE 1 PVO 96.5/2/90 G,COD086,sku_eq,1.2,7503028771684,7503028771684,Bano Coloide 1 Pvo 96.5/2/90 G
EQ-COD060,26.25,100,COD060 MARACINA 1 SPRAY 30 ML 150 MG /100 ML,COD060,sku_eq,1.05,7503028771400,7503028771400,Maracina 1 Spray 30 Ml 150 Mg /100 Ml
EQ-TEM009,47.06,100,TEM009 LEVOTIROXINA 100 TAB 100 MCG,TEM009,sku_eq,1.03,7501249600813,7501249600813,Levotiroxina 100 Tab 100 Mcg
FC-C9F4ACCC,52.31,100,ULT201 ACEMETACINA 14 CAPS 90 MG,ULT201,ean_exacto,1.33,7502216800984,7502216800984,Acemetacina
FC-82F88FED,8.11,100,ULT097 CAPTOPRIL 30 TAB 25 MG,ULT097,ean_exacto,1.02,7502216792579,7502216792579,Captopril
FC-E6B50AC3,35.28,100,ULT180 CELECOXIB 10 CAPS 200MG,ULT180,ean_exacto,1.01,7502216805361,7502216805361,Celecoxib
EQ-ULT103,7.87,100,ULT103 DICLOFENACO 20 TAB 100 MG,ULT103,sku_eq,1.04,7502216802919,7502216802919,Diclofenaco 20 Tab 100 Mg
FMX-505289,34.32,100,"ULT129 DICLOFENACO,COMPLEJO B 30 TAB 50/1 MG",ULT129,ean_exacto,1.05,7502216790865,7502216790865,Diclofenaco/Complejo-B-Ultra Grageas C/30
FC-53506FA4,8.1,100,ULT104 ENALAPRIL 30 TAB 10 MG,ULT104,ean_exacto,1.0,7502216792845,7502216792845,Enalapril
EQ-ULT230,15.89,100,ULT230 LEVONORGESTREL 1 TAB 1.5 MG,ULT230,sku_eq,1.03,7502216806474,7502216806474,Levonorgestrel 1 Tab 1.5 Mg
EQ-ULT146,15.19,100,ULT146 PIOGLITAZONA 7 TAB 15 MG,ULT146,sku_eq,1.04,7502216796737,7502216796737,Pioglitazona 7 Tab 15 Mg
EQ-ULT191,9.98,100,ULT191 PIROXICAM 20 TAB 20 MG,ULT191,sku_eq,1.05,7502216797376,7502216797376,Piroxicam 20 Tab 20 Mg
EQ-ULT145,24.64,100,ULT145 SILDENAFIL 4 TAB 100 MG,ULT145,sku_eq,1.02,7502216796843,7502216796843,Sildenafil 4 Tab 100 Mg
EQ-ULT224,48.53,100,"ULT224 TELMISARTAN, HIDROCLO 14 TAB 80/12.5 MG",ULT224,sku_eq,1.03,7502216803244,7502216803244,"Telmisartan, Hidroclo 14 Tab 80/12.5 Mg"
EQ-VIC030,37.49,100,VIC030 TOFEL 10 TAB 50/500 MG,VIC030,sku_eq,1.0,656599040226,656599040226,Tofel 10 Tab 50/500 Mg
FC-2225010,29.03,100,VIA005 DERMAN CREMA 25G 1 TUBO 2/5/100G,VIA005,ean_exacto,1.04,354312225010,354312225010,Derman Crema 25 g
FC-12225027,51.89,95,VIA006 DERMAN CREMA 50G 1 TUBO 2/5/100G,VIA006,ean_sin_dv,1.16,354312225027,3543122250276,Derman Crema 50 g
FC-12250181,61.1,100,VIA008 ROCAINOL 45G 1 UNG 16/8/100G,VIA008,ean_exacto,1.15,354312625018,354312625018,Rocainol Ung
FC-76000277,69.75,100,VIA025 VITACILINA FACIAL HUMECTANTE 1 CMA 100G,VIA025,ean_exacto,0.91,7506376000277,7506376000277,Vitacilina crema humectante
EQ-VIT073,73.85,100,VIT073 BOCETIX 1 SOL 50 MG 150 ML,VIT073,sku_eq,1.01,7501478317421,7501478317421,Bocetix 1 Sol 50 Mg 150 Ml
FC-D5AC44CA,46.96,100,WAN024 AMIFARIN 20 CAPS 500 MG,WAN024,ean_exacto,1.03,7503001007113,7503001007113,Amifarin
FC-50587FA6,14.42,100,WAN006 MEXAPIN 1 SUSP 125MG/5/60 ML,WAN006,ean_exacto,1.04,7503001007120,7503001007120,Mexapin
FC-01007199,37.16,100,WAN009 VALCLAN 10 TAB 500/125 MG,WAN009,ean_exacto,2.06,7503001007199,7503001007199,Valclan 500 mg / 125 mg Caja con 10 tabletas Wandel
FC-01007250,51.87,100,WAN018 VALCLAN 10 TAB 875/125 MG,WAN018,ean_exacto,1.01,7503001007250,7503001007250,Valclan 875 mg / 125 mg Caja con 10 tabletas Wandel
EQ-WAN013,21.78,100,WAN013 VANDIX 1 SUSP 250MG/5/75 ML,WAN013,sku_eq,1.06,7503001007069,7503001007069,Vandix 1 Susp 250mg/5/75 Ml
FC-4C621D07,20.51,100,WAN015 VANMOXOL 1 SUSP 250/15MG/5/90 ML,WAN015,ean_exacto,1.14,7503001007205,7503001007205,Vanmoxol
EQ-WER025,28.12,100,WER025 AMANTADINA(ROSEL) 24 CAPS 50/3/300 MG,WER025,sku_eq,1.02,7503003738404,7503003738404,Amantadina(Rosel) 24 Caps 50/3/300 Mg
FC-9A37D44A,28.16,100,WER027 AMDORY 14 CAPS 30 MG,WER027,ean_exacto,1.0,7503003738961,7503003738961,Amdoryl
EQ-WER038,24.5,100,WER038 CHARYN 3 TAB 500 MG,WER038,sku_eq,0.98,7502240450018,7502240450018,Charyn 3 Tab 500 Mg
EQ-WER046,61.32,100,WER046 MEVEDIM 15 TAB 600 MG,WER046,sku_eq,1.0,7502240450827,7502240450827,Mevedim 15 Tab 600 Mg
EQ-WER040,12.57,100,WER040 PUNAB 30 TAB 50 MG,WER040,sku_eq,1.02,7502240450070,7502240450070,Punab 30 Tab 50 Mg
FC-40450230,26.93,100,WER033 ROSEL 1 SOL 0.5/.02/3 G/ 60 ML,WER033,ean_exacto,1.0,7502240450230,7502240450230,Rosel solución infantil 0.5/0.02/3 g
FC-03738879,22.25,100,WER015 ROSEL T 15 TAB 300/50/3 MG,WER015,ean_exacto,1.05,7503003738879,7503003738879,Rosel-t antigripal C/15
FC-759A5EF9,24.59,100,WER036 WERMY 15 CAPS 300 MG,WER036,ean_exacto,0.62,7502240450773,7502240450773,Wermy
FC-50D044FF,39.52,100,WER037 WERMY 30 CAPS 300 MG,WER037,ean_exacto,1.61,7502240450780,7502240450780,Wermy
FC-1DAD5EF1,25.0,100,AVT134 TUSILEN AD 1 JBE 240/30/50MG/100/118 ML,AVT134,ean_exacto,1.03,7502209810365,7502209810365,Tusilen adulto jarabe
EQ-BEA424,7.67,100,BEA424 METOPROLOL 20 TAB 100MG,BEA424,sku_eq,1.12,7501342804408,7501342804408,Metoprolol 20 Tab 100mg
EQ-ALP0300,20.41,100,ALP0300 ACIDO ACETILSALICILICO EF 20 TAB 300 MG,ALP0300,sku_eq,1.07,7501384504908,7501384504908,Acido Acetilsalicilico Ef 20 Tab 300 Mg
FC-89810021,93.52,100,ALM077 HERKLIN 1 FCO 60 ML,ALM077,ean_exacto,1.18,7501089810021,7501089810021,Shampoo Herklin
FC-98100381,148.67,100,ALM076 HERKLIN CHMP. 120 ML,ALM076,ean_exacto,1.15,7501089810038,7501089810038,Shampoo Herklin
FC-71800210,159.97,100,ATL109 FLOROGLU/TRIMETILFLORO 20 CAP 80/80 MG,ATL109,ean_exacto,1.05,7501471800210,7501471800210,Floroglucinol / Trimetilfloroglucinol 80/80 mg
FC-84335531,83.07,100,LIV140 CAFIASPIRINA FORTE 24 TAB 650/65 MG,LIV140,ean_exacto,1.16,7501008433553,7501008433553,Aspirina Forte C/24 Caf Iaspirina
FC-60403681,71.36,100,LIV147 DESENFRIOL D 30 TAB 500/5/2 MG,LIV147,ean_exacto,1.13,7502276040368,7502276040368,Desenfriol D
FC-84973401,228.41,100,LIV154 FLANAX  12 TAB 550 MG,LIV154,ean_exacto,1.25,7501008497340,7501008497340,Flanax Naproxeno
FC-08426944,135.23,100,LIV155 FLANAX GEL 5.5 % 40 GR,LIV155,ean_exacto,1.15,7501008426944,7501008426944,Flanax Gel Naproxeno Sodico
FC-C636D8EA,19.16,100,BEA462 CEFTRIAXONA I.M. 1 FA 1G/3.5 ML,BEA462,ean_exacto,1.96,7506624900519,7506624900519,Ceftriaxona IM 1 g (Inyectable)
FC-24901059,11.54,100,BEA483 SENOSIDOS 20 TAB 8.6 MG,BEA483,ean_exacto,1.04,7506624901059,7506624901059,beadvance Senósidos A-B 8.6 mg
FMX-302287,58.5,100,BLB033 BELAPIEL PIERNAS CANSADAS 1 CMA 200 G,BLB033,ean_exacto,1.09,7502009748196,7502009748196,Belapiel/Piernas-Cansadas Crema C/200 Gr
FC-73902966,14.09,100,BIO103 NAFICH 1 CMA 1% 15 G,BIO103,ean_exacto,1.08,7501573902966,7501573902966,Nafich (Terbinafina) crema 1%
EQ-BIO058,29.51,100,BIO058 WADIL 30 TAB 500/5 MG,BIO058,sku_eq,1.02,7501573900252,7501573900252,Wadil 30 Tab 500/5 Mg
FC-08895042,44.63,100,BRL075 BRULUAQUIL 24 TAB 250/250/65 MG,BRL075,ean_exacto,1.05,7502208895042,7502208895042,Bruluaquil AAS/paracetamol/cafeína 250/250/65 mg
FC-88923551,7.88,100,BRL016 CILOCID (ACIDO FOLICO) 20 TAB 5 MG,BRL016,ean_exacto,1.09,7502208892355,7502208892355,Cilocid
FC-88915491,7.15,100,BRL043 TARMIN 12 TAB 2 MG,BRL043,ean_exacto,0.12,7502208891549,7502208891549,Tarmin 2 Mg /12
FC-37103354,39.0,100,BRU136 BRUNADOL 1 SUSP 125/100MG/5/100 ML,BRU136,ean_exacto,1.28,7501537103354,7501537103354,Brunadol Infantil paracetamol/naproxeno 100-125 mg/5 mL
FC-103521,21.0,100,BRU145 BRUNADOL 10 TAB 275/300 MG,BRU145,ean_exacto,1.09,7501537103521,7501537103521,Brunadol paracetamol/naproxeno C/10
FC-08895196,8.75,100,BRU150 KY6 10 TAB 500/25/5/4 MG,BRU150,ean_exacto,0.94,7502208895196,7502208895196,KY6
EQ-BRU053,8.84,100,BRU053 NEDICLON 20 GRAG 100 MG,BRU053,sku_eq,1.17,7501537102845,7501537102845,Nediclon Diclofenaco
FMX-502376,33.68,100,BRU058 NORAPRED 20 TAB 50 MG,BRU058,ean_exacto,0.97,7501537102395,7501537102395,Norapred Tabletas 50 Mg C/20
FC-71829601,77.99,100,"BRU074 TRIBEDOCE 50,000 5 AMP 100/50/1 MG",BRU074,ean_exacto,1.07,7501537182960,7501537182960,Tribedoce 50000 UI
FMX-302907,73.11,100,CMD136 IVERKRAM 30 CAPS 275/3.3 MG,CMD136,ean_exacto,1.1,7501590288715,7501590288715,Iverkram Capsulas C/30
FC-25304142,10.12,100,DEG175 HIDRIGORT 8 TAB 50 MG,DEG175,ean_exacto,1.0,7501825304142,7501825304142,Hidrigort (Difenhidramina) 50 mg
FC-D4AC123B,9.95,100,LIZ071 ACEITE DE ALMENDRAS 1 BOT 50ML (MERCURIO,LIZ071,ean_exacto,1.24,3311000001209,3311000001209,Mercurio Aceite Almendras
FC-5A697CC2,9.6,100,LIZ049 ACEITE DE OLIVO 1 BOT 50 ML (MERCURIO),LIZ049,ean_exacto,1.2,3311000001582,3311000001582,Mercurio Aceite Olivo
FC-00001292,11.09,100,LIZ050 ACEITE DE RICINO 1 BOT 50 ML (MERCURIO),LIZ050,ean_exacto,1.17,3311000001292,3311000001292,Aceite de ricino Frasco 50 mL Mercurio
FC-127F5753,8.86,100,LIZ052 ARNICA PARA TOMAR 1 BOT 50 ML (MERCURIO),LIZ052,ean_exacto,1.18,3311000015084,3311000015084,Mercurio Arnica Tomar
FC-25E452B6,9.58,100,LIZ053 ARNICA PARA UNTAR 1 BOT 50 ML (MERCURIO),LIZ053,ean_exacto,1.28,3311000001223,3311000001223,Mercurio Arnica Untar
FC-00003920,20.99,100,LIZ055 CHOCHOS ARNICA 1TUBO C/ 170 (MERCURIO),LIZ055,ean_exacto,1.4,3311000003944,3311000003944,Arnica Mercurio
FC-62034164,8.52,100,LIZ057 ESPIRITUS DE UNTAR 1 BOT 50 ML(MERCURIO),LIZ057,ean_exacto,1.42,3311000001605,3311000001605,Mercurio Espiritus Untar
FC-3676D5DC,8.52,100,LIZ056 ESPIRITUS PARA TOM 1 SOL 50 ML(MERCURIO),LIZ056,ean_exacto,1.42,3311000001513,3311000001513,Mercurio Espiritus Tomar
FC-39036C88,13.79,100,LIZ060 GLICERINA 1 BOTELLA 50 ML (MERCURIO),LIZ060,ean_exacto,1.15,3311000001407,3311000001407,Mercurio Glicerina
FC-0ACC5B6A,71.97,100,LIZ073 OXIDO DE ZINC 1 EX 50 SOB C/10G (MERCURI,LIZ073,ean_exacto,66.64,3311000003722,3311000003722,Mercurio Oxido De Zinc
FC-FBD776D2,164.32,100,LIZ072 PERL DE ETER 1 EX 50 SOB C/3 PZAS MERCUR,LIZ072,ean_exacto,0.97,3311000003487,3311000003487,Mercurio Perlas De Eter
FC-FD718DF3,13.3,100,LIZ066 POMADA DE SULFATIA 1 TUBO 50G (MERCURIO),LIZ066,ean_exacto,1.16,3311000000967,3311000000967,Mercurio Sulfatiazol
FC-FEAECBF1,11.57,100,LIZ067 POMADA DE TEPEXCOHUI 1 TUBO 50G MERCURIO,LIZ067,ean_exacto,1.22,3311000001087,3311000001087,Mercurio Tepezcohuite
FC-EFB599B5,11.82,100,LIZ064 POMADA PAN PUERCO 1 TUBO 50 G (MERCURIO),LIZ064,ean_exacto,1.24,3311000000868,3311000000868,Mercurio Pan Puerco
FC-A680F97E,11.76,100,LIZ068 YODO PARA TOMAR 50 G (MERCURIO),LIZ068,ean_exacto,1.07,3311000001506,3311000001506,Mercurio Yodo Tomar
FC-D3D28E20,11.58,100,LIZ069 YODO PARA UNTAR 50 G (MERCURIO),LIZ069,ean_exacto,1.01,3311000000493,3311000000493,Mercurio Yodo Untar
EQ-FAC0057,24.07,100,FAC0057 FARMIVER INFANTIL 1 SUSP 100/400MG/10 ML,FAC0057,sku_eq,1.05,7502006921967,7502006921967,Farmiver Infantil 1 Susp 100/400mg/10
FC-06922728,25.83,100,FAC0046 MOTILAXIL 1 SOL 100MG/5/120 ML,FAC0046,ean_exacto,1.03,7502006922728,7502006922728,Motilaxil solución (Picosulfato de sodio) 5 mg/5 mL
FC-27425008,30.29,100,GEP053 GROOBE 24 CAPS 50 MG,GEP053,ean_exacto,1.0,7502227425008,7502227425008,Groobe (Dimenhidrinato) 50 mg
EQ-GEP049,24.38,100,GEP049 X-TRID 12 CAPS 15MG/5MG/2MG/250MG,GEP049,sku_eq,1.05,7502227427392,7502227427392,X-Trid 12 Caps 15mg/5mg/2mg/250mg
FC-053610,144.06,100,GNO067 ALLI-TRIPLE 10 TAB 50/.25/50/50 MG,GNO067,ean_exacto,2.45,650240053610,650240053610,Alli-Triple C/10 tabletas
FC-40004643,38.0,95,GNO003 ASEPXIA 1 JABON EXFOLIANTE 100 G,GNO003,ean_sin_dv,0.98,650240004643,6502400046434,Jabon Asepxia Exfoliante
FC-40036354,44.09,95,GNO078 GENOPRAZOL 7 CAP 20 MG,GNO078,ean_sin_dv,1.8,650240036354,6502400363548,Genoprazol tabletas C/7
FC-40015366,93.36,95,GNO023 NASALUB ADUL 1 FRASCO NEBULIZADOR 30 ML,GNO023,ean_sin_dv,1.12,650240015366,6502400153668,Nasalub Sol
FC-40010538,40.39,95,GNO026 NEXT MINI 10 TAB 500 MG,GNO026,ean_sin_dv,1.72,650240010538,6502400105384,Next tabletas C/10
FC-40025839,56.59,95,GNO097 SH INT LOMECAN V 200ML,GNO097,ean_sin_dv,0.9,650240025839,6502400258394,Jabon Intimo Lomecan V
FC-00740024,74.82,100,GNO101 SILKA PIE DE ATLETA 1 GEL 15 G,GNO101,ean_exacto,0.93,650240007408,650240007408,Silka Medic Gel
FC-00315021,132.22,95,GNO103 TUKOL-D INFANTIL 1 JBE 125 ML,GNO103,ean_sin_dv,1.04,650240031502,6502400315021,Tukol-D jarabe infantil
FC-00525451,43.61,95,GNO062 XL-3 ANTIGRIPAL 10 TAB 325/10/4 MG,GNO062,ean_sin_dv,1.44,650240052545,6502400525451,XL-3 C/10
FC-40017100,118.71,95,GNO064 XL-3 VR 24 TAB 3/50/375 MG,GNO064,ean_sin_dv,1.35,650240017100,6502400171006,XL-3 VR C/24
FC-00170941,70.0,95,GNO057 XL-3 XTRA ANTIGRIPAL 12 CAPS 250/5/2/10,GNO057,ean_sin_dv,1.93,650240017094,6502400170941,XL-3 Xtra C/12
FC-36041259,20.7,100,GSI116 HINDS CREMA CLASICA PIEL SECA 90 ML,GSI116,ean_exacto,1.17,037836041259,037836041259,Crema Hinds Clásica piel seca 90 ml
FC-22150801,18.47,100,GSI103 JABON AVENA 1 PZA 125 G,GSI103,ean_exacto,0.85,7501022150801,7501022150801,Jabon Grisi Avena
FC-22150092,18.47,100,GSI063 LECHE DE BURRA 1 JABON 125 G,GSI063,ean_exacto,0.84,7501022150092,7501022150092,Grisi Leche De Burra
FC-65095718,152.62,100,HLN010 CENTRUM BALANCE 1 FCO 30 TAB,HLN010,ean_exacto,1.0,7501065095718,7501065095718,Centrum Balance
FC-50959781,172.16,100,HLN016 centrum performance 1 fco 30 tab,HLN016,ean_exacto,1.07,7501065095978,7501065095978,Centrum Performance
FC-65095947,180.01,100,HLN018 CENTRUM SILVER+50 1 FCO 30 TAB,HLN018,ean_exacto,1.01,7501065095947,7501065095947,Centrum Silver + 50
FC-64560163,72.99,100,HLN035 IODEX CRISTAL 1 UNG 60 G,HLN035,ean_exacto,1.04,7501064560163,7501064560163,Iodex Cristal
FC-09498091,63.2,100,HLN078 SENSODYNE COMPLETE PROTEC 1 TUBO 90 G,HLN078,ean_exacto,0.89,7896009498091,7896009498091,Pasta Dent Sensodyne Proteccion Comp
FC-40171550,103.56,100,HLN045 SENSODYNE RAPIDO ALIVIO 1 TUBO 100 G,HLN045,ean_exacto,0.97,7794640171550,7794640171550,Pasta Dent Sensodyne rápido relief
FC-5008473,170.6,100,HLN062 THERAFLU LIMON 10 SOB 650/20/10 MG,HLN062,ean_exacto,1.0,7501065008473,7501065008473,Theraflu TD Limon Resfriado Severo C/10 sobres
FC-65054135,38.58,100,HLN064 TUMS MIX 24 TAB 750 MG,HLN064,ean_exacto,1.03,7501065054043,7501065054043,TUMS
FC-36006042,26.04,100,LIF160 VIRINDREZ ADULTO 1 ATOM 50 MG/20 ML,LIF160,ean_exacto,1.09,7501836006042,7501836006042,Virindrez Adulto (Oximetazolina) 0.050%
FC-36006028,22.42,100,LIF161 VIRINDREZ INFANTIL 1 ATOM 25 MG/20 ML,LIF161,ean_exacto,1.08,7501836006028,7501836006028,Virindrez Infantil (Oximetazolina) 0.025%
FC-9303047,58.48,100,LIO130 CICLOFERON 1 CMA 2G/ 5 %,LIO130,ean_exacto,1.2,7501299303047,7501299303047,Cicloferon Crema 5% 2 g
EQ-PHG017,42.77,100,PHG017 METRONIDA/DIYOHIDRO 1 SUSP 2.5/2G/120ML,PHG017,sku_eq,1.01,7501299379158,,Metronida/Diyohidro 1 Susp
FC-25116810,27.0,100,PIS097 AGRIFEN 10 TAB 500 MG,PIS097,ean_exacto,1.38,7501125116810,7501125116810,Agrifen
FC-98217659,591.28,100,PYG006 DOLO NEUROBION 3 JGA PRELLENADA 3 ML,PYG006,ean_exacto,1.36,7501298217659,7501298217659,Dolo-Neurobion solucion inyectable C/3
FC-82176351,372.0,100,PYG007 DOLO NEUROBION FORTE 1 JGA PRE 3 ML,PYG007,ean_exacto,1.36,7501298217635,7501298217635,Dolo-Neurobión Forte inyectable prellenado
EQ-PYG016,682.21,100,PYG016 METAMUCIL 1 POLVO SABOR NATURAL 504 G,PYG016,sku_eq,1.25,020800790246,0020800790246,Metanucil 1 Polvo Sabor Natural 504 G
FC-5145497,351.85,100,PYG024 NYQUILZ 30 CAPS 25 MG,PYG024,ean_exacto,1.33,7500435145497,7500435145497,NyQuil Z difenhidramina 25 mg C/30
FC-00753067,108.0,100,PYG029 PEPTO BISMOL ANIS 1 SUSP 118 ML,PYG029,ean_exacto,1.12,020800753067,020800753067,Pepto-Bismol Suspension 118 ml
FC-5181402,166.89,100,PYG039 SEDALMERCK 10 SOB 4 TAB 500/50/5 MG,PYG039,ean_exacto,1.15,7500435181402,7500435181402,Sedalmerck C/40 tabletas
FC-8281209,91.48,100,PYG037 SEDALMERCK 20 TAB 50/5/500 MG,PYG037,ean_exacto,1.15,7501298281209,7501298281209,Sedalmerck C/20 tabletas
FC-98215099,140.76,100,PYG040 SEDALMERCK MAX 24 TAB 650MG/65MG,PYG040,ean_exacto,1.15,7501298215099,7501298215099,Sedalmerck Max C/24
FC-02012475,205.55,100,PYG057 VICK VAPORUB UNGUENTO 100 G,PYG057,ean_exacto,1.64,7590002012475,7590002012475,Vicks Vaporub ungüento 100 G
FC-02012468,122.46,100,PYG056 VICK VAPORUB UNGUENTO 50 G,PYG056,ean_exacto,1.49,7590002012468,7590002012468,Vicks Vaporub ungüento 50G
FC-58367129,54.72,100,LIV197 SICO SAFETY CARTERA 3 PZAS,LIV197,ean_exacto,1.0,7501058367129,7501058367129,Condón Sico Negro Feel
FC-79071241,152.0,100,SFE169 BISOLVON  PED 1 FCO 120 ML,SFE169,ean_exacto,1.05,7501037907124,7501037907124,Bisolvon Infantil
FC-7907117,149.04,100,SFE269 BISOLVON 1 SOL ADU 120 ML,SFE269,ean_exacto,1.05,7501037907117,7501037907117,Bisolvon Solucion Adulto 120 ml
FC-9525015,127.11,100,SFE270 EUCALIPTINE 1 JAR 0.3G/2.5G 140 ML,SFE270,ean_exacto,1.19,7501159525015,7501159525015,Eucaliptine Jarabe 140 ml
FC-24227339,91.21,100,SFE171 LOXCELL 1 TAB 400 MG /300 MG,SFE171,ean_exacto,1.17,7502224227339,7502224227339,Loxcel adulto
FC-79400556,130.43,100,LIV023 SYNCOL 24 COMP 500/25/15 MG,LIV023,ean_exacto,1.32,7501070600556,7501070600556,Syncol (Paracetamol)
FC-34092301,118.42,100,SFE149 SYNCOL MAX 12 COMP 650/60/15 MG,SFE149,ean_exacto,1.34,7501070600730,7501070600730,Syncol Max tabletas
FC-23001331,84.53,100,SFE209 TING 1 CMA 28 G,SFE209,ean_exacto,1.15,7501072300133,7501072300133,Sr. Ting pomada (ácido bórico)
FC-70612368,150.4,100,LIV004 TREDA 20 TAB 280/129/30 MG,LIV004,ean_exacto,1.08,7501070612368,7501070612368,Treda antidiarreico C/20
FC-28979502,134.01,100,SFO025 HISTIACIL NF 1 JBE ADULTO 150 ML,SFO025,ean_exacto,1.1,7501328979502,7501328979502,Histiacil NF adulto jarabe
FC-50003151,145.0,100,LIV015 NEO MELUBRINA 1 JBE 250MG/5/100 ML,LIV015,ean_exacto,1.22,7501165000315,7501165000315,Neo-Melubrina jarabe
FC-14704156,61.98,100,SEN006 SUPOSITORIOS SENOSIAIN AD/10,SEN006,ean_exacto,1.05,7501314704156,7501314704156,Senosiain supositorios adulto C/10
FC-14704187,61.95,100,SEN009 SUPOSITORIOS SENOSIAIN BEBE/10,SEN009,ean_exacto,1.05,7501314704187,7501314704187,Senosiain Supositorios Bebe C/10
FMX-303280,39.58,100,SOF058 MELATONINA (MELNOTEX) 20 TAB SL 5MG,SOF058,ean_exacto,1.0,7502274792115,7502274792115,Melnotex Tabletas 5 Mg C/20
FC-17376CAE,24.7,100,SON192 ASPITAK-P 30 COMP 100 MG,SON192,ean_exacto,1.25,7502001162976,7502001162976,Aspitak-P
FC-01166578,23.81,100,SON258 BABYSONS 1 CMA 5G/30 G,SON258,ean_exacto,1.1,7502001166578,7502001166578,Baby Son's pomada dexpantenol 5 g/100 g
EQ-SON033,38.71,100,SON033 BUSCONET 1 FA 250/20MG/5ML,SON033,sku_eq,1.16,7502001160019,7502001160019,Busconet 1 Fa 250/20mg/5 Ml
EQ-SON034,27.77,100,SON034 BUSCONET 10 TAB 250/10 MG,SON034,sku_eq,1.11,7502001160026,7502001160026,Busconet 10 Tab 250/10 Mg
FC-01165298,32.58,100,SON231 EXHANTIL 1 SUSP 3.70/4/.5G/320 ML,SON231,ean_exacto,0.99,7502001165298,7502001165298,Exhantil suspensión antiácido/antiflatulento
EQ-SON237,28.27,100,SON237 EXPICIN 20 CAPS 500 MG,SON237,sku_eq,0.96,7502001165328,7502001165328,Expicin 25 Caps 500 Mg
EQ-SON264,69.44,100,SON264 LAUR ADULTO 500/500/100/30/4 MG 3 AMP,SON264,sku_eq,1.16,7502001166981,7502001166981,Laur Solución Inyectable
EQ-SON193,40.97,100,SON193 PORAL OTICO 1 GOT 10 ML,SON193,sku_eq,1.19,7502001162600,7502001162600,Poral Otico 1 Got 10 Ml
EQ-ULT056,22.32,100,ULT056 RETOFLAM-F 10 TAB 215/15 MG,ULT056,sku_eq,1.17,7502216792197,7502216792197,Retoflam-F 10 Tab 215/15 Mg
FC-013340,204.06,100,VAL013 BEDOYECTA 30 CAP 100/36/10/5/5/0.5 MG,VAL013,ean_exacto,1.15,7501123013340,7501123013340,Bedoyecta Capsulas C/30
FC-30133021,371.02,100,VAL015 BEDOYECTA TRI 5 AMP 100/50 MG,VAL015,ean_exacto,1.36,7501123013302,7501123013302,Bedoyecta Tri
FC-03430721,41.55,100,VIA067 VITACILINA 2X1 28G 1UNG .350/100000/100G,VIA067,ean_exacto,1.09,7502250343072,7502250343072,Vitacilina 28 Crema
FC-76000284,66.63,100,VIA028 VITACILINA AGUA MICELAR 1 BOT 500 ML,VIA028,ean_exacto,0.82,7506376000284,7506376000284,Vitacilina agua micelar agua rosas
FC-12225164,42.43,95,VIA003 VITACILINA BEBE 50G 1POM 500/90/1000UI/1,VIA003,ean_sin_dv,0.79,354312225164,3543122251648,Vitacilina Bebé Pomada
FC-76000260,69.75,100,VIA023 VITACILINA FACIAL ACLARADORA 1 CMA 100G,VIA023,ean_exacto,0.87,7506376000260,7506376000260,Crema Vitacilina amarilla aclaradora
FC-76000253,69.75,100,VIA024 VITACILINA FACIAL ANTIARRUGAS 1 CMA 100G,VIA024,ean_exacto,0.87,7506376000253,7506376000253,Crema Vitacilina roja antiarrugas
FC-3D0F54B7,31.88,100,VIT068 IBUPRO-CAFE  10 CAPS 400 MG/100 MG,VIT068,ean_exacto,1.06,7501478316813,7501478316813,Ibuprofeno Cafeina
EQ-VIT055,23.75,100,VIT055 ROTUMAL 1 GEL 60G/1.16 %,VIT055,sku_eq,1.04,7502227426869,7502227426869,Rotumal 1 Gel 60g/1.16 %
FC-9F67BB73,26.9,100,WAN002 AMIFARIN 1 SUSP 250MG 60 ML,WAN002,ean_exacto,1.0,7503001007090,7503001007090,Amifarin
