par,portada,codigo,ean,nombre_foto,estado,sku,nota
0001,0001_a_portada.jpg,0001_b_codigo.jpg,7502216803244,"Telmisartán / Hidroclorotiazida Ultra (Telmisartán, Hidroclorotiazida) tabletas 80/12.5 mg C/14 ULTRA",otra_presentacion,FC-49025844,Telmisartán HCTZ 80/12.5 Ultra ≠ Telmisartán 40 mg
0002,0002_a_portada.jpg,0002_b_codigo.jpg,7501836002020,Queratal (Tretinoína) crema 0.05% tubo 20 g LIFERPAL,eq_sin_ean,EQ-LIF033,"mismo producto ya cargado del ticket Equilibrio, sin EAN — solo hay que ponerle el código"
0003,0003_a_portada.jpg,0003_b_codigo.jpg,7501349025806,Telmisartán AMSA (Telmisartán) tableta 80 mg C/28 AMSA,otra_presentacion,FC-49025844,Telmisartán AMSA 80 C/28 ≠ Telmisartán 40 mg
0004,0004_a_portada.jpg,0004_b_codigo.jpg,7506353200645,Tefilinb (Tolterodina) tableta 2 mg C/28 Nucitec,eq_sin_ean,EQ-NUC034,"mismo producto ya cargado del ticket Equilibrio, sin EAN — solo hay que ponerle el código"
0005,0005_a_portada.jpg,0005_b_codigo.jpg,785118753955,Figral (Sildenafil) tableta 50 mg C/10 MAVI,otra_presentacion,EQ-MAI144,Figral 50 mg C/10 ≠ Figral 100 mg (EQ-MAI144)
0006,0006_a_portada.jpg,0006_b_codigo.jpg,7506476200126,Delaphil (Tadalafil) tableta 5 mg C/14 DLP Pharma,eq_sin_ean,EQ-DEN074,"mismo producto ya cargado del ticket Equilibrio, sin EAN — solo hay que ponerle el código"
0007,0007_a_portada.jpg,0007_b_codigo.jpg,7501258207010,Oxital-C (Ácido ascórbico) efervescente 2000 mg C/10 Serral,en_inventario,FC-58207010,EAN exacto
0008,0008_a_portada.jpg,0008_b_codigo.jpg,7501573904700,Gristalit (Loratadina / Ambroxol) solución 100-600 mg/100 mL frasco 30 mL BIOMEP,eq_sin_ean,EQ-BIO112,"mismo producto ya cargado del ticket Equilibrio, sin EAN — solo hay que ponerle el código"
0009,0009_a_portada.jpg,0009_b_codigo.jpg,7503003738404,Rosel (Amantadina / Clorfenamina / Paracetamol) cápsula 50/3/300 mg C/24 WERMAR,eq_sin_ean,EQ-WER025,"mismo producto ya cargado del ticket Equilibrio, sin EAN — solo hay que ponerle el código"
0010,0010_a_portada.jpg,0010_b_codigo.jpg,7502009744839,Versalver (Valsartán) comprimido 80 mg C/30 Maver,eq_sin_ean,EQ-MAV206,"mismo producto ya cargado del ticket Equilibrio, sin EAN — solo hay que ponerle el código"
0011,0011_a_portada.jpg,0011_b_codigo.jpg,7501258205474,Lisertil (Tibolona) tableta 2.5 mg C/30,eq_sin_ean,EQ-SER117,"mismo producto ya cargado del ticket Equilibrio, sin EAN — solo hay que ponerle el código"
0012,0012_a_portada.jpg,0012_b_codigo.jpg,7502009749148,Trimebutina / Simeticona pediátrico (Trimebutina / Simeticona) suspensión 0.60/0.60 g sobre+frasco Maver,otra_presentacion,FC-25300366,Trimebutina/Simeticona pediátrico Maver ≠ Espabion gotas
0013,0013_a_portada.jpg,0013_b_codigo.jpg,7502209851528,beadvance Tamsulosina (Tamsulosina) cápsula LP 0.4 mg C/20 beadvance,otra_presentacion,FC-24901059,falso: beadvance Tamsulosina ≠ beadvance Senósidos
0014,0014_a_portada.jpg,0014_b_codigo.jpg,785118753597,Lesaclor (Aciclovir) crema 5% tubo 5 g MAVI,en_inventario,FC-18753597,EAN exacto
0015,0015_a_portada.jpg,0015_b_codigo.jpg,7502001164413,Clotrimazol óvulos (Clotrimazol) óvulo 500 mg C/1 SON'S,falta,,EAN nuevo y sin marca comercial en el catálogo
0016,0016_a_portada.jpg,0016_b_codigo.jpg,7501836002969,Cineprac (Trimebutina) tabletas 200 mg C/20 LIFERPAL,eq_sin_ean,EQ-LIF064,"mismo producto ya cargado del ticket Equilibrio, sin EAN — solo hay que ponerle el código"
0017,0017_a_portada.jpg,0017_b_codigo.jpg,7501573908104,Bixen (Naproxeno sódico) tabletas 550 mg C/12 BIOMEP,eq_sin_ean,EQ-BIO167,"mismo producto ya cargado del ticket Equilibrio, sin EAN — solo hay que ponerle el código"
0018,0018_a_portada.jpg,0018_b_codigo.jpg,75050740,Tobramicina oftálmica (Tobramicina) sol. oftálmica 3 mg/mL gotero 15 mL OPKO,otra_presentacion,FC-00005823,Tobramicina simple OPKO ≠ Tobra/Dexa
0019,0019_a_portada.jpg,0019_b_codigo.jpg,7501258215954,Murreolak (Acetilcisteína) efervescente 600 mg 2 tubos x 10 Serral,eq_sin_ean,EQ-SER183,"mismo producto ya cargado del ticket Equilibrio, sin EAN — solo hay que ponerle el código"
0020,0020_a_portada.jpg,0020_b_codigo.jpg,7503003738404,Rosel (Amantadina / Clorfenamina / Paracetamol) cápsula 50/3/300 mg C/24 WERMAR,eq_sin_ean,EQ-WER025,"mismo producto ya cargado del ticket Equilibrio, sin EAN — solo hay que ponerle el código"
0021,0021_a_portada.jpg,0021_b_codigo.jpg,7502211789277,Faribrox TM Adulto (Ambroxol / Dextrometorfano) jarabe 225/225 mg/100 mL 150 mL LOEFFLER,otra_presentacion,EQ-LOE131,Faribrox Adulto ≠ Faribrox Infantil (EQ-LOE131)
0022,0022_a_portada.jpg,0022_b_codigo.jpg,7502211789284,Faribrox TM Infantil (Ambroxol / Dextrometorfano) jarabe 150/113 mg/100 mL 150 mL LOEFFLER,eq_sin_ean,EQ-LOE131,"mismo producto ya cargado del ticket Equilibrio, sin EAN — solo hay que ponerle el código"
0023,0023_a_portada.jpg,0023_b_codigo.jpg,7503028771400,Maracina (Bencidamina) solución 150 mg/100 mL atomizador 30 mL SUANCA,eq_sin_ean,EQ-COD060,"mismo producto ya cargado del ticket Equilibrio, sin EAN — solo hay que ponerle el código"
0024,0024_a_portada.jpg,0024_b_codigo.jpg,7501590222214,Materfol (Ácido fólico) tabletas 400 mcg frasco 90 cmd,eq_sin_ean,EQ-CMD015,"mismo producto ya cargado del ticket Equilibrio, sin EAN — solo hay que ponerle el código"
0025,0025_a_portada.jpg,0025_b_codigo.jpg,780083149055,Alzocid (Tadalafil) tableta 20 mg C/4 Collins,eq_sin_ean,EQ-COL258,"mismo producto ya cargado del ticket Equilibrio, sin EAN — solo hay que ponerle el código"
0026,0026_a_portada.jpg,0026_b_codigo.jpg,7503008344785,Gelubrín (Ibuprofeno) cápsula 400 mg C/10,otra_presentacion,FC-5C8C9C11,Gelubrín EAN 7503008344785 ≠ FC-5C8C9C11 EAN 7503027446279 (¿otra caja?)
0027,0027_a_portada.jpg,0027_b_codigo.jpg,7502009745386,Linexel (Venlafaxina) cápsula LP 75 mg C/20 Maver,eq_sin_ean,EQ-MAV239,"mismo producto ya cargado del ticket Equilibrio, sin EAN — solo hay que ponerle el código"
0028,0028_a_portada.jpg,0028_b_codigo.jpg,7501277091034,Espadiva (Hioscina / Ibuprofeno) tableta 20/400 mg C/10,eq_sin_ean,EQ-APO142,"mismo producto ya cargado del ticket Equilibrio, sin EAN — solo hay que ponerle el código"
0029,0029_a_portada.jpg,0029_b_codigo.jpg,7503008344211,Progelben (Benzonato) cápsula 100 mg C/20,eq_sin_ean,EQ-PGE046,"mismo producto ya cargado del ticket Equilibrio, sin EAN — solo hay que ponerle el código"
0030,0030_a_portada.jpg,0030_b_codigo.jpg,7502208894915,Lo-Bruquin (Quinfamida / Albendazol) tableta 150/200 mg C/2 Bruluagsa,eq_sin_ean,EQ-BRL072,"mismo producto ya cargado del ticket Equilibrio, sin EAN — solo hay que ponerle el código"
0031,0031_a_portada.jpg,0031_b_codigo.jpg,7502006921974,Farmiver Junior (Quinfamida - Albendazol) suspensión 200 mg/400 mg C/1 Fármacos Continentales,otra_presentacion,EQ-FAC0057,Farmiver Junior ≠ Farmiver Infantil
0032,0032_a_portada.jpg,0032_b_codigo.jpg,7502001163485,Dual (Clotrimazol) óvulo 200 mg / crema 1% C/3 Son's,eq_sin_ean,EQ-SON164,"mismo producto ya cargado del ticket Equilibrio, sin EAN — solo hay que ponerle el código"
0033,0033_a_portada.jpg,0033_b_codigo.jpg,7502006921967,Farmiver infantil (Quinfamida - Albendazol) suspensión 100 mg/400 mg C/1 Fármacos Continentales,eq_sin_ean,EQ-FAC0057,"mismo producto ya cargado del ticket Equilibrio, sin EAN — solo hay que ponerle el código"
0034,0034_a_portada.jpg,0034_b_codigo.jpg,7506353200645,Tefilinb (Tolterodina) tableta 2 mg C/28 Nucitec,eq_sin_ean,EQ-NUC034,"mismo producto ya cargado del ticket Equilibrio, sin EAN — solo hay que ponerle el código"
0035,0035_a_portada.jpg,0035_b_codigo.jpg,780083149024,Volfenac GEL (Diclofenaco) gel 2.32% C/1 Collins,eq_sin_ean,EQ-COL239,"mismo producto ya cargado del ticket Equilibrio, sin EAN — solo hay que ponerle el código"
0036,0036_a_portada.jpg,0036_b_codigo.jpg,7501573900153,Docsi (Clorfenamina) tableta 4 mg C/20 BIOMEP,eq_sin_ean,EQ-BIO021,"mismo producto ya cargado del ticket Equilibrio, sin EAN — solo hay que ponerle el código"
0037,0037_a_portada.jpg,0037_b_codigo.jpg,7501573908036,Broxtorfan Infantil (Dextrometorfano / Ambroxol) jarabe 113 mg-150 mg/100 mL C/1 BIOMEP,eq_sin_ean,EQ-BIO188,"mismo producto ya cargado del ticket Equilibrio, sin EAN — solo hay que ponerle el código"
0038,0038_a_portada.jpg,0038_b_codigo.jpg,7502009741005,"Laritol EX (Loratadina, Ambroxol) tableta 5 mg - 30 mg C/10 Maver",otra_presentacion,FMX-501200,Laritol EX tabletas 5/30 ≠ Laritol solución / Laritol EX jarabe
0039,0039_a_portada.jpg,0039_b_codigo.jpg,7501478317421,Bocetix (Levocetirizina) solución 0.5 mg/mL C/1 vitae,eq_sin_ean,EQ-VIT073,"mismo producto ya cargado del ticket Equilibrio, sin EAN — solo hay que ponerle el código"
0040,0040_a_portada.jpg,0040_b_codigo.jpg,7501258206723,Oxital-C (Ácido ascórbico (Vitamina C)) tableta efervescente 1000 mg C/10 Laboratorios Serral,otra_presentacion,FC-58207010,Oxital-C 1000 mg ≠ Oxital-C 2000 mg (FC-58207010)
0041,0041_a_portada.jpg,0041_b_codigo.jpg,7502223112445,QUIMIKAN (Benzocaína) solución 200 mg/mL C/1 QUIMPHARMA,eq_sin_ean,EQ-QUM052,"mismo producto ya cargado del ticket Equilibrio, sin EAN — solo hay que ponerle el código"
0042,0042_a_portada.jpg,0042_b_codigo.jpg,7502009747205,Benzocaína (Benzocaína) gel 0.1 g/1 g C/1 Maver,falta,,EAN nuevo y sin marca comercial en el catálogo
0043,0043_a_portada.jpg,0043_b_codigo.jpg,7501547522145,"Trociletas B (Cloruro de cetilpiridinio, Benzocaína) tabletas 2.5 mg - 10 mg C/12 Silanes",eq_sin_ean,EQ-STR008,"mismo producto ya cargado del ticket Equilibrio, sin EAN — solo hay que ponerle el código"
0044,0044_a_portada.jpg,0044_b_codigo.jpg,7501836000927,Tiniazol (Ketoconazol) suspensión 2 g/100 mL C/1 LIFERPAL,otra_presentacion,EQ-LIF039,Tiniazol suspensión ≠ Tiniazol shampoo
0045,0045_a_portada.jpg,0045_b_codigo.jpg,7502227426869,Rotumal GEL (Diclofenaco) gel 1.16%  GEL pharma,eq_sin_ean,EQ-VIT055,"mismo producto ya cargado del ticket Equilibrio, sin EAN — solo hay que ponerle el código"
0046,0046_a_portada.jpg,0046_b_codigo.jpg,7502009744129,"Erispan Compuesto (Loratadina, Betametasona) solución 100 mg - 5 mg / 100 mL C/1 Maver",otra_presentacion,FC-50AC2C82,Erispan Compuesto solución ≠ Erispan (FMX)
0047,0047_a_portada.jpg,0047_b_codigo.jpg,7501836010087,"Realdrax-MXD (Hioscina, Ibuprofeno) tableta 20 mg / 400 mg C/10 LIFERPAL",eq_sin_ean,EQ-LIF153,"mismo producto ya cargado del ticket Equilibrio, sin EAN — solo hay que ponerle el código"
0048,0048_a_portada.jpg,0048_b_codigo.jpg,7502001162525,"Meclison (Meclizina, Piridoxina) tabletas 25 mg, 50 mg C/20 Son's",eq_sin_ean,EQ-SON091,"mismo producto ya cargado del ticket Equilibrio, sin EAN — solo hay que ponerle el código"
0049,0049_a_portada.jpg,0049_b_codigo.jpg,7502009743856,"Laritol D (Fenilefrina, Loratadina) tableta 30 mg - 5 mg liberación prolongada C/10 Maver",otra_presentacion,FMX-501200,Laritol D tabletas ≠ Laritol solución
0050,0050_a_portada.jpg,0050_b_codigo.jpg,7502009741784,"Laritol D (Loratadina, Fenilefrina)   Maver",otra_presentacion,FMX-501200,Laritol D (dorso) ≠ Laritol solución
0051,0051_a_portada.jpg,0051_b_codigo.jpg,75006433,Cirulan (Metoclopramida) solución oral 400 mg C/1 Novag,otra_presentacion,EQ-NOV004,Cirulan solución ≠ Cirulan tabletas (EQ-NOV004)
0052,0052_a_portada.jpg,0052_b_codigo.jpg,7502001162426,"Ardosons (Indometacina, Betametasona, Metocarbamol) cápsulas 25 mg, 0.75 mg, 215 mg C/20 Son's",eq_sin_ean,EQ-SON175,"mismo producto ya cargado del ticket Equilibrio, sin EAN — solo hay que ponerle el código"
0053,0053_a_portada.jpg,0053_b_codigo.jpg,7501573900115,Biomesina Compuesta (Butilbromuro de hioscina / Metamizol sódico) tableta 10 mg / 250 mg C/10 BIOMEP,eq_sin_ean,EQ-BIO003,"mismo producto ya cargado del ticket Equilibrio, sin EAN — solo hay que ponerle el código"
0054,0054_a_portada.jpg,0054_b_codigo.jpg,7501342802565,Metformina (Metformina) tableta 850 mg C/30 beadvance,falta,,EAN nuevo y sin marca comercial en el catálogo
0055,0055_a_portada.jpg,0055_b_codigo.jpg,7502213040871,CIFHIR (Bencidamina) gel 5% C/1 Farmacéutica Hispanoamericana,eq_sin_ean,EQ-HIS045,"mismo producto ya cargado del ticket Equilibrio, sin EAN — solo hay que ponerle el código"
0056,0056_a_portada.jpg,0056_b_codigo.jpg,7501258206723,Oxital-C (Ácido ascórbico (Vitamina C)) tableta efervescente 1000 mg C/10 Laboratorios Serral,otra_presentacion,FC-58207010,Oxital-C 1000 mg (dup 0040)
0057,0057_a_portada.jpg,0057_b_codigo.jpg,7502211783954,ROSANIL (Nitazoxanida) tabletas 500 mg C/7 LOEFFLER,eq_sin_ean,EQ-LOE135,"mismo producto ya cargado del ticket Equilibrio, sin EAN — solo hay que ponerle el código"
0058,0058_a_portada.jpg,0058_b_codigo.jpg,7501342804583,"beadvance (Neomicina, Caolín y Pectina) tableta 129 mg/280 mg/30 mg C/20 beadvance",otra_presentacion,FC-24901059,falso: beadvance Neomicina/caolín ≠ beadvance Senósidos
0059,0059_a_portada.jpg,0059_b_codigo.jpg,7501075722253,"Nineka (Neomicina, Caolín y Pectina) tabletas 129 mg/280 mg/30 mg C/20 Novag",eq_sin_ean,EQ-NOV137,"mismo producto ya cargado del ticket Equilibrio, sin EAN — solo hay que ponerle el código"
0060,0060_a_portada.jpg,0060_b_codigo.jpg,7502223111288,QUIMUNEX (Prednisolona) solución 100 mg/100 mL C/1 QUIMPHARMA,eq_sin_ean,EQ-QUM068,"mismo producto ya cargado del ticket Equilibrio, sin EAN — solo hay que ponerle el código"
0061,0061_a_portada.jpg,0061_b_codigo.jpg,7501349024601,butilhioscina (butilhioscina) Tableta 10 mg C/10 AMSA,falta,,EAN nuevo y sin marca comercial en el catálogo
0062,0062_a_portada.jpg,0062_b_codigo.jpg,7501573904403,Lozamir-C (Clotrimazol) Crema 1.0 g / 100 g C/tubo 30 g BIOMEP,otra_presentacion,FC-73906407,Lozamir-C 1% ≠ Lozamir-V 2%
0063,0063_a_portada.jpg,0063_b_codigo.jpg,7503004908677,Clioquinol (Clioquinol) Crema 3 % C/tubo 20 g ALPHARMA,falta,,EAN nuevo y sin marca comercial en el catálogo
0064,0064_a_portada.jpg,0064_b_codigo.jpg,7501349025943,pregabalina (Pregabalina) Cápsula 75 mg  AMSA,falta,,EAN nuevo y sin marca comercial en el catálogo
0065,0065_a_portada.jpg,0065_b_codigo.jpg,7501836000118,Carbafen (Metocarbamol / Paracetamol) Tableta 400 mg / 350 mg C/30 LIFERPAL MD,eq_sin_ean,EQ-LIF006,"mismo producto ya cargado del ticket Equilibrio, sin EAN — solo hay que ponerle el código"
0066,0066_a_portada.jpg,0066_b_codigo.jpg,7501299379158,Metronidazol / Diyodohidroxiquinoleína (Metronidazol / Diyodohidroxiquinoleína) Suspensión 2.5 g / 2.0 g / 100 mL C/frasco 120 mL PharmaGen,otra_presentacion,EQ-RAD093,Metro+diyodo suspensión ≠ Metronidazol tabletas
0067,0067_a_portada.jpg,0067_b_codigo.jpg,7503028771684,Baño Coloide () Polvo pH 5.75 C/sobre 90 g SUANCA,eq_sin_ean,EQ-COD086,"mismo producto ya cargado del ticket Equilibrio, sin EAN — solo hay que ponerle el código"
0068,0068_a_portada.jpg,0068_b_codigo.jpg,7502216796843,Sildenafil (Sildenafil) Tableta 100 mg C/4 ULTRA,falta,,EAN nuevo y sin marca comercial en el catálogo
0069,0069_a_portada.jpg,0069_b_codigo.jpg,7506624900908,Quetiapina (Quetiapina) Tableta 100 mg C/60 beadvance,falta,,EAN nuevo y sin marca comercial en el catálogo
0070,0070_a_portada.jpg,0070_b_codigo.jpg,7501644707506,Levonorgestrel / Etinilestradiol (Levonorgestrel / Etinilestradiol) Tableta 0.15 mg / 0.03 mg C/21 Quifa,otra_presentacion,EQ-ULT230,Anticonceptivo 0.15/0.03 C/21 ≠ Levonorgestrel 1.5 mg
0071,0071_a_portada.jpg,0071_b_codigo.jpg,7501075717013,Glunovag (Metformina) Tableta 500 mg Frasco 60 Novag,eq_sin_ean,EQ-NOV157,"mismo producto ya cargado del ticket Equilibrio, sin EAN — solo hay que ponerle el código"
0072,0072_a_portada.jpg,0072_b_codigo.jpg,7502240450070,Punab (Losartán) Tableta 50.0 mg C/30 WERMAR,eq_sin_ean,EQ-WER040,"mismo producto ya cargado del ticket Equilibrio, sin EAN — solo hay que ponerle el código"
0073,0073_a_portada.jpg,0073_b_codigo.jpg,7502009742101,Flexiver Compuesto (Meloxicam / Metocarbamol) Cápsula 7.5 mg / 215 mg C/20 Maver,eq_sin_ean,EQ-MAV175,"mismo producto ya cargado del ticket Equilibrio, sin EAN — solo hay que ponerle el código"
0074,0074_a_portada.jpg,0074_b_codigo.jpg,7502001162518,Meclison (Meclozina / Piridoxina) Solución 8.33 mg / 16.66 mg C/frasco gotero 15 mL SON'S,otra_presentacion,EQ-SON091,Meclison gotas ≠ Meclison tabletas (0048/EQ-SON091)
0075,0075_a_portada.jpg,0075_b_codigo.jpg,7502216796737,Pioglitazona (Pioglitazona) Tableta 15 mg C/frasco 7 ULTRA,falta,,EAN nuevo y sin marca comercial en el catálogo
0076,0076_a_portada.jpg,0076_b_codigo.jpg,7502009742095,Flexiver Compuesto (Meloxicam / Metocarbamol) Cápsula 15 mg / 215 mg,otra_presentacion,EQ-MAV175,Flexiver 15 mg ≠ Flexiver 7.5 mg (0073)
0077,0077_a_portada.jpg,0077_b_codigo.jpg,7502209858046,Menflixit (Meloxicam) Tableta 7.5 mg C/14 AVITUS,falta,,EAN nuevo y sin marca comercial en el catálogo
0078,0078_a_portada.jpg,0078_b_codigo.jpg,7502001160026,Busconet (Metamizol sódico / Hioscina) Tableta 250 mg / 10 mg C/10 SON'S,eq_sin_ean,EQ-SON034,"mismo producto ya cargado del ticket Equilibrio, sin EAN — solo hay que ponerle el código"
0079,0079_a_portada.jpg,0079_b_codigo.jpg,7501342804590,Óxido de Zinc (Óxido de Zinc) Pasta 25 g Tarro 30 g beadvance,otra_presentacion,FC-C4530823,Óxido de zinc beadvance ≠ Mercurio óxido de zinc C/50
0080,0080_a_portada.jpg,0080_b_codigo.jpg,7502211786788,Viladol Plus (Butilhioscina / Paracetamol) Tableta recubierta 10 mg / 500 mg C/20 LOEFFLER,falta,,EAN nuevo y sin marca comercial en el catálogo
0081,0081_a_portada.jpg,0081_b_codigo.jpg,7501342804408,Metoprolol (Metoprolol) Tableta 100 mg C/20 beadvance,falta,,EAN nuevo y sin marca comercial en el catálogo
0082,0082_a_portada.jpg,0082_b_codigo.jpg,7502216792197,Retoflam F (Metocarbamol / Meloxicam) Tableta 215 mg / 15 mg C/10 ULTRA,eq_sin_ean,EQ-ULT056,"mismo producto ya cargado del ticket Equilibrio, sin EAN — solo hay que ponerle el código"
0083,0083_a_portada.jpg,0083_b_codigo.jpg,7501349021310,sertralina (Sertralina) Tableta 50 mg  AMSA,falta,,EAN nuevo y sin marca comercial en el catálogo
0084,0084_a_portada.jpg,0084_b_codigo.jpg,7501349025967,pregabalina (Pregabalina) Cápsula 75 mg C/14 AMSA,falta,,EAN nuevo y sin marca comercial en el catálogo
0085,0085_a_portada.jpg,0085_b_codigo.jpg,7501349028487,pentoxifilina (Pentoxifilina) Tableta 400 mg liberación prolongada C/30 AMSA,falta,,EAN nuevo y sin marca comercial en el catálogo
0086,0086_a_portada.jpg,0086_b_codigo.jpg,785118753962,Figral (Sildenafil) Tableta 100 mg C/10 MAVI,eq_sin_ean,EQ-MAI144,"mismo producto ya cargado del ticket Equilibrio, sin EAN — solo hay que ponerle el código"
0087,0087_a_portada.jpg,0087_b_codigo.jpg,7502001160019,Busconet (Hioscina / Metamizol sódico) Solución inyectable 20 mg / 2.5 g / 5 mL C/1 amp 5 mL SON'S,otra_presentacion,EQ-SON034,Busconet inyectable ≠ Busconet tabletas (0078)
0088,0088_a_portada.jpg,0088_b_codigo.jpg,7501563380316,Metronidazol (Metronidazol) Tableta 500 mg C/30 RAAM,falta,,EAN nuevo y sin marca comercial en el catálogo
0089,0089_a_portada.jpg,0089_b_codigo.jpg,7502009745836,Berniver (Mupirocina) Ungüento 2 % C/tubo 15 g Maver,eq_sin_ean,EQ-MAV266,"mismo producto ya cargado del ticket Equilibrio, sin EAN — solo hay que ponerle el código"
0090,0090_a_portada.jpg,0090_b_codigo.jpg,7502001162365,Mornin (Omeprazol) Cápsula 40 mg C/7 SON'S,falta,,EAN nuevo y sin marca comercial en el catálogo
0091,0091_a_portada.jpg,0091_b_codigo.jpg,7501349024151,metoclopramida (metoclopramida) Solución 10 mg/2 mL Inyectable C/6 AMSA,falta,,EAN nuevo y sin marca comercial en el catálogo
0092,0092_a_portada.jpg,0092_b_codigo.jpg,7501349010048,sitagliptina (sitagliptina) Comprimido 100 mg C/14 AMSA,falta,,EAN nuevo y sin marca comercial en el catálogo
0093,0093_a_portada.jpg,0093_b_codigo.jpg,785120755466,CROSTOX (Rosuvastatina) Tableta 20 mg C/30 MAVI,eq_sin_ean,EQ-MAI163,"mismo producto ya cargado del ticket Equilibrio, sin EAN — solo hay que ponerle el código"
0094,0094_a_portada.jpg,0094_b_codigo.jpg,7502211784043,Pensodil-S (Naproxeno - Paracetamol) Supositorios 100 mg / 200 mg C/5 LOEFFLER,eq_sin_ean,EQ-LOE066,"mismo producto ya cargado del ticket Equilibrio, sin EAN — solo hay que ponerle el código"
0095,0095_a_portada.jpg,0095_b_codigo.jpg,7502001166028,"Neoderm-F (Acetónido de Fluocinolona, Neomicina) Crema 0.01 g, 0.35 g / 100 g C/40 g SON'S",eq_sin_ean,EQ-SON104,"mismo producto ya cargado del ticket Equilibrio, sin EAN — solo hay que ponerle el código"
0096,0096_a_portada.jpg,0096_b_codigo.jpg,7502009748448,Cetilver (PIRFENIDONA) Gel 8 g / 100 g C/10 g Maver,eq_sin_ean,EQ-MAV392,"mismo producto ya cargado del ticket Equilibrio, sin EAN — solo hay que ponerle el código"
0097,0097_a_portada.jpg,0097_b_codigo.jpg,785118754204,MAVIGLIN (Metformina / Glibenclamida) Tableta 500 mg / 5 mg C/60 MAVI,eq_sin_ean,EQ-MAI150,"mismo producto ya cargado del ticket Equilibrio, sin EAN — solo hay que ponerle el código"
0098,0098_a_portada.jpg,0098_b_codigo.jpg,7502009741593,Dolxen (NAPROXENO) Tableta 500 mg C/10 Maver,eq_sin_ean,EQ-MAV162,"mismo producto ya cargado del ticket Equilibrio, sin EAN — solo hay que ponerle el código"
0099,0099_a_portada.jpg,0099_b_codigo.jpg,7501075718041,Ixicrol (PAROXETINA) Tabletas 20 mg C/10 Novag,falta,,EAN nuevo y sin marca comercial en el catálogo
0100,0100_a_portada.jpg,0100_b_codigo.jpg,7502001160231,Magnil infantil (Metamizol Sódico) Jarabe 250 mg / 5 mL C/100 mL SON'S,eq_sin_ean,EQ-SON089,"mismo producto ya cargado del ticket Equilibrio, sin EAN — solo hay que ponerle el código"
0101,0101_a_portada.jpg,0101_b_codigo.jpg,7502223111073,MITAFAR (NITAZOXANIDA) Suspensión 100 mg / 5 mL C/60 mL QUIMPHARMA,eq_sin_ean,EQ-QUM006,"mismo producto ya cargado del ticket Equilibrio, sin EAN — solo hay que ponerle el código"
0102,0102_a_portada.jpg,0102_b_codigo.jpg,7502211780687,NEOSEDAL (METAMIZOL SÓDICO) Jarabe 5 g / 100 mL C/120 mL LOEFFLER,eq_sin_ean,EQ-LOE014,"mismo producto ya cargado del ticket Equilibrio, sin EAN — solo hay que ponerle el código"
0103,0103_a_portada.jpg,0103_b_codigo.jpg,7502226293776,Metamizol Sódico (Metamizol Sódico) Solución Inyectable 1 g / 2 mL C/3 ALPHARMA,otra_presentacion,FC-75713770,Metamizol iny Alpharma ≠ Metamizol Novag
0104,0104_a_portada.jpg,0104_b_codigo.jpg,7502216797376,Piroxicam (Piroxicam) Tabletas 20 mg C/20 ULTRA,falta,,EAN nuevo y sin marca comercial en el catálogo
0105,0105_a_portada.jpg,0105_b_codigo.jpg,7501573900252,Wadil (Metformina - Glibenclamida) Tabletas 500 mg / 5 mg C/30 BIOMEP,eq_sin_ean,EQ-BIO058,"mismo producto ya cargado del ticket Equilibrio, sin EAN — solo hay que ponerle el código"
0106,0106_a_portada.jpg,0106_b_codigo.jpg,7502209858084,Soltadol (Paracetamol) Tableta 750 mg C/10 AVITUS,eq_sin_ean,EQ-AVT216,"mismo producto ya cargado del ticket Equilibrio, sin EAN — solo hay que ponerle el código"
0107,0107_a_portada.jpg,0107_b_codigo.jpg,7501258205221,Cyrux (Misoprostol) Tableta 200 mcg C/28 Serral,eq_sin_ean,EQ-SER116,"mismo producto ya cargado del ticket Equilibrio, sin EAN — solo hay que ponerle el código"
0108,0108_a_portada.jpg,0108_b_codigo.jpg,7503004908844,Nistatina (Nistatina) Suspensión 100 000 UI/mL C/24 mL ALPHARMA,falta,,EAN nuevo y sin marca comercial en el catálogo
0109,0109_a_portada.jpg,0109_b_codigo.jpg,7502001164086,"Nysmoson's-V (Metronidazol, Nistatina, Fluocinolona) Óvulo 500 mg, 100 000 UI, 0.5 mg C/10 SON'S",falta,,EAN nuevo y sin marca comercial en el catálogo
0110,0110_a_portada.jpg,0110_b_codigo.jpg,7502009744426,Oxatech (OLANZAPINA) Tableta 10 mg C/14 Maver,eq_sin_ean,EQ-MAV196,"mismo producto ya cargado del ticket Equilibrio, sin EAN — solo hay que ponerle el código"
0111,0111_a_portada.jpg,0111_b_codigo.jpg,7501342804385,Metoclopramida (Metoclopramida) Tableta 10 mg C/20 beadvance,falta,,EAN nuevo y sin marca comercial en el catálogo
0112,0112_a_portada.jpg,0112_b_codigo.jpg,7501349024175,pioglitazona (pioglitazona) Tableta 30 mg  AMSA,falta,,EAN nuevo y sin marca comercial en el catálogo
0113,0113_a_portada.jpg,0113_b_codigo.jpg,7502001164611,Metroson (Metronidazol) Suspensión 250 mg / 5 mL C/120 mL SON'S,eq_sin_ean,EQ-SON098,"mismo producto ya cargado del ticket Equilibrio, sin EAN — solo hay que ponerle el código"
0114,0114_a_portada.jpg,0114_b_codigo.jpg,7502001164697,"Fenimeth-v (Metronidazol, Nistatina) Óvulos 500 mg, 100 000 U C/12 SON'S",eq_sin_ean,EQ-SON096,"mismo producto ya cargado del ticket Equilibrio, sin EAN — solo hay que ponerle el código"
0115,0115_a_portada.jpg,0115_b_codigo.jpg,7501258208178,ESTRANIM (Oseltamivir) Cápsula 75 mg C/10 Serral,eq_sin_ean,EQ-SER165,"mismo producto ya cargado del ticket Equilibrio, sin EAN — solo hay que ponerle el código"
0116,0116_a_portada.jpg,0116_b_codigo.jpg,7502208892638,DIRPASID (Metoclopramida) Tabletas 10 mg C/20 Bruluagsa,falta,,EAN nuevo y sin marca comercial en el catálogo
0117,0117_a_portada.jpg,0117_b_codigo.jpg,7501573900436,Colpradin (Pravastatina) Tabletas 10 mg C/30 BIOMEP,falta,,EAN nuevo y sin marca comercial en el catálogo
0118,0118_a_portada.jpg,0118_b_codigo.jpg,7501342803807,Nifedipino (Nifedipino) Comprimidos 30 mg Liberación prolongada C/30 beadvance,falta,,EAN nuevo y sin marca comercial en el catálogo
0119,0119_a_portada.jpg,0119_b_codigo.jpg,7501075727517,Pirinovag (METAMIZOL SÓDICO) Tableta 500.00 mg C/10 Novag,eq_sin_ean,EQ-NOV176,"mismo producto ya cargado del ticket Equilibrio, sin EAN — solo hay que ponerle el código"
0120,0120_a_portada.jpg,0120_b_codigo.jpg,7502009746420,"VERATRIN (BETAMETASONA, INDOMETACINA, METOCARBAMOL) Cápsula 0.75 mg - 25 mg - 215 mg C/20 Maver",eq_sin_ean,EQ-MAV307,"mismo producto ya cargado del ticket Equilibrio, sin EAN — solo hay que ponerle el código"
0121,0121_a_portada.jpg,0121_b_codigo.jpg,7502009749452,Daimant (RIMANTADINA) Cápsula 100 mg C/14 Maver,eq_sin_ean,EQ-MAV407,"mismo producto ya cargado del ticket Equilibrio, sin EAN — solo hay que ponerle el código"
0122,0122_a_portada.jpg,0122_b_codigo.jpg,7501075710786,Cirulan (METOCLOPRAMIDA) Tabletas 10 mg C/20 Novag,eq_sin_ean,EQ-NOV004,"mismo producto ya cargado del ticket Equilibrio, sin EAN — solo hay que ponerle el código"
0123,0123_a_portada.jpg,0123_b_codigo.jpg,7502213042738,FARMAREST (Salbutamol) Aerosol 100 µg C/1 FH,eq_sin_ean,EQ-HIS081,"mismo producto ya cargado del ticket Equilibrio, sin EAN — solo hay que ponerle el código"
0124,0124_a_portada.jpg,0124_b_codigo.jpg,7501342803104,Prednisona (Prednisona) Tableta 5.0 mg C/20 beadvance,falta,,EAN nuevo y sin marca comercial en el catálogo
0125,0125_a_portada.jpg,0125_b_codigo.jpg,7501075717044,"Lambliquín (DIYODOHIDROXIQUINOLEÍNA, METRONIDAZOL) Tabletas C/30 Novag",eq_sin_ean,EQ-NOV054,"mismo producto ya cargado del ticket Equilibrio, sin EAN — solo hay que ponerle el código"
0126,0126_a_portada.jpg,0126_b_codigo.jpg,7502009747021,"Lonvitol (BROMURO DE IPRATROPIO, SALBUTAMOL) Solución 0.5 mg – 2.5 mg / 2.5 mL C/10 Maver",eq_sin_ean,EQ-MAV331,"mismo producto ya cargado del ticket Equilibrio, sin EAN — solo hay que ponerle el código"
0127,0127_a_portada.jpg,0127_b_codigo.jpg,780083142827,Nosipren (Prednisona) Tableta 20 mg C/30 Collins,eq_sin_ean,EQ-COL133,"mismo producto ya cargado del ticket Equilibrio, sin EAN — solo hay que ponerle el código"
0128,0128_a_portada.jpg,0128_b_codigo.jpg,7503027446439,"Esterinol (Retinol) Cápsula 50,000 UI C/40",eq_sin_ean,EQ-PGE061,"mismo producto ya cargado del ticket Equilibrio, sin EAN — solo hay que ponerle el código"
0129,0129_a_portada.jpg,0129_b_codigo.jpg,75049805,"Neomicina, Polimixina B, Gramicidina (Neomicina, Polimixina B, Gramicidina) Solución oftálmica C/15 mL OPKO",otra_presentacion,FC-11165726,falso: Neomicina/polimixina oftálmica ≠ Raspisons
0130,0130_a_portada.jpg,0130_b_codigo.jpg,7501349028845,POPRAM (pantoprazol) Tableta 40 mg C/28 AMSA,eq_sin_ean,EQ-AMS498,"mismo producto ya cargado del ticket Equilibrio, sin EAN — solo hay que ponerle el código"
0131,0131_a_portada.jpg,0131_b_codigo.jpg,780083139575,"Bonazin (Meclozina, Piridoxina, Lidocaína) Solución Inyectable 25/50/20 mg C/1 Collins",eq_sin_ean,EQ-COL016,"mismo producto ya cargado del ticket Equilibrio, sin EAN — solo hay que ponerle el código"
