par,archivo,ean,todos,ean13_ok,nota
0001,0001_b_codigo.jpg,7502009748929,7502009748929,si,leído a ojo
0002,0002_b_codigo.jpg,7501349024267,7501349024267,si,
0003,0003_b_codigo.jpg,7501349023369,7501349023369,si,
0004,0004_b_codigo.jpg,7502009740244,7502009740244,si,
0005,0005_b_codigo.jpg,785118752941,785118752941,no,
0006,0006_b_codigo.jpg,7501349027329,7501349027329,si,
0007,0007_b_codigo.jpg,7501249600813,7501249600813,si,
0008,0008_b_codigo.jpg,7502216804814,7502216804814,si,
0009,0009_b_codigo.jpg,7502009746239,7502009746239,si,
0010,0010_b_codigo.jpg,7501075717150,7501075717150,si,
0011,0011_b_codigo.jpg,7502211784036,7502211784036,si,
0012,0012_b_codigo.jpg,7502209858237,7502209858237,si,
0013,0013_b_codigo.jpg,7503004908721,7503004908721,si,
0014,0014_b_codigo.jpg,7501249606778,7501249606778,si,
0015,0015_b_codigo.jpg,7503027446408,7503027446408,si,
0016,0016_b_codigo.jpg,7502009746727,7502009746727,si,
0017,0017_b_codigo.jpg,7501075722543,7501075722543,si,
0018,0018_b_codigo.jpg,7501349024922,7501349024922,si,
0019,0019_b_codigo.jpg,780083140021,780083140021,no,
0020,0020_b_codigo.jpg,785120754681,785120754681,no,
0021,0021_b_codigo.jpg,785120755442,785120755442,no,
0022,0022_b_codigo.jpg,7501563380286,7501563380286,si,
0023,0023_b_codigo.jpg,75058661,75058661,no,
0024,0024_b_codigo.jpg,7502223112346,7502223112346,si,
0025,0025_b_codigo.jpg,7501349029712,7501349029712,si,
0026,0026_b_codigo.jpg,7501349020535,7501349020535,si,
0027,0027_b_codigo.jpg,7501573909958,7501573909958,si,
0028,0028_b_codigo.jpg,500487172707,500487172707,no,
0029,0029_b_codigo.jpg,7501563380439,7501563380439,si,
0030,0030_b_codigo.jpg,7502004401409,7502004401409,si,
0031,0031_b_codigo.jpg,7501342803418,7501342803418,si,
0032,0032_b_codigo.jpg,7502009741326,7502009741326,si,
0033,0033_b_codigo.jpg,7502001162600,7502001162600,si,
0034,0034_b_codigo.jpg,7506335700019,7506335700019,si,
0035,0035_b_codigo.jpg,7502274791163,7502274791163,si,
0036,0036_b_codigo.jpg,7501349022249,7501349022249,si,
0037,0037_b_codigo.jpg,7502216806474,7502216806474,si,
0038,0038_b_codigo.jpg,7501349012943,7501349012943,si,
0039,0039_b_codigo.jpg,7502009746178,7502009746178,si,
0040,0040_b_codigo.jpg,7502009741487,7502009741487,si,
0041,0041_b_codigo.jpg,785118752477,785118752477,no,
0042,0042_b_codigo.jpg,7501349027787,7501349027787,si,
0043,0043_b_codigo.jpg,7501349025929,7501349025929,si,
0044,0044_b_codigo.jpg,7501258200288,7501258200288,si,
0045,0045_b_codigo.jpg,7501349028326,7501349028326,si,
0046,0046_b_codigo.jpg,7502009742392,7502009742392,si,
0047,0047_b_codigo.jpg,7501075722604,7501075722604,si,
0048,0048_b_codigo.jpg,7502009740299,7502009740299,si,
0049,0049_b_codigo.jpg,7502240450780,7502240450780,si,
0050,0050_b_codigo.jpg,7501478316813,7501478316813,si,
0051,0051_b_codigo.jpg,7502240450773,7502240450773,si,
0052,0052_b_codigo.jpg,7501563380637,7501563380637,si,
0053,0053_b_codigo.jpg,75053086,75053086,no,
0054,0054_b_codigo.jpg,7503000422191,7503000422191,si,
0055,0055_b_codigo.jpg,7502209858107,7502209858107,si,
0056,0056_b_codigo.jpg,7502226295954,7502226295954,si,
0057,0057_b_codigo.jpg,7502001161511,7502001161511,si,
0058,0058_b_codigo.jpg,7502004401508,7502004401508,si,
0059,0059_b_codigo.jpg,785120755442,785120755442,no,
0060,0060_b_codigo.jpg,7502001164338,7502001164338,si,
0061,0061_b_codigo.jpg,7502240450827,7502240450827,si,
0062,0062_b_codigo.jpg,7502009746734,7502009746734,si,
0063,0063_b_codigo.jpg,7501573907688,7501573907688,si,
0064,0064_b_codigo.jpg,7502211788423,7502211788423,si,
0065,0065_b_codigo.jpg,7502004401454,7502004401454,si,
0066,0066_b_codigo.jpg,7502009746499,7502009746499,si,
0067,0067_b_codigo.jpg,7502009746932,7502009746932,si,
0068,0068_b_codigo.jpg,7501537102586,7501537102586,si,
0069,0069_b_codigo.jpg,7506022331502,7506022331502,si,
0070,0070_b_codigo.jpg,7502209858183,7502209858183,si,
0071,0071_b_codigo.jpg,7502009746383,7502009746383,si,
0072,0072_b_codigo.jpg,7503003738961,7503003738961,si,
0073,0073_b_codigo.jpg,7501563380408,7501563380408,si,
0074,0074_b_codigo.jpg,7501825300175,7501825300175,si,
0075,0075_b_codigo.jpg,7501384545659,7501384545659,si,
0076,0076_b_codigo.jpg,7501349028654,7501349028654,si,
0077,0077_b_codigo.jpg,7502209858251,7502209858251,si,
0078,0078_b_codigo.jpg,656599040226,656599040226,no,
0079,0079_b_codigo.jpg,7501573904151,7501573904151,si,
0080,0080_b_codigo.jpg,7501342803814,7501342803814,si,
0081,0081_b_codigo.jpg,7502009745478,7502009745478,si,
0082,0082_b_codigo.jpg,7501342803067,7501342803067,si,
0083,0083_b_codigo.jpg,7501563380163,7501563380163,si,
0084,0084_b_codigo.jpg,7501573900290,7501573900290,si,
0085,0085_b_codigo.jpg,7501573909408,7501573909408,si,
0086,0086_b_codigo.jpg,7502001166981,7502001166981,si,
0087,0087_b_codigo.jpg,7502216802919,7502216802919,si,
0088,0088_b_codigo.jpg,785118752415,785118752415,no,
0089,0089_b_codigo.jpg,780083148805,780083148805,no,
0090,0090_b_codigo.jpg,7501258203586,7501258203586,si,
0091,0091_b_codigo.jpg,780083140939,780083140939,no,
0092,0092_b_codigo.jpg,7501349024540,7501349024540,si,
0093,0093_b_codigo.jpg,7501349024533,7501349024533,si,
0094,0094_b_codigo.jpg,7501349012004,7501349012004,si,
0095,0095_b_codigo.jpg,7501349021532,7501349021532,si,
0096,0096_b_codigo.jpg,7501573900375,7501573900375,si,
0097,0097_b_codigo.jpg,7503027446279,7503027446279,si,
0098,0098_b_codigo.jpg,7501547509016,7501547509016,si,
0099,0099_b_codigo.jpg,7502009748912,7502009748912,si,
0100,0100_b_codigo.jpg,7502009749292,7502009749292,si,
0101,0101_b_codigo.jpg,7502223111400,7502223111400,si,
0102,0102_b_codigo.jpg,780083142537,780083142537,no,
0103,0103_b_codigo.jpg,7502209810365,7502209810365,si,
0104,0104_b_codigo.jpg,7502209810358,7502209810358,si,
0105,0105_b_codigo.jpg,7501349020412,7501349020412,si,
0106,0106_b_codigo.jpg,7501537102845,7501537102845,si,
0107,0107_b_codigo.jpg,7501573902706,7501573902706,si,
0108,0108_b_codigo.jpg,7502226292182,7502226292182,si,
0109,0109_b_codigo.jpg,7502001162693,7502001162693,si,
0110,0110_b_codigo.jpg,7501349012943,7501349012943,si,
0111,0111_b_codigo.jpg,7501349022454,7501349022454,si,
0112,0112_b_codigo.jpg,6348812732387,6348812732387|7501342804484,si,
0113,0113_b_codigo.jpg,7501075714739,7501075714739,si,
0114,0114_b_codigo.jpg,780083140922,780083140922,no,
