SKU,EAN,STOCK,AVAILABLE
FARMACAPITALmt_fc-08443026,7501008443026,0,false
FARMACAPITALmt_fc-84999001,7501008499900,0,false
FARMACAPITALmt_fc-08491074,7501008491074,0,false
FARMACAPITALmt_fc-08499818,7501008499818,0,false
FARMACAPITALmt_fc-8491966,7501008491966,0,false
FARMACAPITALmt_fc-8494226,7501008494226,0,false
FARMACAPITALmt_fc-b8d7c997,3311000003715,0,false
FARMACAPITALmt_fc-08491096,7501008491096,0,false
FARMACAPITALmt_fc-7048853,7891317048853,0,false
FARMACAPITALmt_eq-ult146,7502216796737,0,false
FARMACAPITALmt_fc-95467264,7501095467264,0,false
FARMACAPITALmt_fc-5181402,7500435181402,0,false
