pagina,codigo_prov,descripcion,lote,caducidad,cantidad,precio_lista,costo_unitario,subtotal,total
1,HIS075,TERFHICID 40 CAPS 100 MG,5M297,2028-01-17,1,252.63,46.05,46.05,46.05
1,BEA302,LEVOFLOXACINO 7 TAB 500 MG,U26M041,2028-03-01,2,248.00,18.77,37.54,37.54
1,LAN043,CINA 7 TAB 750 MG,L26D0098,2028-04-01,2,385.00,28.87,57.74,57.74
1,BEA434,ALOPURINOL 20 TAB 300 MG,AB25002,2027-10-31,2,180.00,21.46,42.92,42.92
1,NOV025,VERMISEN 6 TAB 200 MG,790055,2029-05-01,2,40.00,12.38,24.76,24.76
1,WAN024,AMIFARIN 20 CAPS 500 MG,C6227,2028-04-01,2,248.00,45.78,91.56,91.56
1,AMS033,CLINDAMICINA 5 FA 600MG/4 ML,B25N206,2027-11-01,2,396.00,88.42,176.84,176.84
1,MAV260,CEFALVER 12 TAB 1 G,256934,2028-02-01,1,312.00,62.48,62.48,62.48
2,MAV142,CEFABROXIL 15 TAB 500/30 MG,255417,2027-10-01,1,222.00,44.44,44.44,44.44
2,BIO016,CLOXAN 20 COMP 30 MG,5B2642,2028-02-01,2,71.00,9.75,19.50,19.50
2,MAV131,CEFAGEN 1 SUSP 250MG/5/50 ML,256533,2027-11-01,1,375.00,74.58,74.58,74.58
2,MAV130,CEFAGEN 1 SUSP 125MG/5/50 ML,255233,2027-09-01,1,258.00,48.48,48.48,48.48
2,MAV389,KLARIX 1 SUSP 250MG/5 60 ML,263020,2028-05-01,1,408.00,81.67,81.67,81.67
2,MAV227,CEFAGEN 10 TAB 250 MG,254942,2027-09-01,1,414.00,82.09,82.09,82.09
2,QUI131,BISOPROLOL 30 TAB 2.5 MG,26E039,2028-04-30,1,511.66,97.51,97.51,97.51
2,WER038,CHARYN 3 TAB 500 MG,251303,2028-02-01,6,258.82,24.98,149.88,149.88
2,AMS296,CLINDAMICINA 16 CAP 300 MG,U26E412,2028-01-01,3,213.00,30.54,91.62,91.62
2,MAV137,FASICLOR 15 CAPS 500 MG,255648,2027-10-01,1,690.00,137.92,137.92,137.92
2,MAV122,CEPOBROM 12 CAPS 500/0.782 MG,260152,2029-01-01,1,243.00,47.97,47.97,47.97
2,SON039,DICLEOPHEN 12 CAPS 500 MG,B2605191,2028-05-01,2,200.00,26.82,53.64,53.64
3,AMS071,GENTAMICINA 5 AMP 160MG/2 ML,B25N402,2027-11-01,2,309.84,52.57,105.14,105.14
3,SON237,EXPICIN 25 CAPS 500 MG,B2603101,2028-03-01,5,190.00,29.56,147.80,147.80
3,MAI071,KROBICIN 1 SUSP 125MG/5/60 ML,5F0981,2027-06-01,1,318.95,45.41,45.41,45.41
3,MAV228,CEFAGEN 10 TAB 500 MG,256911,2027-12-01,1,720.00,144.13,144.13,144.13
3,MAV163,CEFALVER 20 CAPS 500 MG,261277,2028-03-01,1,255.00,43.35,43.35,43.35
3,ALP0237,TROPHARMA 20 TAB 500 MG,2512921,2028-12-01,2,230.00,44.53,89.06,89.06
3,MAV357,KURTOSIL 1 CMA 20/1 MG,264239,2028-06-30,1,312.00,62.48,62.48,62.48
3,SON189,DIVILTAC 1 FA 150/10MG/1 ML,H26020022,2028-03-01,1,230.00,34.45,34.45,34.45
3,MAV125,FASICLOR 1 SUSP 375MG/5/50 ML,252890,2027-06-01,1,399.00,63.44,63.44,63.44
3,AMS430,CIPROFLOXACINO 12 TAB 250 MG,U26Y028,2028-05-30,2,150.00,13.69,27.38,27.38
3,NOV013,NAMIFEN 20 TAB 500 MG,440096,2030-06-01,1,70.00,24.28,24.28,24.28
3,AMS322,CEFALEXINA 20 CAP 500 MG,J26A067,2028-04-01,2,240.00,39.84,79.68,79.68
4,MAV050,PENTIBROXIL 16 CAPS 500/30 MG,262066,2028-04-01,2,150.00,30.04,60.08,60.08
4,SON136,ACROXIL-C 1 SUSP 250/8MG/5/60 ML,B2512603,2027-12-01,1,160.00,25.42,25.42,25.42
4,MAV062,PENTIVER 1 SUSP 500MG/5/60 ML,256072,2027-11-01,1,156.00,31.20,31.20,31.20
4,MAV124,FASICLOR 1 SUSP 250MG/5/75 ML,257178,2028-01-01,1,408.00,81.18,81.18,81.18
4,MAV123,FASICLOR 1 SUSP 125MG/5/75 ML,255772,2027-10-01,1,255.00,49.85,49.85,49.85
4,WAN006,MEXAPIN 1 SUSP 125MG/5/60 ML,55721,2027-12-01,1,90.00,13.93,13.93,13.93
4,MAV061,PENTIVER 1 SUSP 250MG/5/90 ML,257070,2027-12-01,1,141.00,27.06,27.06,27.06
4,SER076,AZITROMICINA 1 SUSP 200MG/5/15 ML,251985,2027-11-26,1,368.31,68.50,68.50,68.50
4,AMS492,CLARITROMICINA 10 TAB 500 MG,U26E021,2028-01-01,2,350.00,59.45,118.90,118.90
4,SON102,NALIXONE 20 TAB 500/50 MG,26030655,2028-03-01,2,438.00,63.32,126.64,126.64
4,AMS022,PENIPOT 1 FA 800000 UI,I26A003,2028-02-01,6,70.00,19.44,116.64,116.64
4,AMS265,AMOXICILINA 12 CAPS 500 MG,Q0925747,2027-09-01,5,118.00,18.37,91.85,91.85
5,ALP0300,ACIDO ACETILSALICILICO EF 20 TAB 300 MG,C380626,2028-06-30,5,99.00,19.07,95.35,95.35
5,WAN015,VANMOXOL 1 SUSP 250/15MG/5/90 ML,55406,2027-07-01,1,128.00,18.03,18.03,18.03
5,WAN009,VALCLAN 10 TAB 500/125 MG,T6079,2028-02-01,3,339.00,37.22,111.66,111.66
5,AMS398,BENCIL/BENZ COMP 1 FA 1.2 U 3 ML,I25T007,2027-06-01,5,90.00,18.07,90.35,90.35
5,AMS375,AMPICILINA 1 FA 1G/5 ML,I26M505,2028-09-01,2,120.00,25.48,50.96,50.96
5,AMS053,AMPICILINA 1 FA 500MG/2 ML,I25S506,2027-09-01,2,70.00,20.37,40.74,40.74
5,AMS344,AMPICILINA 10 TAB 1 G,Q0126016,2028-01-01,3,120.00,27.05,81.15,81.15
5,MAV111,CLAMOXIN 10 TAB 500/125 MG,261979,2028-04-01,3,291.00,48.48,145.44,145.44
5,BEA364,ACIDO ACETILSALICILICO 30 TAB 100MG,6A0130C,2028-01-01,5,95.00,14.85,74.25,74.25
5,MAV014,CLAMOXIN 12H JR 1 SUSP 400/57MG/5/50 ML,257270,2028-01-01,3,225.00,36.79,110.37,110.37
5,SON139,ACROXIL-C 12 CAPS 500/8 MG,B2602071,2028-02-01,1,168.00,24.05,24.05,24.05
5,WAN013,VANDIX 1 SUSP 250MG/5/75 ML,54232,2028-04-01,1,115.00,20.58,20.58,20.58
6,AMS501,ACIDO URSODESOXICOLICO 50 CAP 250 MG,U26F085,,1,516.00,217.23,217.23,217.23
6,WAN018,VALCLAN 10 TAB 875/125 MG,T6315,2028-05-01,3,498.00,51.18,153.54,153.54
6,AMS021,PENIPOT 1 FA 400000 UI,I25U014,2027-06-01,2,60.00,14.07,28.14,28.14
6,MAV090,CLAMOXIN 12H 10 TAB 875/125 MG,263412,2028-06-01,5,330.00,55.03,275.15,275.15
6,MAV012,CLAMOXIN 1 SUSP 250/62.5MG/5/60 ML,260027,2028-01-01,1,216.00,35.62,35.62,35.62
6,MAV270,BENEVENTOL 3 CAPS 400 MG,256213,2027-10-01,1,480.00,88.17,88.17,88.17
6,COL057,GIMALXINA 1 SUSP 250MG/5/75 ML,26240167,2030-04-21,1,191.97,27.09,27.09,27.09
6,MAV226,CLAMOXIN S 1 SUSP 600/42.90MG/50 ML,256303,2027-11-01,1,291.00,47.99,47.99,47.99
6,MAV011,CLAMOXIN 1 SUSP 125/31.25MG/5/60 ML,260577,2028-02-01,1,168.00,27.89,27.89,27.89
6,MAV013,CLAMOXIN 12H PED 1 SUSP 200/28.5MG/40,257267,2028-01-01,1,156.00,25.94,25.94,25.94
6,SON192,ASPITAK-P 30 COMP 100 MG,26051262,2028-05-01,2,166.00,19.72,39.44,39.44
6,ULT201,ACEMETACINA 14 CAPS 90 MG,6CN266C,2029-03-30,1,502.30,51.43,51.43,51.43
7,MAV290,BENEVENTOL 6 CAPS 400 MG,255831,2027-10-01,1,738.00,146.11,146.11,146.11
7,MAI026,LESACLOR (MACLOV) 35 TAB 400 MG,531964,2028-10-01,1,415.70,72.03,72.03,72.03
7,AMS359,AMOXICILINA 1 SUSP 500MG/5/75 ML,Q0626334,2028-06-30,1,100.00,23.57,23.57,23.57
7,COL056,GIMALXINA 12 CAPS 500 MG,26240134,2029-03-31,2,146.29,23.68,47.36,47.36
7,AMS297,ACICLOVIR 35 TAB 400 MG,U26F020,2029-02-01,1,240.00,64.09,64.09,64.09
7,NOV094,OXIVAG 4 TAB 70 MG,650086,2028-02-01,1,440.00,31.94,31.94,31.94
7,AMS251,AMIKACINA 2 AMP 500MG/2 ML,26F511,2028-02-01,1,179.00,29.21,29.21,29.21
7,AMS252,AMIKACINA 1 AMP 500MG/2 ML,25T514,2027-10-01,1,101.00,16.11,16.11,16.11
7,COL082,PERLUDIL 1 FA 150/10 MG,25341670,2027-11-30,1,202.56,48.65,48.65,48.65
7,MAV001,BACTIVER 20 TAB 400/80 MG,260134,2028-05-01,2,93.00,16.89,33.78,33.78
7,MAV002,BACTIVER F 14 TAB 160/800 MG,261127,2028-03-01,3,120.00,21.01,63.03,63.03
7,MAV073,REDALIP 30 TAB 200 MG,251460,2027-04-01,2,150.00,15.52,31.04,31.04
8,AMS354,LINCOMICINA 600MG/2ML 6 AMPOLLETAS,B25D203,2027-12-01,2,198.00,44.04,88.08,88.08
8,BIO064,CLOXAN 1 SOL 300MG/120ML,LE2626,2028-05-01,1,87.00,12.29,12.29,12.29
8,BRU106,CELESBITAN 1 FA C/JER 8MG/2 ML,2602109,2028-02-06,2,79.20,16.91,33.82,33.82
8,AMS263,CEFOTAXIMA I.M. 1 FA 1G/4 ML,J25T017,2027-10-01,3,350.56,31.06,93.18,93.18
8,AVI027,AMLODIPINO 100 TAB 5 MG,5LM125B,2027-11-09,1,725.92,32.52,32.52,32.52
8,DEG184,DEGORTZIN 1 SOL 100 MG/50 ML,444AA,2028-05-31,2,282.97,35.71,71.42,71.42
8,BIO076,WEXPEC 1 SOL 7.5/2MG/5/120 ML,L82633,2028-02-01,1,88.00,16.65,16.65,16.65
8,MAV284,SIBICOS 1 CMA 1/100/20 G,262040,2028-04-30,2,168.00,33.65,67.30,67.30
8,AMS437,BUDESONIDA 5 AMP 0.250MG/2ML,C26F206,2028-02-01,1,350.00,131.38,131.38,131.38
8,SON160,DISONS DEX 1 FA 5/2 MG,26040978,2028-04-30,1,236.00,36.86,36.86,36.86
8,ALP0340,CINARIZINA 60 TAB 75 MG,2605279,2028-05-30,2,180.00,35.05,70.10,70.10
8,ULT180,CELECOXIB 10 CAPS 200MG,6EM120A,2028-05-01,2,779.04,34.82,69.64,69.64
9,HIS085,PROTAISOL 1 SUSP/AER 200 DOS/5 12.80 G,6C355,2028-04-01,1,598.04,96.21,96.21,96.21
9,RAD096,CALCIO EFE 12 COMP 500 MG,29911,2028-05-29,1,204.00,39.07,39.07,39.07
9,PGE052,ERCATRIV M CALCITRIOL 30 CAPS 0.25 MCG,U0265,2028-03-04,1,168.64,47.13,47.13,47.13
9,AMS406,CINITAPRIDA 25 COMP 1 MG,U26M335,2028-03-01,3,170.00,17.58,52.74,52.74
9,MAV373,BUDIMIN 20 TAB 1 MG,257237,2027-12-31,1,273.00,31.31,31.31,31.31
9,MAV350,BITENVER 30 TAB 24 MG,261052,2028-02-01,1,342.00,62.78,62.78,62.78
9,MAI158,SUPRATEX DAC 1 SOL 300/600 MG 120 ML,5K2102,2027-11-01,1,237.53,42.14,42.14,42.14
9,MAV212,ODIVITOR 10 TAB 20 MG,261643,2029-03-01,3,147.00,13.77,41.31,41.31
9,ULT097,CAPTOPRIL 30 TAB 25 MG,6AN062A,2028-01-01,5,62.30,7.95,39.75,39.75
9,NOV165,BUDENOVA SUSP .125 MG/ML 5 AMP 2ML,25X0V04,2028-12-01,1,322.00,130.24,130.24,130.24
9,AVI037,AMLODIPINO 30 TAB 5 MG,5EM451B,2027-05-27,3,369.75,9.04,27.12,27.12
9,MAI072,LESACLOR 1 SUSP 200MG/5/125 ML,5K2106,2027-11-01,1,248.75,44.43,44.43,44.43
10,RAM054,RAAMCINET 10 TAB 10 MG,7220526,2028-03-31,6,243.22,19.65,117.90,117.90
10,ALP0609,CARBAMAZEPINA 20 TAB 200 MG,2520526,2029-05-01,3,90.00,18.11,54.33,54.33
10,MAV360,ERISPAN 1 FA 4MG/1 ML,256110,2027-10-01,1,75.00,22.15,22.15,22.15
10,MAV141,ERISPAN 1 FA 8MG/2 ML,256664,2027-11-01,1,144.00,24.45,24.45,24.45
10,AMS477,BUDESONIDA 1 SUSP NEB 5AMP 0.500MG,C26E206,2028-01-01,1,438.00,153.72,153.72,153.72
10,WAN002,AMIFARIN 1 SUSP 250MG 60 ML,56117,2028-02-01,1,155.00,27.00,27.00,27.00
10,HIS076,FHASPEM 3 AMP 20 MG/1 ML,6D502,2028-05-05,1,141.69,23.53,23.53,23.53
10,HIS087,CLOFHIVEN 200 DOSIS 50 MCG/12.80G,6D44B,2029-05-19,1,734.07,56.51,56.51,56.51
10,AVI027,AMLODIPINO 100 TAB 5 MG,5MM301A,2027-12-30,1,725.92,32.52,32.52,32.52
10,MAV003,BACTIVER 1 SUSP 40/200/5/120 ML,262631,2028-05-01,1,111.00,21.28,21.28,21.28
10,SON256,SONBLEFAN S 1 CMA .100 G/ 40 G,26061504,2028-06-30,1,158.00,32.41,32.41,32.41
10,BEA462,CEFTRIAXONA I.M. 1 FA 1G/3.5 ML,J25G109,2027-03-31,2,200.00,9.80,19.60,19.60
11,SON264,LAUR ADULTO 500/500/100/30/4 MG 3 AMP,B2603115,2028-02-01,1,400.00,59.63,59.63,59.63
11,MAV255,BENEVENTOL 1 SUSP 100MG/5ML/50 ML,256806,2027-12-01,1,510.00,97.60,97.60,97.60
11,COL009,AMPIGRIN AD 3 AMP 500/500/100/30MG/3 ML,26240110,2028-03-31,2,442.20,81.71,163.42,163.42
11,COL008,AMPIGRIN INF 3 AMP 250/200/100/30MG/3 ML,26240043,2028-01-12,1,390.54,73.57,73.57,73.57
11,AMS004,AMCEF I.M. 1 FA 1G/3.5 ML,J25N044,2027-11-01,10,392.00,19.72,197.20,197.20
11,AMS002,AMCEF I.M. 1 FA 500MG/2 ML,J25D063,2027-11-01,2,280.00,19.43,38.86,38.86
11,AMS350,CEFTAZIDIMA 1 FA 1G/3 ML,J25D018,2028-03-01,2,300.00,45.42,90.84,90.84
11,MAI165,NORQUINOL 20 TAB 400 MG,5K2094,2027-11-30,2,267.75,47.87,95.74,95.74
11,AMS184,CIPROFLOXACINO G.I. 14 TAB 500 MG,U26F042,2028-02-01,5,250.00,22.92,114.60,114.60
11,AMS471,AMIKACINA 1 AMP 100 MG/2 ML,25T515,2027-10-01,1,45.00,8.46,8.46,8.46
11,AMS416,ATORVASTATINA 10 TAB 40 MG,U26E117,2028-01-01,2,350.00,26.35,52.70,52.70
11,MAI141,FLOSEF 8 TAB 400 MG,571920,2027-10-31,1,180.65,27.33,27.33,27.33
12,ALP0567,BIOERTER 1 SUSP 250 MG/100 ML,0226330,2028-02-01,1,245.00,47.70,47.70,47.70
12,COL226,DOLPROFEN 10 TAB 800 MG,26140712,2028-03-09,5,155.07,22.41,112.05,112.05
12,PGE057,GELUBRIN 10 CAPS 600 MG,U0397,2028-04-10,5,98.50,21.95,109.75,109.75
12,AVT221,ZITRIASOL 15 CAP 100 MG,SD26112,2028-04-30,2,186.00,34.61,69.22,69.22
12,NOV163,PABESORAG 28 TAB 150/12.5 MG,810426,2028-04-01,1,800.00,60.47,60.47,60.47
12,VIT068,IBUPRO-CAFE 10 CAPS 400 MG/100 MG,M26052,2028-03-30,2,85.00,30.06,60.12,60.12
12,STR006,INDARZONA 30 CAPS 250/5 MG,5B01DC,2028-04-01,2,300.00,56.30,112.60,112.60
12,WER036,WERMY 15 CAPS 300 MG,260373,2028-04-01,2,377.70,24.51,49.02,49.02
12,BIO019,DIURMESSEL 20 TAB 40 MG,5B2664,2028-02-01,5,67.00,9.31,46.55,46.55
12,MAI099,HIDROXIN 30 TAB 10 MG,5K2109,2028-11-01,1,198.14,34.60,34.60,34.60
12,COL120,COLLICORT 1 CMA 1% 60 G,26340160,2028-01-30,2,277.05,47.85,95.70,95.70
12,MAV322,TRADITOR 1 GEL 500/50 MG 60 G,261081,2028-02-01,1,237.00,47.47,47.47,47.47
13,AVT204,ELAPHTERON 28 TAB 100 MG,5B26058,2029-02-28,1,144.00,30.77,30.77,30.77
13,WER027,AMDORY 14 CAPS 30 MG,260066,2028-02-01,2,243.34,28.11,56.22,56.22
13,ALP0598,ACETONIDO DE FLUOCINOLONA CMA,2601201,2028-01-01,1,95.00,18.44,18.44,18.44
13,AMS165,FLUCONAZOL 1 CAPS 150 MG,U25N344,2027-11-30,2,80.00,12.92,25.84,25.84
13,EXA054,HIALURONATO DE SODIO 4MG 10 ML,26161P,2028-05-11,1,518.20,113.89,113.89,113.89
13,AMS371,HIERRO DEX 3 AMP 100 MG /2 ML,625T405,2027-10-01,1,168.00,61.33,61.33,61.33
13,MAV306,DIZIVER 20 TAB 25 MG,261313,2028-02-01,3,87.00,8.15,24.45,24.45
13,LOE070,ZUKEDIB 30 TAB 2 MG,R25126048,2028-01-13,1,155.20,29.08,29.08,29.08
13,LOE071,ZUKEDIB 30 TAB 4 MG,R2506781,2027-06-30,1,302.51,27.98,27.98,27.98
13,MAI154,PRALEX 28 TAB 10 MG,6DD648,2028-04-30,2,278.46,42.85,85.70,85.70
13,BIO163,VALGAB 1 JBE 50MG/60 ML,LK2501,2027-11-01,1,122.00,19.41,19.41,19.41
13,ULT104,ENALAPRIL 30 TAB 10 MG,6CN050A,2028-03-01,5,70.00,8.09,40.45,40.45
14,BIO189,OVISEN 28 TAB 20 MG,SC2617,2028-03-01,1,264.00,20.33,20.33,20.33
14,BIO183,OVISEN 14 TAB 20 MG,SC2622,2028-03-01,1,203.00,10.19,10.19,10.19
14,NOV020,REGLUSAN 50 TAB 5 MG,710026,2029-02-01,5,36.00,8.88,44.40,44.40
14,QUM070,DROSEQUIM AD 1 JBE 300/160/200 ML,26DP32,2028-04-01,1,305.00,70.74,70.74,70.74
14,RAM100,DESROTAN 10 TAB 180 MG,RD085,2028-03-31,1,316.25,47.31,47.31,47.31
14,BEA428,DIOSMINA HESPERIDINA 20 TAB 450/50 MG,C50366,2028-05-01,3,252.00,39.41,118.23,118.23
14,AMS367,IRBESARTAN 14 TAB 150 MG,U25U621,2027-07-01,1,300.00,43.98,43.98,43.98
14,AVT134,TUSILEN AD 1 JBE 240/30/50MG/100/118 ML,25134007,2027-10-20,1,120.00,24.22,24.22,24.22
14,AMS424,IRBESARTAN 14 TAB 300 MG,U26E329,2028-01-01,1,460.00,76.49,76.49,76.49
14,AVT135,TUSILEN PED 1 JBE 300/120/15MG/100/118 ML,26135001,2028-02-16,1,120.00,24.89,24.89,24.89
14,WER037,WERMY 30 CAPS 300 MG,260485,2028-05-01,2,607.19,39.41,78.82,78.82
14,MAV311,EXICORT 7 COMP 120 MG,256572,2027-11-01,1,264.00,52.66,52.66,52.66
15,RAD081,FUMARATO FERROSO 50 TAB 200MG,28561,2028-04-08,1,75.00,13.79,13.79,13.79
15,MAI078,UREZOL 20 TAB 100 MG,5K1972,2027-11-01,1,187.43,33.46,33.46,33.46
15,ULT103,DICLOFENACO 20 TAB 100 MG,5LM220A,2027-11-01,4,68.03,7.60,30.40,30.40
15,ACC066,STERYX 30 TAB 5 MG,CC260061,2029-02-28,1,470.00,40.51,40.51,40.51
15,VIC030,TOFEL 10 TAB 50/500 MG,261025,2028-04-30,2,180.00,37.55,75.10,75.10
15,MAV415,ESOMEPRAZOL 28 TAB 40 MG,263550,2028-06-30,1,495.00,99.14,99.14,99.14
15,MAV380,ESOMEPRAZOL 14 TAB 40 MG,262638,2028-04-30,1,258.00,51.64,51.64,51.64
15,AMS274,EZETIMIBA/SIMVASTA 14 TAB 10/20 MG,U26E295,2028-01-01,1,533.00,55.90,55.90,55.90
15,AMS275,EZETIMIBA/SIMVASTA 28 TAB 10/20 MG,U25T362,2027-10-01,1,990.00,100.08,100.08,100.08
15,BIO100,BIOSTAFEX 10 TAB 120 MG,5B2603,2028-02-01,2,264.00,29.94,59.88,59.88
15,RAM046,RAAMFEN 30 TAB 25 MG,RR184,2028-03-31,3,56.49,15.49,46.47,46.47
15,RAD082,INDOMETACINA 30 CAPS 25 MG,25160,2027-09-25,1,144.00,20.02,20.02,20.02
16,BEA379,ESPIRONOLACTONA 20 TAB 25MG,6EM196B,2028-05-31,1,200.00,26.86,26.86,26.86
16,BRU053,NEDICLON 20 GRAG 100 MG,605238,2028-05-12,4,59.40,7.56,30.24,30.24
16,MAV236,IDELIVER PRO 14 TAB 60 MG,262349,2028-04-01,1,306.00,59.45,59.45,59.45
16,MAV238,BIOXOVER 1 JBE 300MG/120 ML,255469,2027-10-01,2,156.00,28.84,57.68,57.68
16,SON193,PORAL OTICO 1 GOT 10 ML,26040996,2028-04-01,2,236.00,34.41,68.82,68.82
16,SER025,LONIXER 10 TAB 250 MG,260186,2028-02-04,2,197.04,32.51,65.02,65.02
16,BEA342,DEXAMETASONA 20 TAB 0.5 MG,25342001,2027-03-31,1,80.00,4.41,4.41,4.41
16,MAI055,DALATINA 1 GEL 1G/30 G,6BD273,2028-02-28,1,171.36,29.85,29.85,29.85
16,SON024,BENTIX 1 CMA 40G 3/0.0 %,26051193,2028-05-01,1,188.00,28.12,28.12,28.12
16,AMS472,CITALOPRAM 14 TAB 20 MG,U255381,2027-09-01,2,499.00,35.08,70.16,70.16
16,MAV065,PRESISTIN 1 SUSP 0.1G/60ML,254588,2027-09-01,1,207.00,24.47,24.47,24.47
16,RAD100,FENAZOPIRIDINA 1 FCO 20 TAB 100 MG,27772,2028-02-04,1,138.00,21.09,21.09,21.09
17,AVT205,ELAPHTERON 28 TAB 25 MG,51252318,2027-09-30,1,120.00,25.40,25.40,25.40
17,QUM069,DROSEQUIM INF 1 JBE 150/80/200 ML,253X42,2027-10-01,1,318.00,70.37,70.37,70.37
17,AMS253,DEXAMETASONA 1 FA 8MG/2 ML,B25G513,2028-08-01,10,47.15,8.55,85.50,85.50
17,AMS362,DICLOFENACO 2 FA 75MG/3 ML,B26E313,2028-01-01,2,200.00,15.80,31.60,31.60
17,AMS460,ETORICOXIB 14 COMP 90 MG,U25T292,2027-10-01,1,310.00,50.98,50.98,50.98
17,QUM043,HISTAPHARM 10 TAB 5 MG,26ER07,2028-05-01,1,144.00,21.99,21.99,21.99
17,BRU016,BRULIN (DEXAMETASONA) 3 FA 8MG/2 ML,2601039,2028-01-16,2,90.00,24.28,48.56,48.56
17,MAV320,CARIDEN 10 TAB 30 MG,262351,2028-04-01,1,573.00,90.81,90.81,90.81
17,JAY263,DIFLOSENSI 28 TAB 10 MG,14260007A,2027-12-28,1,,335.50,335.50,335.50
17,WER046,MEVEDIM 15 TAB 600 MG,260229,2028-03-30,1,441.55,61.32,61.32,61.32
17,ALP0633,DEXKETOPROFENO 10 TAB 25 MG,2603228,2028-03-01,1,330.00,64.24,64.24,64.24
17,MAV064,PRESISTIN 30 TAB 10 MG,256517,2027-11-01,1,171.00,33.93,33.93,33.93
18,MAV140,DOLTRIX 3 AMP 100/20MG/2 ML,263388,2028-05-31,1,309.00,61.88,61.88,61.88
18,MAV134,DOLTRIX 10 TAB 250/10 MG,260826,2028-02-01,2,282.00,56.45,112.90,112.90
18,MAV167,DOLTRIX 20 TAB 125/10 MG,255306,2027-09-01,1,363.00,70.30,70.30,70.30
18,RAD092,DEXTROMETORFANO 1 JBE 300 MG/120 ML,28547,2028-03-05,2,78.00,13.58,27.16,27.16
18,AMS407,CIPROFLOXACINO 1 GOT 3MG/5 ML,G26M00B,2028-03-01,1,343.00,24.28,24.28,24.28
18,SON214,DEXAMETASONA/CIPROFLOXACINO SOL,26030907,2028-03-01,1,300.00,43.08,43.08,43.08
18,AVT203,CIDORIX 28 TAB 75 MG,5A26030,2028-01-31,1,180.00,38.11,38.11,38.11
18,LOE155,INDOMETACINA 6 SUPOSITORIOS 100 MG,R2509196A,2027-09-30,1,323.15,92.35,92.35,92.35
18,OFF009,DEXNE OTICO 1 GOT 1/3.5/15/10 ML,264027,2028-05-06,1,186.00,42.69,42.69,42.69
18,DEG011,CONVIFER C/HIERRO 1 SOL 3/2/.1MG/110,039AA,2027-12-31,1,235.18,33.94,33.94,33.94
18,PGE059,LOREFIC-D 30 CAPS 4000 UI,U0620,2028-06-04,1,195.00,38.79,38.79,38.79
18,OFF008,DEXNE NASAL 1 GOT 1/3.5/2.5/10 ML,264025,2027-10-22,1,165.00,37.87,37.87,37.87
19,BEA313,DEXAMETASONA 20 TAB 1 MG,26313001,2028-03-07,1,136.00,22.25,22.25,22.25
19,AMS288,DEXAM/NEOMI 1 GOTAS 1/3.5MG/5 ML,G25N021,2027-11-30,1,70.00,23.15,23.15,23.15
19,OFF010,DEXNE OFTALMICO 1 GOT 500/100MG/5 ML,037046,2028-04-25,1,147.00,33.74,33.74,33.74
19,MAV318,CARIDEN 20 TAB 6 MG,260140,2028-01-01,1,288.00,52.87,52.87,52.87
19,BIO212,COLCHICINA 30 TAB 1 MG,5D2602,2028-04-01,1,180.00,30.37,30.37,30.37
19,EXA042,CROMOGLICATO SODIO 1 SOL 40 MG/5 ML,26070P,2028-02-19,1,218.65,45.61,45.61,45.61
19,ALP0554,FENAZOPIRIDINA 20 TAB 100 MG,6571125,2027-11-01,1,100.00,18.89,18.89,18.89
19,AMS209,HIPROMELOSA OFT 1 SOL 5MG/10 ML,G26E026,2028-01-01,2,125.00,24.86,49.72,49.72
19,AMS428,CISAPRIDA 30 TAB 5 MG,U25T249,2027-10-01,1,120.52,23.91,23.91,23.91
19,LOE058,FENIFFLER-T 50 TAB 100 MG,R2509209,2027-09-30,2,321.31,20.08,40.16,40.16
19,MAV376,FLAUSIVER 1 GEL 100 G,62926030,2028-08-31,1,180.00,37.55,37.55,43.56
19,SON204,PHENDEX OTICO 1 SUSP 2/10/50MG/10 ML,26051352,2028-08-31,2,210.00,30.60,61.20,61.20
20,AMS497,LEVETIRACETAM 30 TAB 1000 MG,U25N332,2027-11-01,1,,120.90,120.90,120.90
20,MAI157,SUPRATEX 1 JBE 600 MG 120 ML,6BD201,2028-02-01,2,227.05,40.91,81.82,81.82
20,MAV245,OPPELVER 1 JBE 10G/15ML DE 125 ML,261962,2028-03-01,1,246.00,49.25,49.25,49.25
20,RAY114,VELATUSS 1 SOL 600MG/120 ML,25109,2027-05-01,1,248.00,34.55,34.55,34.55
20,SER001,ASMARAL-K 30 TAB 1 MG,260119,2029-01-19,1,299.57,61.07,61.07,61.07
20,MAV043,LOROTEC 10 TAB 10 MG,260277,2028-01-01,5,84.00,5.96,29.80,29.80
20,AMS160,KETOROLACO TROMETAMINA 6 TAB SL 30 MG,U26F370,2028-02-01,5,90.00,9.19,45.95,45.95
20,LOE013,KERAFFLER 1 SOL 20MG/5/120 ML,R2510414,2027-11-06,1,150.22,20.17,20.17,20.17
20,QUM014,PHARMACAINE 1 AER 10G/100ML/115 ML,26DP57,2028-04-01,1,553.80,101.30,101.30,101.30
20,NOV032,LIZOVAG 10 TAB 200 MG,360016,2028-05-01,2,54.00,12.98,25.96,25.96
20,AMS328,KETOROLACO 3 AMP 30 MG,26F009,2028-02-01,3,172.00,11.33,33.99,33.99
20,MAI152,MAVIFEM (VAG) 1 CHA/6 APLI 2/8 G 30 G,6BD252,2028-02-28,2,385.56,68.50,137.00,137.00
21,ULT230,LEVONORGESTREL 1 TAB 1.5 MG,6CH064A,2028-03-30,3,183.02,15.50,46.50,46.50
21,COL073,OTILIN 1 GOT 350MG/2G DE 20 ML,26140908,2028-04-10,2,132.00,25.01,50.02,50.02
21,IFA001,POSTDAY 1 COMP 1.5 MG,2603355,2029-02-15,2,190.00,61.32,122.64,122.64
21,MAV295,ERISPAN COMP 10 TAB 5/0.25 MG,260705,2028-01-01,3,111.00,8.27,24.81,24.81
21,ULT230,LEVONORGESTREL 1 TAB 1.5 MG,6BH137A,2028-02-01,1,183.02,15.50,15.50,15.50
21,SOF041,VIXGOPLISOL 60 TAB 500 MG,60549,2028-03-20,1,900.00,112.04,112.04,112.04
21,TEM009,LEVOTIROXINA 100 TAB 100 MCG,2603115,2028-02-06,2,610.00,45.57,91.14,91.14
21,MAV358,AVATTOR 30 COMP 20 MG,263537,2028-06-30,1,540.00,103.08,103.08,103.08
21,NOV154,BELAZIX C/20 TAB 5MG,880046,2028-03-01,1,420.00,64.96,64.96,64.96
21,MAI144,FIGRAL 10 TAB 100 MG,6BD255,2028-02-29,5,636.30,80.04,400.20,400.20
21,ULT145,SILDENAFIL 4 TAB 100 MG,6CH433A,2028-03-01,6,405.09,24.21,145.26,145.26
21,AVT216,SOLTADOL 10 TAB 750 MG,5C25049,2027-03-31,5,41.00,5.04,25.20,25.20
22,HIS081,FARMAREST SALBUT 1 SUSP/AER 200DO/125,6A111,2028-02-17,2,487.61,33.99,67.98,67.98
22,BEA338,PREDNISONA 5MG C/BLISTER 20TAB BEA,26338001,2028-06-10,5,150.00,6.51,32.55,32.55
22,MAV331,LONVITOL 10 AMP .05/2.5 MG/ 2.5 ML,263181,2029-05-01,1,465.00,69.83,69.83,69.83
22,AMS323,SERTRALINA 14 TAB 50 MG,U26E032,2028-01-01,3,362.00,20.60,61.80,61.80
22,ULT146,PIOGLITAZONA 7 TAB 15 MG,6DN1938,2028-04-01,2,335.42,14.56,29.12,29.12
22,AMS232,PREGABALINA 28 CAPS 75 MG,U26A038,2028-04-01,1,540.00,37.48,37.48,37.48
22,MAV407,DAIMANT 14 CAPS 100 MG,256509,2027-11-01,1,270.00,52.59,52.59,52.59
22,COL133,NOSIPREN 30 TAB 20 MG,26340291,2028-03-05,1,194.20,35.71,35.71,35.71
22,QUM068,QUIMUNEX 1 SOL 100 MG/100 ML,26AM11,2028-01-01,1,384.00,68.48,68.48,68.48
22,PGE061,ESTERINOL 40 CAPS 50000UI,U0821,2027-09-28,1,130.00,24.91,24.91,24.91
22,AMS498,POPRAM 28 TAB 40 MG,U26A012,2028-04-01,2,320.00,37.54,75.08,75.08
22,SON225,NORKIN 7 CAPS 40 MG,26020563,2028-02-01,2,220.00,13.95,27.90,27.90
23,LOE096,VIDALOL PLUS 20 TAB 10/500 MG,R2511450,2027-11-13,1,170.00,47.53,47.53,47.53
23,AMS231,PREGABALINA 14 CAPS 75 MG,U26F252,2028-02-01,1,292.41,25.09,25.09,25.09
23,AMS370,PENTOXIFILINA 30 TAB 400 MG,U25S234,2027-09-01,1,270.00,59.39,59.39,59.39
23,SER116,CYRUX 28 TAB 200 MCG,260015,2028-01-08,1,,222.22,222.22,222.22
23,NOV054,LAMBLIQUIN 30 TAB 400/200 MG,310106,2028-01-01,1,150.00,42.73,42.73,42.73
23,AMS279,POPRAM 14 TAB 40 MG,U25N288,2027-11-01,2,280.00,26.26,52.52,52.52
23,MAV196,OXATECH 14 TAB 10 MG,255852,2027-10-01,1,189.00,26.46,26.46,26.46
23,PHG017,METRONIDA/DIYOHIDRO 1 SUSP,C07065,2029-02-22,1,308.00,42.53,42.53,42.53
23,LOE135,ROSANIL 7 TAB 500 MG,R2603189,2028-04-30,1,170.10,51.43,51.43,51.43
23,ULT191,PIROXICAM 20 TAB 20 MG,6EN072B,2028-05-01,3,76.63,9.49,28.47,28.47
23,ALP0410,NISTATINA 1 SUSP 1 UI /24 ML,2604487,2028-04-01,1,175.00,34.07,34.07,34.07
23,BEA368,NIFEDIPINO 30 COMP 30 MG,6EN186A,2028-05-31,1,251.00,39.23,39.23,39.23
24,EXA035,NEOMICI POLIMIXI B GRAMICIDI 1 SOL 15 ML,26055P,2028-02-20,1,194.64,40.58,40.58,40.58
24,EXA045,NEOMICINA POLIMIXINA-B BACITRACINA UNG,26106P,2028-03-17,1,235.70,49.14,49.14,49.14
24,NOV176,PIRINOVAG 10 TAB 500 MG,660146,2028-04-01,5,24.00,7.18,35.90,35.90
24,SON096,FENIMETH V 12 OVS 500MG/100000 UI,26030746,2028-03-01,2,236.00,34.15,68.30,68.30
24,MAV307,VERATRIN 20 CAPS 215/25/0.75 MG,262054,2028-04-01,1,303.00,33.36,33.36,33.36
24,SON153,NYSMOSONS-V 10 OVS 500/0.5MG/100000 UI,26030761,2028-03-01,2,298.00,43.06,86.12,86.12
24,MAI163,CROSTOX 30 TAB 20 MG,680248,2028-02-01,1,432.48,76.84,76.84,76.84
24,NOV092,IXICORL 10 TAB 20 MG,290306,2028-02-01,2,258.00,21.72,43.44,43.44
24,AMS503,SITAGLIPTINA 14 COMP 100 MG,U25D143,2027-12-01,1,680.00,87.57,87.57,87.57
24,LOE066,PENSODIL-S 5 SUP 200/100 MG,R2601646,2028-01-15,1,83.50,37.16,37.16,37.16
24,SON104,NEODERM-F 1 CMA 40G,26041134,2029-04-01,1,166.00,25.85,25.85,25.85
24,BIO017,COLPRAGIN 30 TAB 10 MG,5L2536,2027-12-01,1,180.00,14.60,14.60,14.60
25,QUM006,MITAFAR 1 SUSP 100MG/5/60 ML,26BN13,2028-02-01,1,154.20,38.29,38.29,38.29
25,MAV266,BERNIVER 2% 1 UNG 15 G,257007,2027-12-01,1,408.00,76.86,76.86,76.86
25,RAD093,METRONIDAZOL 30 TAB 500 MG,30706,2028-05-28,3,110.00,14.92,44.76,44.76
25,MAV162,DOLXEN 10 TAB 500 MG,260728,2028-02-01,1,105.00,18.94,18.94,18.94
25,SER165,ESTRANIM 10 CAPS 75 MG,260383,2028-03-17,1,926.64,116.19,116.19,116.19
25,SON098,METROSON 1 SUSP 250MG/5/120 ML,26041106,2028-04-30,1,130.00,21.66,21.66,21.66
25,LOE014,NEOSEDAL 1 JBE 5G/100/120 ML,R2602014,2028-03-31,1,121.00,23.35,23.35,23.35
25,SON089,MAGNIL 1 JBE 250MG/5/100 ML,26030788,2028-09-01,1,166.00,24.05,24.05,24.05
25,NOV004,CIRULAN 20 TAB 10 MG,110016,2029-03-01,3,32.00,7.62,22.86,22.86
25,BEA416,METOCLOPRAMIDA 20 TAB 10 MG,110555,2028-11-01,2,70.00,5.42,10.84,10.84
25,AMS401,PIOGLITAZONA 7 TAB 30 MG,U25T360,2027-10-01,2,300.00,18.36,36.72,36.72
25,BEA424,METOPROLOL 20 TAB 100MG,670145,2027-07-01,2,70.00,6.86,13.72,13.72
26,BRL053,DIREPASID (METOCLOPRAMIDA) 20 TAB 10 MG,5101465,2027-10-21,2,36.00,7.55,15.10,15.10
26,MAV392,CETILVER 1 GEL 8% C/10 G,251153,2028-03-31,1,330.00,45.31,45.31,45.31
26,AMS234,PREGABALINA 28 CAPS 150 MG,U26F083,2028-02-01,1,584.62,65.67,65.67,65.67
26,AMS418,METOCLOPRAMIDA 6 AMP 10MG/2 ML,26M507,2028-03-01,1,110.00,21.00,21.00,21.00
26,ALP0628,METAMIZOL SODICO 3 AMP 1G/2 ML,2505578,2027-05-01,2,152.00,14.68,29.36,29.36
26,MAI150,MAVIGLIN 60 GRAG 500/5 MG,6CO362,2028-03-01,1,299.88,61.53,61.53,61.53
26,NOV157,GLUNOVAG 60 TAB 500 MG,230766,2028-05-01,2,74.50,19.38,38.76,38.76
26,BIO058,WADIL 30 TAB 500/5 MG,5E2626,2028-05-01,1,170.00,28.85,28.85,28.85
26,BEA429,METFORMINA 30 TAB 850 MG,242286,2028-06-01,5,92.00,14.27,71.35,71.35
26,NOV005,CIRULAN 1 GOT 400MG/1/20 ML,120036,2029-03-01,2,60.00,14.38,28.76,28.76
26,ULT056,RETOFLAM-F 10 TAB 215/15 MG,6EN292B,2028-05-30,1,150.00,19.15,19.15,19.15
26,WER040,PUNAB 30 TAB 50 MG,251221,2027-11-01,5,337.79,12.33,61.65,61.65
27,MAV175,FLEXIVER COMPUESTO 20 CAPS 215/7.5 MG,262286,2028-04-30,1,219.00,43.87,43.87,43.87
27,MAV174,FLEXIVER COMPUESTO 10 CAPS 215/15 MG,262458,2028-04-01,1,219.00,40.06,40.06,40.06
27,LIF006,CARBAFEN 30 TAB 400/350MG,25K069,2027-11-30,1,198.80,41.47,41.47,41.47
27,SON034,BUSCONET 10 TAB 250/10 MG,26051272,2028-05-31,2,200.00,24.92,49.84,49.84
27,AVT213,MENFLIXIL 14 TAB 7.5 MG,5C25054,2027-03-31,2,48.00,5.28,10.56,10.56
27,BIO003,BIOMESINA COMPUESTA 10 GRAG 250/10 MG,5C2605,2028-03-01,2,191.00,28.57,57.14,57.14
27,SON175,ARDOSONS 20 CAPS 215/25/0.75 MG,26030625,2028-03-01,1,450.00,60.33,60.33,60.33
27,BEA468,QUETIAPINA 60 TAB 100 MG,660556,2028-05-01,1,789.00,123.31,123.31,123.31
27,MAV098,FLEXIVER 10 TAB 15 MG,260502,2028-01-01,2,108.00,8.76,17.52,17.52
27,SON091,MECLISON 20 TAB 50/25 MG,26040947,2029-04-01,2,140.00,22.27,44.54,44.54
27,SON092,MECLISON 1 GOT 16.66/8.33MG/1/15 ML,26041020,2028-04-01,1,140.00,21.20,21.20,21.20
27,MAV182,LARITOL D 10 TAB 30/5 MG,257221,2027-12-01,2,195.00,38.59,77.18,77.18
28,MAV118,LARITOL D INF 1 JBE 100/50MG/5/50 ML,262393,2028-04-30,1,132.00,26.44,26.44,26.44
28,MAV187,ERISPAN COMPUESTO 1 SOL 5/100MG/60 ML,256629,2027-11-30,1,174.00,22.53,22.53,22.53
28,BEA426,OXIDO DE ZINC 1 PASTA 30 G,724025,2028-11-01,5,67.00,10.38,51.90,51.90
28,COL016,BONAZIN 1 FA 50/25/20 MG,26141602,2028-05-31,1,126.03,26.28,26.28,26.28
28,SON033,BUSCONET 1 FA 250/20MG/5ML,26051306,2029-05-31,1,223.00,33.38,33.38,33.38
28,VIT073,BOCETIX 1 SOL 50 MG 150 ML,T2603149,2028-03-30,1,390.00,73.19,73.19,73.19
28,COD086,BANO COLOIDE 1 PVO 96.5/2/90 G,6E256,2028-05-07,2,147.00,18.15,36.30,36.30
28,VIT055,ROTUMAL 1 GEL 60G/1.16 %,260277,2028-04-01,2,95.00,22.93,45.86,45.86
28,NOV137,NINEKA 20 TAB 129/280/30 MG,941746,2028-05-01,3,180.00,37.67,113.01,113.01
28,COL239,VOLFENAC GEL 1 GEL 2.32G/100 G,26141245,2028-05-19,1,370.00,48.65,48.65,48.65
28,LIF039,TINIAZOL 1 SHAMPOO 2G/120 ML,26D107,2028-06-30,1,219.00,42.95,42.95,42.95
28,LIF153,REALDRAX MXD 10 TAB 20/400 MG,26A159,2028-02-29,1,214.50,40.60,40.60,40.60
29,APO142,ESPADIVA 10 TAB 20/400 MG,1323125,2027-10-01,1,208.51,81.79,81.79,81.79
29,PGE033,GELUBRIN 10 CAPS 400 MG,U0126,2028-03-13,5,66.30,15.21,76.05,76.05
29,BEA336,NEOMI/CAO/PECTI 20TAB 129/280/30 MG,940476,2028-01-01,3,236.00,36.89,110.67,110.67
29,QUI127,LEVONORGES ETINILEST 28 TAB 0.15/0.03MG,26D006,2028-03-31,1,122.25,24.03,24.03,24.03
29,AMS463,BUTILHIOSCINA 10 TAB 10 MG,U26F337,2028-02-01,4,85.00,12.13,48.52,48.52
29,QUI096,LEVO. ETINILESTRADIOL 21 TAB 0.15/0.03 M,26C009,2028-02-29,1,117.36,22.72,22.72,22.72
29,ALP0526,CLIOQUINOL 1 CMA 3% 20 G,2602904,2029-02-01,1,55.00,10.69,10.69,10.69
29,BRL072,LO BRUQUIN 2 TAB 150/200 MG,5111680,2027-12-04,10,120.00,15.40,154.00,154.00
29,BIO021,DOCSI 20 TAB 4 MG,5K2530,2027-11-01,2,66.00,9.60,19.20,19.20
29,COD060,MARACINA 1 SPRAY 30 ML 150 MG /100 ML,6D185,2028-04-13,2,126.00,25.02,50.04,50.04
29,STR008,TROCILETAS-B LIMON. 12 TAB 2.5/10 MG,5N025D,2028-01-30,2,171.00,32.11,64.22,64.22
29,BIO136,LOZAMIR-C 1 CMA 1/30 G,CJ2505,2027-10-01,1,180.00,15.08,15.08,15.08
30,PGE046,PROGELBEN 20 CAPS 100 MG,U0066,2028-02-09,5,75.00,19.66,98.30,98.30
30,BIO188,BROXTORFAN INF 1 JBE 150/113 MG/120 ML,ITZ517,2027-10-01,1,106.00,15.85,15.85,15.85
30,MAV115,LARITOL EX 10 TAB 30/5 MG,254338,2027-08-01,2,132.00,21.66,43.32,43.32
30,FAC0057,FARMIVER INFANTIL 1 SUSP 100/400MG/10,ITF26L197,2028-06-30,1,105.00,22.93,22.93,22.93
30,SON164,CLOTRINAZOL DUAL 3 OVS 200MG 1CMA 10G,26041067,2028-04-01,1,350.00,50.07,50.07,50.07
30,HIS045,CIFHIR 1 GEL 60G/5 %,5M323,2027-12-18,1,149.76,45.68,45.68,45.68
30,WER025,AMANTADINA(ROSEL) 24 CAPS 50/3/300 MG,260032,2028-01-01,5,189.00,27.44,137.20,137.20
30,LOE131,FARIBROX TM INF 1 JBE 150/113MG/100/150,R2510417,2027-11-23,1,112.41,22.89,22.89,22.89
30,SER093,OXITAL C 10 COMP 1G,252033,2027-12-08,3,295.02,45.14,135.42,135.42
30,MAV410,BENZOCAINA 1 GEL 10 G .1/1 G,260759,2028-02-01,1,219.00,40.12,40.12,40.12
30,LOE132,FARIBROX TM ADULTO 1 JBE,R2602977A,2028-02-28,1,131.15,23.19,23.19,23.19
30,FAC0058,FARMIVER JUNIOR 1 SUSP 200/400MG/20 ML,ITF26L187,2028-06-30,1,114.00,24.72,24.72,24.72
31,BIO167,BIXEN 12 TAB 550 MG,5D2606,2028-04-01,5,151.00,22.88,114.40,114.40
31,SER183,MURREOLAK 20 TAB EFERVECENTES 600 MG,C35L25,2027-10-31,1,420.00,128.64,128.64,128.64
31,CMD015,MATERFOL 90 COMP 0.4 MG,26A01357,2028-05-04,1,102.69,21.41,21.41,21.41
31,MAV387,TRIMEBUT/SIMETIC SUP PED 0.60G/0.60G,262748,2028-03-01,1,375.00,71.95,71.95,71.95
31,MAV239,LINEXEL LP 20 CAPS 75 MG,257358,2028-01-31,1,342.00,39.26,39.26,39.26
31,QUM052,QUIMIKAN 1 SOL C/ APLI 10 ML 200MG/ 1 ML,26CW35,2028-03-31,1,190.00,63.68,63.68,63.68
31,COL258,ALZOCID 4 TAB 20 MG,26141729,2028-05-31,3,,23.78,71.34,71.34
31,LIF064,CINEPRAC 20 TAB 200 MG,26C121,2028-04-30,3,204.00,41.49,124.47,124.47
31,NUC034,TEFILINB 28 TAB 2 MG,M689847,2028-04-30,2,680.00,35.29,70.58,70.58
31,BIO112,GRISTALIT 1 JBE 600/100MG/30 ML,LB2612,2028-02-01,1,84.00,9.38,9.38,9.38
31,MAV042,LARITOL EX 1 JBE 600/100MG/5/120 ML,252141,2028-05-01,2,123.00,19.11,38.22,38.22
31,ULT224,"TELMISARTAN, HIDROCLO 14 TAB 80/12.5 MG",6CH107A,2028-03-01,3,281.00,47.18,141.54,141.54
32,SON220,CLOTRIMAZOL 1 OV 500 MG,26041070,2028-04-30,1,210.00,27.55,27.55,27.55
32,MAV233,SIRACUX ADULTO 1 JBE 120 ML,263295,2028-05-31,1,213.00,42.66,42.66,42.66
32,SER141,OXITAL C 10 COMP 2G,260140,2028-01-26,3,389.56,62.48,187.44,187.44
32,MAI153,LESACLOR 1 CMA 5 G,5K1988,2027-11-01,5,128.32,16.60,83.00,83.00
32,LIF033,QUERATAL 1 CMA 20 G,26C093,2028-03-31,2,127.50,25.09,50.18,50.18
32,NOV148,ATROXOLAM 1 SUSP 7.0 MG/1.5 MG,890066,2028-01-30,1,194.60,29.77,29.77,29.77
32,AMS221,TELMISARTAN 28 TAB 80 MG,U26F035,2028-02-01,2,452.00,51.70,103.40,103.40
32,DEN074,DELAPHIL 14 TAB 5 MG,26E006,2028-05-01,1,211.74,36.27,36.27,36.27
32,BEA403,TAMSULOSINA 20 CAPS 0.4 MG,5L25318,2027-12-31,2,213.00,32.12,64.24,64.24
32,COL174,FAZOLIN 1 SOL OF 1MG/15 ML,26340537,2028-04-29,2,149.20,23.75,47.50,47.50
32,MAI142,FIGRAL 10 TAB 50 MG,6BD234,2028-02-29,5,424.20,46.41,232.05,232.05
32,MAV206,VERSALVER 30 COMP 80 MG,263060,2028-04-01,1,381.00,76.30,76.30,76.30
33,SER117,LISERTIL 30 TAB 2.5 MG,251694,2027-10-01,1,,256.42,256.42,256.42
33,EXA040,TOBRAMICINA 1 SOL OFT 3 MG/15 ML,26139P,2028-04-20,2,318.50,66.33,132.66,132.66
33,COL213,AMPIGRIN PFC 1 JBE 3/0.50/0.02 G 60 ML,26140890,2028-04-10,1,162.63,24.91,24.91,24.91
33,AMS237,TELMISARTAN 28 TAB 40 MG,U25S032,2027-09-01,1,450.00,35.10,35.10,35.10
33,AMS237,TELMISARTAN 28 TAB 40 MG,U26E105,2028-01-01,1,450.00,35.10,35.10,35.10
33,DEG029,ESPABION 1 SUSP 100MG/5ML 100 ML,414AA,2029-05-31,1,313.89,44.45,44.45,44.45
33,BRU136,BRUNADOL 1 SUSP 125/100MG/5/100 ML,2605454,2028-05-14,1,144.00,30.57,30.57,30.57
33,BRL075,BRULUAQUIL 24 TAB 250/250/65 MG,5101455,2027-10-23,1,119.00,42.35,42.35,42.35
33,RAM014,FERMIG 2 TAB 100 MG,RFR356,2028-04-30,1,332.83,62.03,62.03,62.03
33,ALP0192,PHARMAFIL LP 20 TAB 100 MG,2512917,2027-12-01,1,185.00,36.02,36.02,36.02
33,STR009,HEMOGER 50 GRAG 300 MG,5Z02DR,2030-03-01,1,300.00,56.30,56.30,56.30
33,LIF048,ARGENTAL 1 CMA 1%/28 G,26A127,2028-03-31,2,205.00,35.50,71.00,71.00
34,DEG030,ESPABION 1 SUSP 20MG/1ML 30 ML,449AA,2029-05-31,1,178.67,25.67,25.67,25.67
34,AMS502,SULINDACO 20 TAB 200 MG,U26E326,2028-01-01,1,180.00,47.30,47.30,47.30
34,MAV323,FEDRIMIN 1 SOL 0.700/.150 G/ 150 ML,263034,2028-05-31,1,171.00,34.25,34.25,34.25
34,MAV015,COBADEX AD 1 JBE 225/225MG/100/120 ML,260606,2028-01-01,1,133.00,19.31,19.31,19.31
34,INN023,TOBR/DEXAM 1 SOL OFT 3MG/1MG/5ML,XC00281,2028-05-06,2,549.96,54.22,108.44,108.44
34,SOF056,VOLDRATIL SABOR UVA 25 SOB 26.14G,51231,2027-06-26,1,855.00,111.75,111.75,111.75
34,SOF073,VOLDRATIL NATURAL 25 SOB 27.9G,60264,2028-02-10,1,855.00,125.16,125.16,125.16
34,COL039,DOLPRIN 1 SUSP 100MG/5/120 ML,26140862,2028-04-16,2,170.39,27.52,55.04,55.04
34,LOE001,AFLUSIL 1 SUSP 2G/120ML,R2602932,2028-02-28,2,156.46,19.60,39.20,39.20
34,SON112,RIDIN ADULTO 1 JBE 7.5/1/100MG/5/120 ML,26030796,2028-03-01,2,201.00,30.53,61.06,61.06
34,SON113,RIDIN PED 1 JBE 3.5/3.5/2.5MG/5/120 ML,26030795,2028-03-01,2,175.00,26.62,53.24,53.24
35,SON231,EXHANTIL 1 SUSP 3.70/4.5G/320 ML,26061512,2029-06-30,2,219.00,33.00,66.00,66.00
35,LOE123,DIOTEXONA 1 GOTERO 10G/100/30 ML,R2511440,2027-11-01,1,194.76,38.87,38.87,38.87
35,SON258,BABYSONS 1 CMA 5G/30 G,25102952,2027-10-01,1,160.00,21.55,21.55,21.55
35,MAV279,PAMEDAN 1 CMA 5% 30 G,261562,2028-03-01,1,117.00,19.53,19.53,19.53
35,NOV049,ALUMAG 1 SUSP 4/3.7G/240 ML,020036,2028-04-01,2,62.00,23.77,47.54,47.54
35,QUI018,LECHE MAGNESIA NORMEX 1 SUSP 8.5G/360,26B099,2028-01-31,1,198.00,41.82,41.82,41.82
35,QUI017,LECHE MAGNESI NORMEX 1 SUSP 8.5G/180 ML,25M0BB,2027-11-30,1,124.56,26.67,26.67,26.67
35,NOV090,NINEKA 1 SUSP 500/36/35MG/5/75 ML,460056,2028-04-01,2,80.00,23.45,46.90,46.90
35,MAV363,CULMINAX ADULTO 1 SOL 375 MG/S/150 ML,261984,2028-04-01,1,255.00,50.05,50.05,50.05
35,MAV401,DEXPANTENOL 1 CMA 5% 30 G,252304,2027-05-01,2,105.00,14.12,28.24,28.24
35,GEP053,GROOBE 24 CAPS 50 MG,260729,2028-03-01,1,85.51,30.31,30.31,30.31
35,BIO149,LOZAMIR V C/3 APLICS 1 CMA 2% 20G,CB2607,2028-02-01,3,173.00,22.71,68.13,68.13
35,MAV377,CULMINAX INFANTIL 1 SOL 250 MG/5/150 ML,261981,2028-04-01,1,201.00,40.24,40.24,40.24
36,BIO109,BROMHEXINA INF 1 SUSP 80MG/100 ML,LC2605,2028-03-01,1,103.00,17.11,17.11,17.11
36,SAN007,CALTRON 600+D 60 TAB 600MG /125 UI,26540138,2028-05-25,1,450.00,106.37,106.37,106.37
36,BIO108,BROMHEXINA AD 1 SUSP 160MG/100 ML,LC2607,2028-03-01,1,106.00,17.59,17.59,17.59
36,BIO146,BIOBEND 1 SOL .15G/360 ML,LD2619,2028-04-01,2,272.00,39.49,78.98,78.98
36,DEG175,HIDRIGORT 8 TAB 50 MG,477AA,2028-05-31,2,82.57,10.11,20.22,20.22
36,ATL109,FLOROGLU/TRIMETILFLORO 20 CAP 80/80 MG,439491,2028-04-30,1,152.51,152.51,152.51,152.51
36,NOV101,BENCIEFEDRIL 1 SOL 0.2/2G/120 ML,070115,2027-12-01,2,62.00,22.74,45.48,45.48
36,GEP020,DIFENHIDRAMINA 10 CAPS 25 MG,260869,2028-03-01,2,66.39,19.59,39.18,39.18
36,LOE173,BENVIA 1 JBE 250 MG/100/120 ML,R2601738,2028-01-31,1,221.00,32.38,32.38,32.38
36,RAY083,VOMISIN 20 TAB 50 MG,26030,2028-01-01,1,194.01,40.10,40.10,40.10
36,QUI016,LECHE MAGNESIA NORMEX 1 SUSP 8.5G/60,26B098,2028-01-31,1,66.53,14.06,14.06,14.06
36,CMD124,REDBELGY 30 TAB 1000 MCG,25005840,2027-11-25,1,166.32,34.69,34.69,34.69
37,COL083,PLUS GEL 50 TAB 200/200/20 MG,26141277,2028-05-23,1,214.29,48.77,48.77,48.77
37,NOV017,NOVAGON 1 PVO 49.7G/100G DE 400 G,500546,2030-01-01,1,220.00,99.10,99.10,99.10
37,NOV098,NOVAGON PINA-NARANJA 1 PVO 35G/400 G,491066,2030-04-01,1,230.00,97.10,97.10,97.10
37,FAC0046,MOTILAXIL 1 SOL 100MG/5/120 ML,ITE26L157,2028-05-31,1,124.00,25.04,25.04,25.04
37,FAC0045,MOTILAXIL 1 GOT 750MG/100ML DE 30 ML,ITE26L147,2028-06-30,1,111.00,27.53,27.53,27.53
37,FAC0059,MOTILAXIL 20 TAB 5 MG,ITF26S084,2028-06-30,1,112.00,17.02,17.02,17.02
37,COL090,TEMPIRE 1 GOT 100MG/30 ML,26140833,2029-04-06,1,131.74,20.00,20.00,20.00
37,SON044,DOLZYCAM 1 GEL 5MG/100G DE 60 G,26010268,2028-01-01,1,175.00,24.81,24.81,24.81
37,MAV247,LUMBOXEN ROJO 1 GEL 10/2/35 G,256834,2027-12-01,2,207.00,39.54,79.08,79.08
37,WER015,ROSEL T 15 TAB 300/50/3 MG,251070,2028-01-01,2,128.20,21.26,42.52,42.52
37,BIO068,WAMINDEL 1 SOL 3.20G/120 ML,LB2645,2028-02-01,2,110.00,15.44,30.88,30.88
37,BIO067,SAROX 14 CAPS 20 MG,5D2618,2028-04-01,5,155.00,8.42,42.10,42.10
38,LOE119,DESYN-N 6 SUP 60/5 MG,R2508053,2027-08-31,1,138.00,31.62,31.62,31.62
38,PGE018,LADEXGEL 12 CAPS 300/2/10 MG,U0150,2028-01-08,2,49.50,20.55,41.10,41.10
38,LIF147,DUALGOS 20 TAB 325/200 MG,25J081,2027-11-30,3,152.40,29.02,87.06,87.06
38,WER033,ROSEL 1 SOL 0.5/.02/3 G/ 60 ML,260204,2028-04-01,2,129.27,26.88,53.76,53.76
38,BIO103,NAFICH 1 CMA 1% 15 G,CD2603,2028-04-01,2,142.00,13.06,26.12,26.12
38,LOE076,ERBITRAX 1 CMA 1% 30 G,R2602067,2028-03-31,2,133.00,28.62,57.24,57.24
38,PGE040,PRUGNEX 30 CAPS 12MG/50MG,T0885,2027-10-16,1,134.72,37.07,37.07,37.07
38,PBY007,MAX SENS TROPICANA MIX 1 BLISTER 3+1,TRP060326,2031-01-31,1,23.17,23.17,23.17,26.88
38,PBY008,MAX SENS PASSION MIX 1 BLISTER 3+1,PAS160526,2031-01-31,1,23.21,23.21,23.21,26.92
38,PBY004,PLAYBOY PLAYPACK 1 BLISTER C/3 PZAS,1991025,2030-09-30,1,30.83,30.83,30.83,35.76
38,SOF054,OMEPRAZOL (AKTYZAR) 120 CAPS 20MG,61168,2028-06-05,1,279.00,46.79,46.79,46.79
38,ALP0520,MICONAZOL 1 CMA DE 20 G,2512183,2027-12-01,1,56.00,10.87,10.87,10.87
39,SON226,REXURDIR 16 CAPS 400 MG,26051290,2028-05-01,2,210.00,29.92,59.84,59.84
39,LIF161,VIRINDREZ INFANTIL 1 ATOM 25 MG/20 ML,26C079,2028-04-30,1,183.00,20.70,20.70,20.70
39,MAV263,GALAVER GEL 10 SOB 80MG/10MG/10 ML,262767,2028-05-01,2,240.00,37.54,75.08,75.08
39,MAI080,ITAMOL 24 TAB MAST 262 MG,6C0337,2028-03-31,1,179.03,34.09,34.09,34.09
39,BEA483,SENOSIDOS 20 TAB 8.6 MG,540346,2028-03-01,2,72.00,11.14,22.28,22.28
39,BIO087,WAMINDEL 1 GOT 100MG/30 ML,LF2607,2028-06-30,1,98.00,12.02,12.02,12.02
39,BIO213,SAROX 28 CAPS 20 MG,5E2646,2028-05-01,5,288.00,15.61,78.05,78.05
39,DEG186,BRAXIGORT 1 SUSP 90 ML,487AA,2028-05-31,1,260.02,39.45,39.45,39.45
39,LIF160,VIRINDREZ ADULTO 1 ATOM 50 MG/20 ML,26D035,2028-04-30,2,225.00,23.85,47.70,47.70
39,NOV179,ACETIF 10 TAB 500 MG,010206,2028-02-01,10,22.00,5.72,57.20,57.20
39,GEP049,X-TRID 12 CAPS 15MG/5MG/2MG/250MG,260444,2028-02-01,3,65.00,23.17,69.51,69.51
39,SON173,RASPISONS 1 UNG 28/35 G,25123585,2027-12-01,1,120.00,19.61,19.61,19.61
40,MAV341,EXALIV 24 TAB 325/5/2 MG,260224,2028-05-01,2,99.00,19.82,39.64,39.64
40,NOV136,NOVAKOSID 20 TAB 8.6 MG,540266,2028-05-01,2,74.00,13.93,27.86,27.86
40,MAV400,LUMBOXEN 1 BOL C/1 PCHE 03/1.20/1/9 %,20251225,2028-12-31,1,35.00,14.37,14.37,16.67
40,AMS292,PANTOPRAZOL 7 TAB 20 MG,U26E384,2028-01-01,2,112.00,11.29,22.58,22.58
40,DAC005,DACLAFIN SUBSALICILATO DE BISMUTO 120,26C0037,2028-03-31,1,52.00,31.49,31.49,31.49
40,MAV250,GALAVER 1 GEL 8MG/1MG/250 ML,262654,2028-04-01,2,282.00,48.22,96.44,96.44
40,GEP030,ML-PRIM 12 CAPS 375MG/200MG,260735,2028-03-01,2,177.00,47.28,94.56,94.56
40,SON233,ZIMETON 20 TAB 130/50/40 MG,26040958,2028-04-30,2,400.00,56.59,113.18,113.18
40,LIF162,PRECICOL 1 GOT 20 ML,26C062,2028-03-31,1,183.60,37.22,37.22,37.22
40,SAN025,REVENOX 60 TAB 3 MG,26340240,2028-02-17,1,330.00,72.13,72.13,72.13
40,QUI091,MAGSOKON 1 CAJA 26 G,253006,2028-08-31,1,73.65,15.61,15.61,15.61
40,ALP0380,LIDOCAINA 1 UNG 5% 35 G,2602578,2028-02-01,1,120.00,23.30,23.30,23.30
41,MAV039,LARITOL 10 TAB 10 MG,257226,2027-12-01,5,93.00,7.01,35.05,35.05
41,COL145,COLLIFRIN ADULTO 1 SOL 50MG/20 ML,26140881,2028-04-06,2,167.30,33.61,67.22,67.22
41,AVI004,OMEPRAZOL 60 CAPS 20 MG,5LM253D,2028-11-15,1,327.93,32.76,32.76,32.76
41,PYG024,NYQUILZ 30 CAPS 25 MG,A00056,2026-10-31,1,351.85,281.55,281.55,281.55
41,PYG016,METANUCIL 1 POLVO SABOR NATURAL 504 G,43421725A1,2026-10-30,1,682.21,545.81,545.81,545.81
