sku,ticket,linea,nombre_original,nombre_nuevo,marca,presentacion,principio_activo,concentracion,forma_farmaceutica
FC-F967863B,440393,1,TERFICHO 40 CAPS 100 MG,Terficho,Terficho,40 CAPSULAS,,100 MG,CAPSULAS
FC-C721E8D7,440393,2,LEVOFLOXACINO 7 TAB 500 MG,Levofloxacino,,7 TABLETAS,LEVOFLOXACINO,500 MG,TABLETAS
FC-B25B4654,440393,3,CINA 7 TAB 750 MG,Cina,,7 TABLETAS,CINA,750 MG,TABLETAS
FC-ACA2A2F6,440393,4,ALOPURINOL 20 TAB 300 MG,Alopurinol,,20 TABLETAS,ALOPURINOL,300 MG,TABLETAS
FC-174824A0,440393,5,VERNISEN 6 TAB 200 MG,Vernisen,Vernisen,6 TABLETAS,,200 MG,TABLETAS
FC-D5AC44CA,440393,6,AMIFARIN 20 CAPS 500 MG,Amifarin,Amifarin,20 CAPSULAS,,500 MG,CAPSULAS
FC-9A4E4C31,440393,7,CLINDAMICINA FA 600MG/4ML,Clindamicina,,FRASCO AMPULA,CLINDAMICINA,600MG/4ML,FRASCO AMPULA
FC-40CE757D,440393,8,CEFALVER 12 TAB 1 G,Cefalver,Cefalver,12 TABLETAS,,1 G,TABLETAS
FC-B18E386A,440393,9,CEFAROXIL 15 TAB 500/30 MG,Cefaroxil,Cefaroxil,15 TABLETAS,,500/30 MG,TABLETAS
FC-1DA570E3,440393,10,CLOXAN 20 COMP 30 MG,Cloxan,Cloxan,20 COMPRIMIDOS,,30 MG,COMPRIMIDOS
FC-A455EE80,440393,11,CEFAGEN 1 SUSP 250MG/5/50 ML,Cefagen,,1 SUSPENSION,CEFAGEN,250MG/5/50,SUSPENSION
FC-E374F23E,440393,12,CEFAGEN 1 SUSP 125MG/5/50 ML,Cefagen,,1 SUSPENSION,CEFAGEN,125MG/5/50,SUSPENSION
FC-8FB65B79,440393,13,KLARIX 1 SUSP 250MG/5ML 60 ML,Klarix,,1 SUSPENSION,KLARIX,250MG/5ML 60,SUSPENSION
FC-2EDC6E3B,440393,14,CEFAGEN 10 TAB 250 MG,Cefagen,,10 TABLETAS,CEFAGEN,250 MG,TABLETAS
FC-C101D5B1,440393,15,BISOPROLOL 30 TAB 2.5 MG,Bisoprolol,,30 TABLETAS,BISOPROLOL,2.5 MG,TABLETAS
FC-7AF7ACB5,440393,16,CHARLYN 3 TAB 500 MG,Charlyn,,3 TABLETAS,CHARLYN,500 MG,TABLETAS
FC-CF18C740,440393,17,CLINDAMICINA 16 CAP 300 MG,Clindamicina,,16 CAPSULAS,CLINDAMICINA,300 MG,CAPSULAS
FC-E4EFC4C2,440393,18,FASICLOR 15 CAPS 500 MG,Fasiclor,,15 CAPSULAS,FASICLOR,500 MG,CAPSULAS
FC-6EAD98A9,440393,19,CEPOBROM 12 CAPS 500/0.782 MG,Cepobrom,,12 CAPSULAS,CEPOBROM,500/0.782 MG,CAPSULAS
FC-CF719C07,440393,20,DICLOFEN 12 CAPS 500 MG,Diclofen,,12 CAPSULAS,DICLOFEN,500 MG,CAPSULAS
FC-60F627D5,440393,21,GENTAMICINA 5 AMP 160MG/2ML,Gentamicina,,5 AMPOLLETA,GENTAMICINA,160MG/2ML,AMPOLLETA
FC-48F732CF,440393,22,EPICIN 20 CAPS 500 MG,Epicin,,20 CAPSULAS,EPICIN,500 MG,CAPSULAS
FC-72C28BC1,440393,23,KNORICIN 1 SUSP 125MG/5/60 ML,Knoricin,,1 SUSPENSION,KNORICIN,125MG/5/60,SUSPENSION
FC-443C330E,440393,24,CEFAGEN 10 TAB 500 MG,Cefagen,,10 TABLETAS,CEFAGEN,500 MG,TABLETAS
FC-492D652F,440393,25,CEFALVER 20 CAPS 500 MG,Cefalver,Cefalver,20 CAPSULAS,,500 MG,CAPSULAS
FC-86A95D07,440393,26,TROPHARMA 20 TAB 500 MG,Tropharma,,20 TABLETAS,TROPHARMA,500 MG,TABLETAS
FC-697EEAD0,440393,27,KURTOSIL 1 CMA 20/1 MG,Kurtosil 1 Cma 20/1 Mg,,,,,
FC-830BF3FB,440393,28,DIVILTAC 1 FA 150/10MG/1 ML,Diviltac,,1 FRASCO AMPULA,DIVILTAC,150/10MG/1,FRASCO AMPULA
FC-F3E734A0,440393,29,FASICLOR 1 SUSP 375MG/5/50 ML,Fasiclor,,1 SUSPENSION,FASICLOR,375MG/5/50,SUSPENSION
FC-74A5ABEE,440393,30,CIPROFLOXACINO 12 TAB 250 MG,Ciprofloxacino,,12 TABLETAS,CIPROFLOXACINO,250 MG,TABLETAS
FC-AEA8C8DA,440393,31,NAMIFEN 20 TAB 500 MG,Namifen,,20 TABLETAS,NAMIFEN,500 MG,TABLETAS
FC-2005DD57,440393,32,CEFALEXINA 20 CAPS 500 MG,Cefalexina,,20 CAPSULAS,CEFALEXINA,500 MG,CAPSULAS
FC-B4477A00,440393,33,PENTIBROXIL 16 CAPS 500/30 MG,Pentibroxil,,16 CAPSULAS,PENTIBROXIL,500/30 MG,CAPSULAS
FC-85BDBD3D,440393,34,ACROXIL-C 1 SUSP 250MG/5/60 ML,Acroxil-C,,1 SUSPENSION,ACROXIL-C,250MG/5/60,SUSPENSION
FC-7AA38F97,440393,35,PENTIVER 1 SUSP 500MG/5/60 ML,Pentiver,,1 SUSPENSION,PENTIVER,500MG/5/60,SUSPENSION
FC-9538F7D6,440393,36,FASICLOR 1 SUSP 250MG/5/75 ML,Fasiclor,,1 SUSPENSION,FASICLOR,250MG/5/75,SUSPENSION
FC-01B2F362,440393,37,FASICLOR 1 SUSP 125MG/5/75 ML,Fasiclor,,1 SUSPENSION,FASICLOR,125MG/5/75,SUSPENSION
FC-50587FA6,440393,38,MEXAPIN 1 SUSP 125MG/5/60 ML,Mexapin,,1 SUSPENSION,MEXAPIN,125MG/5/60,SUSPENSION
FC-B72A6420,440393,39,PENTIVER 1 SUSP 250MG/5/90 ML,Pentiver,,1 SUSPENSION,PENTIVER,250MG/5/90,SUSPENSION
FC-D9391288,440393,40,AZITROMICINA 1 SUSP 200MG/5/15 ML,Azitromicina,,1 SUSPENSION,AZITROMICINA,200MG/5/15,SUSPENSION
FC-41339950,440393,41,CLARITROMICINA 10 TAB 500 MG,Claritromicina,,10 TABLETAS,CLARITROMICINA,500 MG,TABLETAS
FC-E6112F15,440393,42,NALIXONE 20 TAB 500/50 MG,Nalixone,,20 TABLETAS,NALIXONE,500/50 MG,TABLETAS
FC-F183C6E9,440393,43,"PENIPOT 1 FA 800,000 UI",Penipot,,1 FRASCO AMPULA,PENIPOT,"800,000 UI",FRASCO AMPULA
FC-A0D320D1,440393,44,AMOXICILINA 12 CAPS 500 MG,Amoxicilina,,12 CAPSULAS,AMOXICILINA,500 MG,CAPSULAS
FC-95779436,440393,45,ACIDO ACETILSALICILICO EF 20 TAB 300 MG,Acido Acetilsalicilico Ef,,20 TABLETAS,ACIDO ACETILSALICILICO EF,300 MG,TABLETAS
FC-4C621D07,440393,46,VANMOXOL 1 SUSP 250/15MG/5/90 ML,Vanmoxol,,1 SUSPENSION,VANMOXOL,250/15MG/5/90,SUSPENSION
FC-022543CD,440393,47,VALCLAN 10 TAB 500/125 MG,Valclan,,10 TABLETAS,VALCLAN,500/125 MG,TABLETAS
FC-64EB83AA,440393,48,"BENCIL/BENZ COMPL 1 FA 1,2 U 3 ML",Bencil/Benz Compl,,1 FRASCO AMPULA,BENCIL/BENZ COMPL,"1,2 U 3",FRASCO AMPULA
FC-D210172A,440393,49,AMPICILINA 1 FA 1G/5 ML,Ampicilina,,1 FRASCO AMPULA,AMPICILINA,1G/5,FRASCO AMPULA
FC-7F90064A,440393,50,AMPICILINA 1 FA 500MG/2 ML,Ampicilina,,1 FRASCO AMPULA,AMPICILINA,500MG/2,FRASCO AMPULA
FC-F82A6E4B,440393,51,AMPICILINA 10 TAB 1 G,Ampicilina,,10 TABLETAS,AMPICILINA,1 G,TABLETAS
FC-5F30F9D4,440393,52,CLAMOXIN 10 TAB 500/125 MG,Clamoxin,,10 TABLETAS,CLAMOXIN,500/125 MG,TABLETAS
FC-7D1D9857,440393,53,ACIDO ACETILSALICILICO 30 TAB 100MG,Acido Acetilsalicilico,,30 TABLETAS,ACIDO ACETILSALICILICO,100MG,TABLETAS
FC-516C2E89,440393,54,CLAMOXIN 12H JR 1 SUSP 400/57MG/5/50 ML,Clamoxin 12H Jr,,1 SUSPENSION,CLAMOXIN 12H JR,400/57MG/5/50,SUSPENSION
FC-05965071,440393,55,ACROXIL-C 12 CAPS 500/8 MG,Acroxil-C,,12 CAPSULAS,ACROXIL-C,500/8 MG,CAPSULAS
FC-930E0B1B,440393,56,VANDIL 1 SUSP 250MG/5/75 ML,Vandil,,1 SUSPENSION,VANDIL,250MG/5/75,SUSPENSION
FC-405A75E3,440393,57,ACIDO URSODESOXICOLICO 50 CAP 250 MG,Acido Ursodesoxicolico,,50 CAPSULAS,ACIDO URSODESOXICOLICO,250 MG,CAPSULAS
FC-D06E54FE,440393,58,VALCLAN 10 TAB 875/125 MG,Valclan,,10 TABLETAS,VALCLAN,875/125 MG,TABLETAS
FC-3A4583F3,440393,59,"PENIPOT 1 FA 400,000 UI",Penipot,,1 FRASCO AMPULA,PENIPOT,"400,000 UI",FRASCO AMPULA
FC-F22C72BE,440393,60,CLAMOXIN 12H 10 TAB 875/125 MG,Clamoxin 12H,,10 TABLETAS,CLAMOXIN 12H,875/125 MG,TABLETAS
FC-F48FF7EF,440393,61,CLAMOXIN 1 SUSP 250/62.5MG/5/60 ML,Clamoxin,,1 SUSPENSION,CLAMOXIN,250/62.5MG/5/60,SUSPENSION
FC-4BD80686,440393,62,BENEVENTOL 3 CAPS 400 MG,Beneventol,,3 CAPSULAS,BENEVENTOL,400 MG,CAPSULAS
FC-974EE5FD,440393,63,GIMALXINA 1 SUSP 250MG/5/75 ML,Gimalxina,,1 SUSPENSION,GIMALXINA,250MG/5/75,SUSPENSION
FC-0E0A9E42,440393,64,CLAMOXIN S 1 SUSP 600/42.9MG/50 ML,Clamoxin S,,1 SUSPENSION,CLAMOXIN S,600/42.9MG/50,SUSPENSION
FC-6519183A,440393,65,CLAMOXIN 1 SUSP 125/31.25MG/5/60 ML,Clamoxin,,1 SUSPENSION,CLAMOXIN,125/31.25MG/5/60,SUSPENSION
FC-DDFBABDF,440393,66,CLAMOXIN 12H PED 1 SUSP 200/28.5MG/40 ML,Clamoxin 12H Ped,,1 SUSPENSION,CLAMOXIN 12H PED,200/28.5MG/40,SUSPENSION
FC-C9F4ACCC,440393,67,ACEMETACINA 14 CAPS 90 MG,Acemetacina,,14 CAPSULAS,ACEMETACINA,90 MG,CAPSULAS
FC-17376CAE,440393,68,ASPITAK-P 30 COMP 100 MG,Aspitak-P,,30 COMPRIMIDOS,ASPITAK-P,100 MG,COMPRIMIDOS
FC-369D1689,440393,69,BENEVENTOL 6 CAPS 400 MG,Beneventol,,6 CAPSULAS,BENEVENTOL,400 MG,CAPSULAS
FC-B69FCBF4,440393,70,LESACLOR (MACLOV) 35 TAB 400 MG,Lesaclor (Maclov),,35 TABLETAS,LESACLOR (MACLOV),400 MG,TABLETAS
FC-F4E9C71F,440393,71,AMOXICILINA 1 SUSP 500MG/5/75 ML,Amoxicilina,,1 SUSPENSION,AMOXICILINA,500MG/5/75,SUSPENSION
FC-428A228F,440393,72,GIMALXINA 12 CAPS 500 MG,Gimalxina,,12 CAPSULAS,GIMALXINA,500 MG,CAPSULAS
FC-FD845E68,440393,73,ACICLOVIR 35 TAB 400 MG,Aciclovir,,35 TABLETAS,ACICLOVIR,400 MG,TABLETAS
FC-B2123139,440393,74,OXIVAG 4 TAB 70 MG,Oxivag,,4 TABLETAS,OXIVAG,70 MG,TABLETAS
FC-11294615,440393,75,AMIKACINA 2 AMP 500MG/2 ML,Amikacina,,2 AMPOLLETA,AMIKACINA,500MG/2,AMPOLLETA
FC-1FEA2FB7,440393,76,AMIKACINA 1 AMP 500MG/2 ML,Amikacina,,1 AMPOLLETA,AMIKACINA,500MG/2,AMPOLLETA
FC-AA905BF7,440393,77,PERLUDIL 1 FA 150/10 MG,Perludil,Perludil,1 FRASCO AMPULA,,150/10 MG,FRASCO AMPULA
FC-AE5EEDF7,440393,78,BACTIVER 20 TAB 400/80 MG,Bactiver,,20 TABLETAS,BACTIVER,400/80 MG,TABLETAS
FC-F8691496,440393,79,BACTIVER F 16 TAB 160/800 MG,Bactiver F,,16 TABLETAS,BACTIVER F,160/800 MG,TABLETAS
FC-6074BB64,440393,80,REDALIP 30 TAB 200 MG,Redalip,,30 TABLETAS,REDALIP,200 MG,TABLETAS
FC-E826D304,440393,81,LINCOMICINA 600MG/2ML 6 AMPOLLETAS,Lincomicina 600Mg/ 6 Ampolletas,,2 ML,,,
FC-4F737E93,440393,82,CLOXAN 1 SOL 300MG/120ML,Cloxan 1,Cloxan,SOL,,300MG/120ML,SOL
FC-DB3B2584,440393,83,CELESBITAN 1 FA C/BER 6MG/2 ML,Celesbitan,,1 FRASCO AMPULA,CELESBITAN,C/BER 6MG/2,FRASCO AMPULA
FC-22B18244,440393,84,CEFOTAXIMA I.M. 1 FA 1G/4 ML,Cefotaxima I.M,,1 FRASCO AMPULA,CEFOTAXIMA I.M,1G/4,FRASCO AMPULA
FC-4A0245DA,440393,85,AMLODIPINO 100 TAB 5 MG,Amlodipino,,100 TABLETAS,AMLODIPINO,5 MG,TABLETAS
FC-29670370,440393,86,DEGORTZIN 1 SOL 100 MG/50 ML,Degortzin 1,Degortzin,SOL,,100 MG/50,SOL
FC-69A3C416,440393,87,WEXPEC 1 SOL 7.5/2MG/5/120 ML,Wexpec 1,Wexpec,SOL,,7.5/2MG/5/120,SOL
FC-F817BC3A,440393,88,SIBICOS 1 CMA 1/100/20 G,Sibicos 1 Cma 1/100/,,20 G,,,
FC-447B30F9,440393,89,BUDESONIDA 5 AMP 0.250MG/2ML,Budesonida,,5 AMPOLLETA,BUDESONIDA,0.250MG/2ML,AMPOLLETA
FC-1CF27DC9,440393,90,DISON DEX 1 FA 5/2 MG,Dison Dex,,1 FRASCO AMPULA,DISON DEX,5/2 MG,FRASCO AMPULA
FC-3CAA7C5C,440393,91,CINARIZINA 60 TAB 75 MG,Cinarizina,,60 TABLETAS,CINARIZINA,75 MG,TABLETAS
FC-E6B50AC3,440393,92,CELECOXIB 10 CAPS 200MG,Celecoxib,,10 CAPSULAS,CELECOXIB,200MG,CAPSULAS
FC-6B2ADEE9,440393,93,PRCTAISOL 1 SUSP/AER 200 DOSIS 12.80 G,Prctaisol 1 Susp/Aer 200 Dosis,,12.80 G,,,
FC-DB4A39AE,440393,94,CALCIO EFE 12 COMP 500 MG,Calcio Efe,,12 COMPRIMIDOS,CALCIO EFE,500 MG,COMPRIMIDOS
FC-FA3D96E6,440393,95,BECATRIM N CALCITRIOL 30 CAPS 0.25 MCG,Becatrim N Calcitriol,,30 CAPSULAS,BECATRIM N CALCITRIOL,0.25 MCG,CAPSULAS
FC-63975795,440393,96,GENTAMICINA 25 COMP 1 MG,Gentamicina,,25 COMPRIMIDOS,GENTAMICINA,1 MG,COMPRIMIDOS
FC-C6C20517,440393,97,BUDIMIN 20 TAB 1 MG,Budimin,,20 TABLETAS,BUDIMIN,1 MG,TABLETAS
FC-58DB24C4,440393,98,BITENVER 30 TAB 24 MG,Bitenver,,30 TABLETAS,BITENVER,24 MG,TABLETAS
FC-1FFBB505,440393,99,SUPRATEX DAC 1 SOL 300/600 MG 120 ML,Supratex Dac 1,Supratex,SOL,,300/600 MG 120,SOL
FC-A909ABC0,440393,100,ODIVITOR 10 TAB 20 MG,Odivitor,,10 TABLETAS,ODIVITOR,20 MG,TABLETAS
FC-82F88FED,440393,101,CAPTOPRIL 30 TAB 25 MG,Captopril,,30 TABLETAS,CAPTOPRIL,25 MG,TABLETAS
FC-6C2878CF,440393,102,BUDENOVA SUSP 125 MG/ML 5 AMP 2ML,Budenova Susp 125 Mg/,,5 AMPOLLETA,BUDENOVA SUSP 125 MG/,2ML,AMPOLLETA
FC-3B001F9B,440393,103,AMLODIPINO 30 TAB 5 MG,Amlodipino,,30 TABLETAS,AMLODIPINO,5 MG,TABLETAS
FC-B25094C4,440393,104,LESACLOR 1 SUSP 200MG/5/125 ML,Lesaclor,,1 SUSPENSION,LESACLOR,200MG/5/125,SUSPENSION
FC-26EA40A4,440393,105,RAMCINET 10 TAB 10 MG,Ramcinet,,10 TABLETAS,RAMCINET,10 MG,TABLETAS
FC-885F2723,440393,106,CARBAMAZEPINA 20 TAB 200 MG,Carbamazepina,,20 TABLETAS,CARBAMAZEPINA,200 MG,TABLETAS
FC-DF8ADDAB,440393,107,ERISPAN 1 FA 4MG/3 ML,Erispan,,1 FRASCO AMPULA,ERISPAN,4MG/3,FRASCO AMPULA
FC-50AC2C82,440393,108,ERISPAN 1 FA 8MG/2 ML,Erispan,,1 FRASCO AMPULA,ERISPAN,8MG/2,FRASCO AMPULA
FC-281E0F22,440393,109,BUDESONIDA 1 SUSP NEB AMP 0.500MG,Budesonida,,1 SUSPENSION,BUDESONIDA,NEB AMP 0.500MG,SUSPENSION
FC-9F67BB73,440393,110,AMIFARIN 1 SUSP 250MG 60 ML,Amifarin,Amifarin,1 SUSPENSION,,250MG 60,SUSPENSION
FC-4FD413D2,440393,111,HASPEN 3 AMP 20 MG/1 ML,Haspen,,3 AMPOLLETA,HASPEN,20 MG/1,AMPOLLETA
FC-0BDE9283,440393,112,CLOPHIVEN 200 DOSIS 50 MCG/15 G,Clophiven 200 Dosis 50 Mcg/,,15 G,,,
FC-97BEFA1A,440393,113,AMLODIPINO 100 TAB 5 MG,Amlodipino,,100 TABLETAS,AMLODIPINO,5 MG,TABLETAS
FC-DEAF33B0,440393,114,BACTIVER 1 SUSP 40/200/5/120 ML,Bactiver,,1 SUSPENSION,BACTIVER,40/200/5/120,SUSPENSION
FC-77FE5C83,440393,115,SONBLEFAM S 1 CMA 100 G/40 G,Sonblefam S 1 Cma /40 G,,100 G,,,
FC-C636D8EA,440393,116,CEFTRIAXONA I.M. 1 FA 1G/3.5 ML,Ceftriaxona I.M,,1 FRASCO AMPULA,CEFTRIAXONA I.M,1G/3.5,FRASCO AMPULA
FC-44B6751A,440393,117,LAUR AQUITO 500/100/30/4 MG 3 AMP,Laur Aquito 500/100/30/4 Mg,,3 AMPOLLETA,LAUR AQUITO 500/100/30/4 MG,,AMPOLLETA
FC-9B93AC4C,440393,118,BENEVENTOL 1 SUSP 100MG/5ML/50 ML,Beneventol,,1 SUSPENSION,BENEVENTOL,100MG/5ML/50,SUSPENSION
FC-2001A890,440393,119,AMPIGRIN AD 3 AMP 500/500/100/30MG/3 ML,Ampigrin Ad,,3 AMPOLLETA,AMPIGRIN AD,500/500/100/30MG/3,AMPOLLETA
FC-DE106642,440393,120,AMPIGRIN INF 3 AMP 250/200/100/30MG/3 ML,Ampigrin Inf,,3 AMPOLLETA,AMPIGRIN INF,250/200/100/30MG/3,AMPOLLETA
FC-BE76D409,440393,121,AMCEF I.M. 1 FA 1G/3.5 ML,Amcef I.M,,1 FRASCO AMPULA,AMCEF I.M,1G/3.5,FRASCO AMPULA
FC-07F04F88,440393,122,AMCEF I.M. 1 FA 500MG/2 ML,Amcef I.M,,1 FRASCO AMPULA,AMCEF I.M,500MG/2,FRASCO AMPULA
FC-357D4A17,440393,123,CEFTAZIDIMA 1 FA 1G/3 ML,Ceftazidima,,1 FRASCO AMPULA,CEFTAZIDIMA,1G/3,FRASCO AMPULA
FC-5D9DFA3D,440393,124,NORQUINOL 20 TAB 400 MG,Norquinol,,20 TABLETAS,NORQUINOL,400 MG,TABLETAS
FC-E9C38DC4,440393,125,CIPROFLOXACINO G.I. 14 TAB 500 MG,Ciprofloxacino G.I,,14 TABLETAS,CIPROFLOXACINO G.I,500 MG,TABLETAS
FC-347A49C7,440393,126,AMIKACINA 1 AMP 100 MG/2 ML,Amikacina,,1 AMPOLLETA,AMIKACINA,100 MG/2,AMPOLLETA
FC-E4BE37BE,440393,127,ATORVASTATINA 10 TAB 40 MG,Atorvastatina,,10 TABLETAS,ATORVASTATINA,40 MG,TABLETAS
FC-1751468C,440393,128,FLOSPET 8 TAB 400 MG,Flospet,,8 TABLETAS,FLOSPET,400 MG,TABLETAS
FC-6898B64F,440393,129,BIOERTER 1 SUSP 250 MG/100 ML,Bioerter,,1 SUSPENSION,BIOERTER,250 MG/100,SUSPENSION
FC-CD261CD5,440393,130,DOLIPROFEN 10 TAB 800 MG,Doliprofen,,10 TABLETAS,DOLIPROFEN,800 MG,TABLETAS
FC-5C8C9C11,440393,131,GELUBRIN 10 CAPS 600 MG,Gelubrin,,10 CAPSULAS,GELUBRIN,600 MG,CAPSULAS
FC-A23F290E,440393,132,ZITRIASOL 15 CAP 100 MG,Zitriasol,,15 CAPSULAS,ZITRIASOL,100 MG,CAPSULAS
FC-5885E577,440393,133,PABESORAG 28 TAB 150/12.5 MG,Pabesorag,,28 TABLETAS,PABESORAG,150/12.5 MG,TABLETAS
FC-3D0F54B7,440393,134,IBUPRO-CAFE 10 CAPS 400 MG/100 MG,Ibupro-Cafe,,10 CAPSULAS,IBUPRO-CAFE,400 MG/100 MG,CAPSULAS
FC-F7A2CACF,440393,135,INDARZONA 30 CAPS 25/0.5 MG,Indarzona,,30 CAPSULAS,INDARZONA,25/0.5 MG,CAPSULAS
FC-50D044FF,440393,136,WERMY 15 CAPS 300 MG,Wermy,,15 CAPSULAS,WERMY,300 MG,CAPSULAS
FC-E535DE28,440393,137,DIURMESSEL 20 TAB 40 MG,Diurmessel,,20 TABLETAS,DIURMESSEL,40 MG,TABLETAS
FC-1321B34F,440393,138,HIDROXON 30 TAB 10 MG,Hidroxon,,30 TABLETAS,HIDROXON,10 MG,TABLETAS
FC-1AE9D7E6,440393,139,COLLUCORT 1 CMA 1% 60 G,Collucort 1 Cma 1%,,60 G,,,
FC-3E863E37,440393,140,TRATIDRI 1 GEL 500/50 MG 60 G,Tratidri,,1 GEL,TRATIDRI,500/50 MG 60 G,GEL
FC-9ABFB996,440393,141,ELAPHTERON 20 TAB 100 MG,Elaphteron,,20 TABLETAS,ELAPHTERON,100 MG,TABLETAS
FC-9A37D44A,440393,142,AMDORYL 14 CAPS 30 MG,Amdoryl,,14 CAPSULAS,AMDORYL,30 MG,CAPSULAS
FC-1BF03D35,440393,143,ACETONIDO DE FLUOCINOLONA CMA,Tonido De Fluocinolona Cma,Ace,,,,
FC-5BC5F234,440393,144,FLUCONAZOL 1 CAPS 150 MG,Fluconazol,,1 CAPSULAS,FLUCONAZOL,150 MG,CAPSULAS
FC-A2B284E0,440393,145,HIALURONATO DE SODIO 4MG 10 ML,Hialuronato De Sodio 4Mg 10,,,,,
FC-2E79C2D8,440393,146,HIERRO DEX 3 AMP 100 MG/2 ML,Hierro Dex,,3 AMPOLLETA,HIERRO DEX,100 MG/2,AMPOLLETA
FC-28A424E5,440393,147,DIZIVER 20 TAB 25 MG,Diziver,,20 TABLETAS,DIZIVER,25 MG,TABLETAS
FC-52D2A43A,440393,148,ZUKEDIB 30 TAB 2 MG,Zukedib,,30 TABLETAS,ZUKEDIB,2 MG,TABLETAS
FC-3D0ED22B,440393,149,ZUKEDIB 30 TAB 4 MG,Zukedib,,30 TABLETAS,ZUKEDIB,4 MG,TABLETAS
FC-04D83B46,440393,150,PRALEX 28 TAB 10 MG,Pralex,,28 TABLETAS,PRALEX,10 MG,TABLETAS
FC-D11D586A,440393,151,VALGAB 3 IBE 50MG/6ML,Valgab 3 Ibe 50Mg/,,6 ML,,,
FC-53506FA4,440393,152,ENALAPRIL 30 TAB 10 MG,Enalapril,,30 TABLETAS,ENALAPRIL,10 MG,TABLETAS
FC-F7DB080D,440393,153,OVISEN 28 TAB 20 MG,Ovisen,Ovisen,28 TABLETAS,,20 MG,TABLETAS
FC-FD92D114,440393,154,OVISEN 14 TAB 20 MG,Ovisen,Ovisen,14 TABLETAS,,20 MG,TABLETAS
FC-57925EF3,440393,155,REGLUSAN 50 TAB 5 MG,Reglusan,,50 TABLETAS,REGLUSAN,5 MG,TABLETAS
FC-AA7B0686,440393,156,DROSQUIM AD 1 IBE 300/160/200 ML,Drosquim Ad 1 Ibe 300/160/200,,,,,
FC-B3B8F9BB,440393,157,DESROTAN 10 TAB 180 MG,Desrotan,,10 TABLETAS,DESROTAN,180 MG,TABLETAS
FC-EADF1484,440393,158,DIOSMINA HESPERIDINA 20 TAB 450/50 MG,Diosmina Hesperidina,,20 TABLETAS,DIOSMINA HESPERIDINA,450/50 MG,TABLETAS
FC-262F2A30,440393,159,IRBESARTAN 14 TAB 150 MG,Irbesartan,,14 TABLETAS,IRBESARTAN,150 MG,TABLETAS
FC-1DAD5EF1,440393,160,TUSILEN AD 1 IBE 240/30/50MG/100/118 ML,Tusilen Ad 1 Ibe 240/30/50Mg/100/118,,,,,
FC-BDB2E087,440393,161,IRBESARTAN 14 TAB 300 MG,Irbesartan,,14 TABLETAS,IRBESARTAN,300 MG,TABLETAS
FC-759A5EF9,440393,162,WERMY 30 CAPS 300 MG,Wermy,,30 CAPSULAS,WERMY,300 MG,CAPSULAS
FC-52844825,77827,1,Desod Obao R-Nat Coco R-On 65G,R-Nat Coco R-On,Obao,65 G,,,
FC-52933307,77827,2,Desod Obao Game 48Hr R-On 65G N,Game 48Hr R-On N,Obao,65 G,,,
FC-27250612,77827,3,Desod Obad P/Del R-On 65G,P/Del R-On,Obad,65 G,,,
FC-27286017,77827,4,Desod Obao Clas R-On 65G,Clas R-On,Obao,65 G,,,
FC-52876406,77827,5,Desod Obao Men Tatto Aqua R-On 65G,Men Tatto Aqua R-On,Obao,65 G,,,
FC-30622622,77827,6,Desod Axe Men Young Spy 150Ml,Men Young Spy,Axe,150 ML,,,
FC-06213906,77827,7,Desod Axe Icechi E-Frio Spy 150Ml,Icechi E-Frio Spy,Axe,150 ML,,,
FC-93037806,77827,8,Desod Rexona Men Marine Spy 150Ml,Men Marine Spy,Rexona,150 ML,,,
FC-55280956,77827,9,Desod Obao Men Tato Rebel R-On65,Men Tato Rebel R-On65,Obao,,,,
FC-93025919,77827,10,Desod Axe Excite Seco Spy 152Ml,Excite Seco Spy,Axe,152 ML,,,
FC-93022567,77827,11,Desod Rexona Men V8 Tun Spy 90G,Men V8 Tun Spy,Rexona,90 G,,,
FC-06244795,77827,12,Desod Axe Intense 48H Spy 150Ml,Intense 48H Spy,Axe,150 ML,,,
FC-75076009,77827,13,Desod Rexona 48H Happy-M Stick 45G,48H Happy-M Stick,Rexona,45 G,,,
FC-93025797,77827,14,Desod Axe Men Dark Temp Spy150Ml,Men Dark Temp Spy150Ml,Axe,,,,
FC-93038223,77827,15,Desod Rexona Men Sport Spy 150Ml,Men Sport Spy,Rexona,150 ML,,,
FC-75062897,77827,16,Desod Rexona Bamboo 48H Stick 45G,Bamboo 48H Stick,Rexona,45 G,,,
FC-06245686,77827,17,Desod Axe Men Epic-F 48H Spy 150Ml,Men Epic-F 48H Spy,Axe,150 ML,,,
FC-93025865,77827,18,Desod Axe Men Gold Temp,Men Gold Temp,Axe,,,,
FC-22105207,77827,19,Jbn Grisi Neutro 150 G,Grisi Neutro,,150 G,,,
FC-38891190,77827,20,Jbn Dove Barra Blanca,Barra Blanca,Dove,,,,
FC-75062927,77827,21,Desod Rexona Pom-Dry48H Stick45G,Pom-Dry48H Stick45G,Rexona,,,,
FC-40036965,77827,22,Jbn Asepxia Bicarbon Sod 100G,Asepxia Bica on Sod,Rb,100 G,,,
FC-40004643,77827,23,Jbn Asexia Exfol 100G,Asexia Exfol,,100 G,,,
FC-22150801,77827,24,Jbn Grisi Avena 125G,Grisi Avena,,125 G,,,
FC-25605514,77827,25,Jbn Escudo Antibact 110Gr,Escudo Antibact,,110 G,,,
FC-06230507,77827,28,Jbn Dove Barra Karite Vainill 135G,Barra Karite Vainill,Dove,135 G,,,
FC-22150092,77827,29,Jbn Grisi Leche De Burra 125G,Grisi Leche De Burra,,125 G,,,
FC-22111352,77827,30,Jbn Grisi Corp Diabecare 125 G,Grisi Corp Diabecare,,125 G,,,
FC-75069223,77827,31,Desod Rex Mot-Sen Sport Stick,Rex Mot-Sen Sport Stick,,,,,
FC-46059556,77827,32,Jbn Liq Palmol N-Bal Dermol 221Mln,Liq N-Bal Dermol 221Mln,Palmol,,,,
FC-67905186,77827,33,Jbn Liq Blumen Coconut Para 221Ml,Liq Blumen Coconut Para,,221 ML,,,
FC-46683133,77827,34,Jbn Palmol N-Bal Dermo Limp 120G,N-Bal Dermo Limp,Palmol,120 G,,,
FC-06241206,77827,35,Desod Dove Dermac Sk-C 48H Spy150Ml,Dermac Sk-C 48H Spy150Ml,Dove,,,,
FC-43489004,77827,36,Jbn Escudo Rosa Prot Y Cuid 110G,Escudo Rosa Prot Y Cuid,,110 G,,,
FC-42326414,77827,37,Agua Mic Garnier De Rosas 400 Ml,Agua Mic De Rosas 400,Garnier,,,,
FC-76000284,77827,38,Agua Mic Vitacilina Ros-Sab 500Mln,Agua Mic Ros-Sab 500Mln,Vitacilina,,,,
FC-82790504,77827,39,Desmaq Bifasico Oil Nuvel 125Ml,Desmaq Bifasico Oil Nuvel,,125 ML,,,
FC-45722547,77827,40,Agua Mice Natural-G Bifasic 120Ml,Agua Mice Natural-G Bifasic,,120 ML,,,
FC-67905131,77827,41,Jbn Liq Blumen Cherry Bloss 221Ml,Liq Blumen Cherry Bloss,,221 ML,,,
FC-21012303,77827,42,Tas Hum Claris Desmaq Aloe C/40,Tas Hum Claris Desmaq Aloe,,C/40,,,
FC-25652716,77827,44,Jbn Escudo Azul Rey 135G,Escudo Azul Rey,,135 G,,,
FC-06248052,77827,45,Deo Aero Dove Tono Uniforme 150Ml 3Pack,Deo Aero Tono Uniforme 150Ml,Dove,3 PACK,,,
FC-06248045,77827,46,Deo Dove Spy Invisible Dry 150Ml C3,Deo Spy Invisible Dry C3,Dove,150 ML,,,
FC-35911208,77827,47,Jbn Liq Palmol Aquarium 221Ml,Liq Aquarium,Palmol,221 ML,,,
FC-08837311,77827,48,Desod Nivea Pearlb Mspy150Ml,Pearlb Mspy150Ml,Nivea,,,,
FC-06209862,77827,49,Deo Axe Spy 150Ml 48H Anarchy Fresh Love Fo,Deo Spy 48H Anarchy Fresh Love Fo,Axe,150 ML,,,
FC-43489165,77827,50,Jbn Liq Escudo Blanco Neut 225Ml,Liq Escudo Blanco Neut,,225 ML,,,
FC-84900280,77827,51,Jaloma Agua De Rosas 130Ml Spray,Jaloma Agua De Rosas Spray,,130 ML,,,
FC-06226852,77827,52,Desod Axe Wom Anarchy Spy 150Ml,Wom Anarchy Spy,Axe,150 ML,,,
FC-46657035,77827,53,Jbn Lio Palmol Flor Czo-Rsa 221Ml,Lio Flor Czo-Rsa,Palmol,221 ML,,,
FC-56330378,77827,54,Loc Limp Ponds Bio-Hydra Dual 200Ml,Loc Limp Bio-Hydra Dual,Ponds,200 ML,,,
FC-76040436,77827,55,Deo Mexsana P/Pies Spy 150Ml,Deo Mexsana P/Pies Spy,,150 ML,,,
FC-61123009,77827,57,Odolex Naturals 300Gr Talco Desodorante,Odolex Naturals Talco Desodorante,,300 G,,,
FC-20500201,77827,59,Sh Pert Plus Ac-Oliva 400Ml,Pert Plus Ac-Oliva,,400 ML,,,
FC-72300171,77827,60,Ting Polvo 85G,Ting Polvo,,85 G,,,
FC-06217461,77827,61,Ico Desod Rexona Effi Fresh 200G,Ico Desod Effi Fresh,Rexona,200 G,,,
FC-82740011,77827,62,Quita Esm Nuvel Humec 125Ml,Quita Esm Nuvel Humec,,125 ML,,,
FC-52910971,77827,63,Cra Fructis Pei B-Dano Quim 300Ml,Fructis Pei B-Dano Quim,,300 ML,,,
FC-52816297,77827,64,Cra Fructis Pei Oil-R L-Coco 300Ml,Fructis Pei Oil-R L-Coco,,300 ML,,,
FC-40025839,77827,66,Sh Int Lomecan V 200Ml,Int Lomecan V,,200 ML,,,
FC-40030338,77827,68,Sh Int Lomecan V Aclar 200Ml,Int Lomecan V Aclar,,200 ML,,,
FC-45720550,77827,69,Silkhair Quita Esmalte Mora Azul 100Ml,Silkhair Quita Esmalte Mora Azul,,100 ML,,,
FC-92511261,77827,70,Cra Nutribela1O Bio Colageno 300Gn,Nutribela1O Bio Colageno 300Gn,,,,,
FC-92509213,77827,71,Cra Nutribela Nutrice Tarro 300G,Nutribela Nutrice Tarro,,300 G,,,
FC-06257597,77827,73,Rexona 1O0Gr Tco Pies Efficient Orig,1O0Gr Tco Pies Efficient Orig,Rexona,,,,
FC-46073156,77827,74,Sh Caprice Nat Mzna 380 Ml,Caprice Nat Mzna 380,,,,,
FC-20500171,77827,75,Cra Pert Oliv+Ac Agu P/Pein 100 Ml,Pert Oliv+Ac Agu P/Pein 100,,,,,
FC-35155922,77827,76,Ac Pantene Bambu 400Ml,Bambu,Pantene,400 ML,,,
FC-56340131,77827,79,Cra Sedal Rizos Obedie 300Ml,Sedal Rizos Obedie,,300 ML,,,
FC-01165321,77827,80,Acond Pant Rizos Definid 400Ml,Acond Pant Rizos Definid,,400 ML,,,
FC-06249783,77827,81,Sh Sedal Rizos Def Inf-Act 180Ml,Sedal Rizos Def Inf-Act,,180 ML,,,
FC-56360429,77827,82,Tco Desod Eficc Pies 200 G,Tco Desod Eficc Pies,,200 G,,,
FC-56340025,77827,83,Cra Sedal Sos Recon-Estru 300Ml,Sedal Sos Recon-Estru,,300 ML,,,
FC-56342227,77827,84,Cra Sedal Rizos Obedientes 135Ml,Sedal Rizos Obedientes,,135 ML,,,
FC-06249776,77827,85,Sh Sedal Ceramidas Inf-Act 180Ml,Sedal Ceramidas Inf-Act,,180 ML,,,
FC-01303454,77827,86,Sh Pant Ctrcaida A/Pv 400Ml,Pant Ctrcaida A/Pv,,400 ML,,,
FC-07457796,77827,87,Sh Pant Brillo Extremo,Pant Brillo Extremo,,,,,
FC-35155847,77827,89,Sh Pant Bambu Ctrl Caida 400 Ml,Pant Bambu Ctrl Caida 400,,,,,
FC-06249240,77827,90,Sh Savile Ker-Sab Fza Repar 700Ml,Savile Ker-Sab Fza Repar,,700 ML,,,
FC-06249226,77827,91,Sh Savile Bio-Sab Creci Res 700Ml,Savile Bio-Sab Creci Res,,700 ML,,,
FC-06234062,77827,93,Cra Sedal Anti Nudos 300 Ml,Sedal Anti Nudos 300,,,,,
FC-56342258,77827,94,Cra Sedal Recons Estructur 135Ml,Sedal Recons Estructur,,135 ML,,,
FC-61111501,77827,95,Tco Desdo Odolex 150 G,Tco Desdo Odolex,,150 G,,,
FC-61124013,77827,96,Tco Odolex Fresh 150G,Tco Odolex Fresh,,150 G,,,
FC-56340124,77827,97,Cra Sedal Sos Ceramida 300Ml,Sedal Sos Ceramida,,300 ML,,,
FC-35020008,77827,98,Sh Hbs Limp Renoy 375Ml,Hbs Limp Renoy,,375 ML,,,
FC-35169035,77827,99,Mousse Herbal Ess Rizo 200G,Mousse He al Ess Rizo,Rb,200 G,,,
FC-35168991,77827,100,Sh Hash Anti Comezon 375Ml,Hash Anti Comezon,,375 ML,,,
FC-35231237,77827,101,Sh Hash Anti Comezon 375Ml,Hash Anti Comezon,,375 ML,,,
FC-92504539,77827,102,Cera Mod Ego Met 25 G,Cera Mod Ego Met,,25 G,,,
FC-38312374,77827,103,Cera Gel Moco De Gorila Citr 100G,Cera Gel Moco De Gorila Citr,,100 G,,,
FC-35231244,77827,104,Sh H&S Anti Comezon 180 Ml,Anti Comezon 180,H&S,,,,
FC-35020077,77827,105,Sh Hbs Alivio Instant,Hbs Alivio Instant,,,,,
FC-92503558,77827,106,Gel Ego Magnetic Fij-Alta 200 Ml,Gel Ego Magnetic Fij-Alta 200,,,,,
FC-99425580,77827,107,Gel X-Extreme Titan 250G,Gel X-Extreme Titan,,250 G,,,
FC-99428024,77827,108,Gel Moco De Gorila Punk 80 G,Gel Moco De Gorila Punk,,80 G,,,
FC-46073040,77827,109,Sh Caprice Sp Biotina Fza 200Ml,Caprice Sp Biotina Fza,,200 ML,,,
FC-46073033,77827,110,Sh Caprice Sp Acti Ceramida 200Ml,Caprice Sp Acti Ceramida,,200 ML,,,
FC-54073302,77827,111,Silica Shine Sily Oleo Argan 120Ml,Silica Shine Sily Oleo Argan,,120 ML,,,
FC-24511711,77827,112,Silica Shine Sily 3/1 Mora 120Ml,Silica Shine Sily 3/1 Mora,,120 ML,,,
FC-75001865,77827,114,Brill Palmol Lio 115M,Brill Lio 115M,Palmol,,,,
FC-46655055,77827,115,Mousse Caprice Volum-Cirl 200 G,Mousse Caprice Volum-Cirl,,200 G,,,
FC-06247468,77827,116,Gel Ego Fresh C-Cas Fij-Alt 200Ml,Gel Ego Fresh C-Cas Fij-Alt,,200 ML,,,
FC-92506601,77827,117,Gel Ego For Men Attraction 200 Ml,Gel Ego For Men Attraction 200,,,,,
FC-86494262,77827,118,Cep Dent Oral-B Indicat35Sve,Cep Dent Indicat35Sve,Oral-B,,,,
FC-92506045,77827,119,Cera Ego Firme Matte 25 G,Cera Ego Firme Matte,,25 G,,,
FC-84431050,77827,120,Acetona Jaloma 60 Ml,tona Jaloma 60,Ace,,,,
FC-45720567,77827,121,Silkhair Quita Esmalte Coco 100 Ml,Silkhair Quita Esmalte Coco 100,,,,,
FC-84437151,77827,122,Acetona Jaloma 120 Ml,tona Jaloma 120,Ace,,,,
FC-54500216,77827,128,Cra Nivea Sdatarr Giga 400Ml,Sdatarr Giga,Nivea,400 ML,,,
FC-75064938,77827,129,Desod Ego Force 24H R-On 45Ml Dic26,Ego Force 24H R-On Dic26,,45 ML,,,
FC-20501673,77827,130,Cra Hinds Liq Agave Azul 400Ml,Hinds Liq Agave Azul,,400 ML,,,
FC-08802838,77827,131,Cra Nivea B Sofmilk Sec400Ml,B Sofmilk Sec400Ml,Nivea,,,,
FC-36040450,77827,133,Cra Grisi Conchnac P/Manos 80 Ml,Grisi Conchnac P/Manos 80,,,,,
FC-56330309,77827,134,Cra Clarant B3 Nml/Gsa 100G,Clarant B3 Nml/Gsa,,100 G,,,
FC-42270027,77827,135,Cra Nivea Cuidada Clar-Nat 200Ml,Cuidada Clar-Nat,Nivea,200 ML,,,
FC-00942760,77827,136,Gel Niv Fac Ref Hidra Hyalu 200Ml,Gel Niv Fac Ref Hidra Hyalu,,200 ML,,,
FC-54558682,77827,137,Cra Corp Niveamilk 400Ml+Cra100Ml,Corp milk +Cra100Ml,Nivea,400 ML,,,
FC-40030963,77827,138,Cra Teatrical Cel-Ma Nutrit 400Ml,Teatrical Cel-Ma Nutrit,,400 ML,,,
FC-35469151,77827,140,Cra Lubriderm Uv Fps15 120Ml,Uv Fps15,Lubriderm,120 ML,,,
FC-36032776,77827,141,Sh Grisi Ricitos Oro Biopure 250Ml,Grisi Ricitos Oro Biopure,,250 ML,,,
FC-07502441,77827,142,Jbn Johnson'S Baby Antes/Dor 75 G,'S Baby Antes/Dor,Johnson,75 G,,,
FC-46655079,77827,143,Jbn Palmol N-Bal Corp Baby0% 90G,N-Bal Corp Baby0%,Palmol,90 G,,,
FC-36041402,77827,145,Cra Hinds Hidr-Extr Almendras 500Ml,Hinds Hidr-Extr Almendras,,500 ML,,,
FC-07528939,77827,146,Cra Lubriderm Thint Psec120Ml,Thint Psec120Ml,Lubriderm,,,,
FC-31244486,77827,147,Cra Lubriderm P/Normal 120Ml,P/Normal,Lubriderm,120 ML,,,
FC-46074504,77827,149,Sh Mennen Zero% Sve 400Ml,Mennen Zero% Sve,,400 ML,,,
FC-36033735,77827,150,Sh Ricitos Oro Agua De Coco 250Ml,Ricitos Oro Agua De Coco,,250 ML,,,
FC-46650708,77827,151,Sh Mennen Lavan-Extrac Aven 200Ml,Mennen Lavan-Extrac Aven,,200 ML,,,
FC-22133286,77827,152,Sh Grisi Rici Oro Miel 250Ml,Grisi Rici Oro Miel,,250 ML,,,
FC-09498091,77827,154,Sensodyne Protec Complet + Acc Lim Efec 90G,Sensodyne Protec Complet + Acc Lim Efec,,90 G,,,
FC-95129166,77827,155,Cep Dent Oral-B 3Dw Advant Med2X1,Cep Dent 3Dw Advant Med2X1,Oral-B,,,,
FC-42417644,77827,156,Cra Nivea Cuidado Int P/Mano 75Ml,Cuidado Int P/Mano,Nivea,75 ML,,,
FC-40013898,77827,158,Cra Teatrical Lanol/Ros 52Gr,Teatrical Lanol/Ros,,52 G,,,
FC-54549819,77827,159,Cra Corp Niv Soft M P/Seca 100Ml,Corp Niv Soft M P/Seca,,100 ML,,,
FC-17360604,77827,160,Tas San Kotex Ant Flujo Abundante S/A 10Pz,Tas San Ant Flujo Abundante S/A 10Pz,Kotex,,,,
FC-46072050,77827,161,Sh Mennen Miel-Mza Sve 200Ml,Mennen Miel-Mza Sve,,200 ML,,,
FC-22150221,77827,162,Jbn Ricitos D Oro Neutro 90 G,Ricitos D Oro Neutro,,90 G,,,
FC-20501765,77827,163,Cra Grisi Aloe Vera P/Manos 80 Mln,Grisi Aloe Vera P/Manos 80 Mln,,,,,
FC-56326142,77827,164,Cra S Ponds Humectante 100G,S Humectante,Ponds,100 G,,,
FC-31976394,77827,166,Enj Buc List Anticari-Al 250Ml,Enj Buc List Anticari-Al,,250 ML,,,
FC-43427754,77827,167,Tas Sanit Kotex Nat Flex Noct C/5,Tas Sanit Nat Flex Noct,Kotex,C/5,,,
FC-31887928,77827,169,Enj Buc List Care Zero Mta 250Ml,Enj Buc List Care Zero Mta,,250 ML,,,
FC-54503095,77827,170,Cra Nivea Sda Tarro 100 Ml,Sda Tarro 100,Nivea,,,,
FC-85800198,77827,171,Tas Hum Th Bebin Super C/80,Tas Hum Th Bebin Super,,C/80,,,
FC-10974329,77827,173,Enj Buc List Zero Mta Sve 250Ml,Enj Buc List Zero Mta Sve,,250 ML,,,
FC-00701992,77827,174,Nivea 75Ml Cra P/Manos 3En1 Ant-Arrugas,Cra P/Manos 3En1 Ant-Arrugas,Nivea,75 ML,,,
FC-46655727,77827,175,Jbn Mennen Baby Magic Lavan 90 G,Mennen Baby Magic Lavan,,90 G,,,
FC-35908130,77827,177,Tco Mennen Azul 200G,Tco Mennen Azul,,200 G,,,
FC-35908147,77827,179,Tco Mennen Rosa 200G,Tco Mennen Rosa,,200 G,,,
FC-19006371,77827,180,Tas Sanit Saba Inv Alas C/10,Tas Sanit Saba Inv Alas,,C/10,,,
FC-40171550,77827,183,C D Sensodyne Rapido Alivio 100G,C D Sensodyne Rapido Alivio,,100 G,,,
FC-68900264,112558,1,DIBAR ALCOHOL 125ML ROJO,Alcohol Rojo,Dibar,125 ML,,,
FC-68960257,112558,2,DIBAR ALCOHOL ILT ROJO,Alcohol Ilt Rojo,Dibar,,,,
FC-68900226,112558,3,ADIBAR ALCOHOL 250ML. ROJO,A Alcohol . Rojo,Dibar,250 ML,,,
FC-68990023,112558,4,DIBAR ALCOHOL 500ML. ROJO,Alcohol . Rojo,Dibar,500 ML,,,
FC-77620056,112558,5,AGUA DESTILADA LA FLOR 1 LT,Agua Destilada La Flor 1 Lt,,,,,
FC-00003920,112558,6,ARNICA MERCURIO,Arnica Mercurio,,,,,
FC-76000260,112558,7,CREMA AMARILLA VITACILINA ACLARADORA,Crema Amarilla Aclaradora,Vitacilina,,,,
FC-76000253,112558,8,CREMA ROJA VITACILINA ANTIARRUGAS 100GR,Crema Roja Antiarrugas,Vitacilina,100 G,,,
FC-16800803,112558,9,DIAPRO CONFORT MED C/10,Diapro Confort Med,,C/10,,,
FC-86901100,112558,10,DABAN ALCOHOL AZUL 125ML.,Daban Alcohol Azul,,125 ML,,,
FC-68901131,112558,11,ALCOHOL AZUL 1LT,Alcohol Azul 1Lt,,,,,
FC-68901117,112558,12,DIBAR ALCOHOL AZUL 250ML,Alcohol Azul,Dibar,250 ML,,,
FC-68901124,112558,13,ALCOHOL AZUL 500ML,Alcohol Azul,,500 ML,,,
FC-98223704,112558,14,BOLO EUROBION TAB C/20,Bolo Eurobion Tab,,C/20,,,
FC-33950100,112558,15,LIO 236ML CHTE,Lio Chte,,236 ML,,,
FC-33950063,112558,16,BASUYE LIQ 236ML FSA,Basuye Liq Fsa,,236 ML,,,
FC-33950070,112558,17,ENSURE LIQ 236ML VNLLA,Ensure Liq Vnlla,,236 ML,,,
FC-33956133,112558,18,LUCERNA LIQ 237ML,Lucerna Liq,,237 ML,,,
FC-33956140,112558,19,GLUCERNA SR LIQ 237ML FRESA,Glucerna Sr Liq Fresa,,237 ML,,,
FC-07521317,112558,20,GOTERO CRISTAL,Gotero Cristal,,,,,
FC-01157296,112558,21,NATURELLA FLUJO MOD C/ALAS C/8,Naturella Flujo Mod C/Alas,,C/8,,,
FC-01405335,112558,22,NATURELLA NOCHE CON ALAS C/8,Naturella Noche Con Alas,,C/8,,,
FC-33951008,112558,23,EDIASURE LIQ 236ML CHTE,Ediasure Liq Chte,,236 ML,,,
FC-33954245,112558,24,PEDIASURE LIQ 236ML FSA,Pediasure Liq Fsa,,236 ML,,,
FC-33950209,112558,25,PEDIASURE LIQ 236ML VNLLA,Pediasure Liq Vnlla,,236 ML,,,
FC-19006623,112558,26,SABA BUENAS NOCHES,Saba Buenas Noches,,,,,
FC-65054135,112558,27,TB 3 SURT,3 Surt,,,,,
FC-56323066,112558,28,FASELINE PURO 42G,Faseline Puro,,42 G,,,
FC-56323059,112558,29,VASELINE PURO 85G,Vaseline Puro,,85 G,,,
FC-01246730,112558,30,VAPORUB POM 12G C12 LATAS,Vaporub Pom C12 Latas,,12 G,,,
FC-02012475,112558,31,VICK NAPORUB UNG 100G,Vick Naporub Ung,,100 G,,,
FC-02012468,112558,32,VICK VAPORUB UNG 50G,Vick Vaporub Ung,,50 G,,,
FC-1FBF5206,IFC1-080826,1,POMADA REOMATOLUM DEL VIEJITO 60G,Reomatolum Del Viejito,,60 G,,,
FC-2E5B7248,IFC1-080826,2,POMADA REOMATOLUM DEL VIEJITO 60G VARFAM LAVA OJOS VIDRIO ABR56 81606,Reomatolum Del Viejito Varfam Lava Ojos Vidrio Abr56 81606,,60 G,,,
FC-62034164,IFC1-080826,4,MERCURIO ESPIRITUS UNTAR C/25 1770823,Mercurio Espiritus Untar 1770823,,C/25,,,
FC-3676D5DC,IFC1-080826,5,MERCURIO ESPIRITUS TOMAR C/25 1760823,Mercurio Espiritus Tomar 1760823,,C/25,,,
FC-5A697CC2,IFC1-080826,6,MERCURIO ACEITE OLIVO C/25 1000625 83825,Mercurio Ite Olivo 1000625 83825,Ace,C/25,,,
FC-39036C88,IFC1-080826,7,MERCURIO GLICERINA C/25 1230723 83125,Mercurio Glicerina 1230723 83125,,C/25,,,
FC-DFF99C3F,IFC1-080826,8,MERCURIO JARABE DE GRANADA. C/25 1750823,Mercurio Jarabe De Granada. 1750823,,C/25,,,
FC-931B4809,IFC1-080826,9,MERCURIO ACEITE COCO C/25 800523 83064,Mercurio Ite Coco 800523 83064,Ace,C/25,,,
FC-D4AC123B,IFC1-080826,10,MERCURIO ACEITE ALMENDRAS C/25 790523,Mercurio Ite Almendras 790523,Ace,C/25,,,
FC-38CAFE6B,IFC1-080826,11,MERCURIO ACEITE ROMERO C/25 1910923,Mercurio Ite Romero 1910923,Ace,C/25,,,
FC-926099D3,IFC1-080826,12,KOHN MERTIOLATE ROJO C/25 012023 82912,Kohn Mertiolate Rojo 012023 82912,,C/25,,,
FC-E69F2E63,IFC1-080826,13,MADRID ACEITE EUCALIPTO C/25 2712017 83401,Madrid Ite Eucalipto 2712017 83401,Ace,C/25,,,
FC-25E452B6,IFC1-080826,14,MERCURIO ARNICA UNTAR C/25 1790823 83156,Mercurio Arnica Untar 1790823 83156,,C/25,,,
FC-127F5753,IFC1-080826,15,MERCURIO ARNICA TOMAR C/25 1780823 83156,Mercurio Arnica Tomar 1780823 83156,,C/25,,,
FC-D3D28E20,IFC1-080826,16,MERCURIO YODO UNTAR C/25 1810623 83156,Mercurio Yodo Untar 1810623 83156,,C/25,,,
FC-69387811,IFC1-080826,17,MERCURIO ACEITE GOMENOLADO C/25 1160623,Mercurio Ite Gomenolado 1160623,Ace,C/25,,,
FC-A680F97E,IFC1-080826,18,MERCURIO YODO TOMAR C/25 1800823 83156,Mercurio Yodo Tomar 1800823 83156,,C/25,,,
FC-C4530823,IFC2-080826,1,MERCURIO OXIDO DE ZINC C/50 1620824 83521,Mercurio Oxido De Zinc 1620824 83521,,C/50,,,
FC-D037156B,IFC2-080826,2,MERCURIO BISMUTO SUBNITRATO C/50 1390724,Mercurio Bismuto Subnitrato 1390724,,C/50,,,
FC-B8D7C997,IFC2-080826,3,MERCURIO BICARBONATO SOBRES C/50,Mercurio Bica Onato Sobres,Rb,C/50,,,
FC-CB5C11ED,IFC2-080826,4,MERCURIO MAGNESIA ANISADA C/50 1560824,Mercurio Magnesia Anisada 1560824,,C/50,,,
FC-A871D831,IFC2-080826,5,/ 2.00 PIEZA EDIGAR PERILLA N 6 CAJA 1649 81608,/ 2.00 Pieza Edigar Perilla N 6 Caja 1649 81608,,,,,
FC-578F060C,IFC2-080826,6,MERCURIO BORAX POLVO C/50 140072483490,Mercurio Borax Polvo,,C/50,,,
FC-FBD776D2,IFC2-080826,7,MERCURIO PERLAS DE ETER C/50 1630824,Mercurio Perlas De Eter 1630824,,C/50,,,
FC-5EF90195,IFC2-080826,8,MERCURIO FLOR DE ARNICA C/50 1430724,Mercurio Flor De Arnica 1430724,,C/50,,,
FC-9A1C64E7,IFC2-080826,9,EDIGAR PERILLA N O CAJA,Edigar Perilla N O Caja,,,,,
FC-47AAF23B,IFC2-080826,10,MERCURIO SULFATIAZOL POLVO C/50 1710824,Mercurio Sulfatiazol Polvo 1710824,,C/50,,,
FC-FFC25DD1,IFC2-080826,11,EDIGAR PERILLA N 4 CAJA 1439 81608,Edigar Perilla N 4 Caja 1439 81608,,,,,
FC-614E4F82,IFC2-080826,12,EDGAR PERILLA N 3 C A 1334 81608,Edgar Perilla N 3 C A 1334 81608,,,,,
FC-C22EBFE6,IFC2-080826,13,EDIGAR PERILLA N 2 CAJA 1145 81608,Edigar Perilla N 2 Caja 1145 81608,,,,,
FC-BCF59548,IFC2-080826,14,EDIGAR PERILLA N 1 CAJA 1113 81608,Edigar Perilla N 1 Caja 1113 81608,,,,,
FC-9507CD66,IFC2-080826,15,MERCURIO HABA ALCANFORADA C/50 1510724,Mercurio Haba Alcanforada 1510724,,C/50,,,
FC-FEAECBF1,IFC2-080826,16,MERCURIO POMADA TEPEZCOHUITE C/25,Mercurio Pomada Tepezcohuite,,C/25,,,
FC-9827438F,IFC2-080826,17,MERCURIO POMADA VENENO DE ABEJA C/25,Mercurio Pomada Veneno De Abeja,,C/25,,,
FC-EFB599B5,IFC2-080826,18,MERCURIO POMADA PAN PUERCO C/25 25401233,Mercurio Pomada Pan Puerco,,C/25,,,
FC-08DB70CB,IFC2-080826,19,VELAZQUEZ BICARBONATO GRANDE 200G C/10,Velazquez Bica Onato Grande 200G,Rb,C/10,,,
FC-89F00320,IFC2-080826,20,MERCURIO POMADA ARNICA C/25 2550123,Mercurio Pomada Arnica 2550123,,C/25,,,
FC-FD718DF3,IFC2-080826,21,MERCURIO POMADA SULFATIAZOL C/25 2600223,Mercurio Pomada Sulfatiazol 2600223,,C/25,,,
FC-0ACC5B6A,IFC2-080826,22,MERCURIO POMADA OXIDO DE ZINC C/25,Mercurio Pomada Oxido De Zinc,,C/25,,,
FC-5D59ED54,IFC2-080826,23,MERCURIO CLORURO DE MAGNESIO C/10 CAJITA,Mercurio Cloruro De Magnesio Cajita,,C/10,,,
FC-E5BA49B2,FMX-080826,1,FC 01/03/2030,Fc 01/03/2030,,,,,
FC-895EA161,FMX-080826,2,FC 01/11/2030|,Fc 01/11/2030,,,,,
FC-66055303,FMX-080826,4,MEDITEST PRUEBA EMBARAZO C/1,Meditest Prueba Embarazo,,C/1,,,
FC-DF92D3CF,FMX-080826,5,FC 01/09/2028,Fc 01/09/2028,,,,,
FC-757DEC8A,FMX-080826,6,FC 01/04/2029,Fc 01/04/2029,,,,,
FC-108AB6B6,FMX-080826,7,FC 01/04/2028,Fc 01/04/2028,,,,,
FC-22ECC02C,FMX-080826,8,FC 01/05/2029,Fc 01/05/2029,,,,,
FC-23B68FA1,FMX-080826,9,FC 01/04/2028,Fc 01/04/2028,,,,,
FC-87621652,FMX-080826,10,FC 01/04/2028,Fc 01/04/2028,,,,,
FC-2E70DB7E,FMX-080826,11,FC 01/12/2028,Fc 01/12/2028,,,,,
FC-A166D66F,FMX-080826,12,FC 01/11/2028,Fc 01/11/2028,,,,,
FC-7B88B47E,FMX-080826,13,FC 01/04/2028,Fc 01/04/2028,,,,,
FC-F349C6DD,FMX-080826,14,FC 01/12/2027,Fc 01/12/2027,,,,,
FC-D751525D,FMX-080826,15,ANIMALIN GOTAS C/30 ML,Animalin Gotas,,C/30,,,
FC-4F05124E,FMX-080826,16,GELCAVIT-9M CAPSULAS C/30,Gelcavit-9M Capsulas,,C/30,,,
FC-85632ABD,FMX-080826,17,FC 01/01/2028,Fc 01/01/2028,,,,,
FC-0906E3E1,FMX-080826,18,FC 01/04/2028,Fc 01/04/2028,,,,,
FC-4C3B3B9C,FMX-080826,19,FC 01/09/2027,Fc 01/09/2027,,,,,
FC-1812D26D,FMX-080826,20,HUCIUS CAPSULAS C/30,Hucius Capsulas,,C/30,,,
FC-EC96A027,FMX-080826,21,FC 01/02/2028,Fc 01/02/2028,,,,,
FC-3B7A358D,FMX-080826,22,FC 01/04/2028,Fc 01/04/2028,,,,,
FC-16C9352F,FMX-080826,23,FC 01/04/2028,Fc 01/04/2028,,,,,
FC-70F50FD7,FMX-080826,24,FC 01/03/2029,Fc 01/03/2029,,,,,
FC-D33D7A48,FMX-080826,25,FC 01/03/2028,Fc 01/03/2028,,,,,
FC-00E8A9C7,FMX-080826,26,FOTOSUN-UV100 CREMA C/125 ML S0-FP$,Fotosun-Uv100 Crema S0-Fp$,,C/125,,,
FC-D4342B8E,FMX-080826,27,FC 01/01/2028,Fc 01/01/2028,,,,,
FC-CF0AF2F6,FMX-080826,28,FC 01/02/2028,Fc 01/02/2028,,,,,
FC-5CA1622C,FMX-080826,29,FC 01/05/2028,Fc 01/05/2028,,,,,
FC-D0A49FC8,FMX-080826,30,FC 01/04/2027,Fc 01/04/2027,,,,,
FC-EB5DCEBE,FMX-080826,31,FC 01/02/2029,Fc 01/02/2029,,,,,
FC-DA34D88D,FMX-080826,32,ERBITRAX TABLETAS 250 MG C/7,E Itrax Tabletas 250 Mg,Rb,C/7,,,
FC-BE2ACF63,FMX-080826,33,VALNAIT CAPSULAS C/30,Valnait Capsulas,,C/30,,,
FC-D259E551,FMX-080826,34,FC 01/03/2027,Fc 01/03/2027,,,,,
FC-2782A4D6,FMX-080826,35,FC 01/12/2027,Fc 01/12/2027,,,,,
FC-E3CFD0A7,FMX-080826,36,FC 01/02/2028,Fc 01/02/2028,,,,,
FC-39E059E2,FMX-080826,37,FC 01/04/2028,Fc 01/04/2028,,,,,
FC-DF39BB27,FMX-080826,38,ALEVARIN CAPSULAS C/45,Alevarin Capsulas,,C/45,,,
FC-79C61297,FMX-080826,39,FC 01/09/2027,Fc 01/09/2027,,,,,
FC-EC93AE62,FMX-080826,40,FC 01/06/2028,Fc 01/06/2028,,,,,
FC-223B5D76,FMX-080826,41,FC 01/05/2028,Fc 01/05/2028,,,,,
FC-86606791,FMX-080826,42,FC 01/09/2027,Fc 01/09/2027,,,,,
FC-2E7C6CD6,FMX-080826,44,FC 01/03/2028,Fc 01/03/2028,,,,,
FC-D3FB53E9,FMX-080826,45,FC 01/03/2028,Fc 01/03/2028,,,,,
FC-E3C83D59,FMX-080826,46,FC 01/06/2028,Fc 01/06/2028,,,,,
FC-99F357DC,FMX-080826,47,FC 01/05/2028,Fc 01/05/2028,,,,,
FC-23CE9602,FMX-080826,48,FC 01/06/2028,Fc 01/06/2028,,,,,
FC-CAABC42B,FMX-080826,49,FC 01/01/2028,Fc 01/01/2028,,,,,
FC-E94C79BA,FMX-080826,50,FC 01/06/2028,Fc 01/06/2028,,,,,
FC-D75138BB,FMX-080826,51,FC 01/10/2028,Fc 01/10/2028,,,,,
FC-6E084251,FMX-080826,52,FC 01/11/2027,Fc 01/11/2027,,,,,
FC-30F56906,FMX-080826,53,FC 01/11/2028,Fc 01/11/2028,,,,,
FC-046D8251,FMX-080826,54,FC 01/05/2028,Fc 01/05/2028,,,,,
FC-D69881BF,FMX-080826,55,FC 01/03/2028,Fc 01/03/2028,,,,,
FC-C3B611F3,FMX-080826,56,FC 01/03/2028,Fc 01/03/2028,,,,,
FC-98518364,FMX-080826,57,FC 01/04/2030,Fc 01/04/2030,,,,,
FC-F89008C6,FMX-080826,58,FC 01/04/2030,Fc 01/04/2030,,,,,
FC-355851E7,FMX-080826,59,FC 01/05/2030,Fc 01/05/2030,,,,,
FC-C8B741F6,FMX-080826,60,FC 01711/2030,Fc 01711/2030,,,,,
FC-3B0C76C8,FMX-080826,61,FC 01/11/2030,Fc 01/11/2030,,,,,
FC-BE0A0E46,FMX-080826,62,CATETER/INTRAVENOSO-SUMITEX PU 22 G X 25 MM C/1 AZUL,Cateter/Intravenoso-Sumitex Pu 22 G X 25 Mm Azul,,C/1,,,
FC-ED3B0AD4,FMX-080826,63,FC 01/05/2028,Fc 01/05/2028,,,,,
FC-83941A95,FMX-080826,64,FC 01/06/2030,Fc 01/06/2030,,,,,
FC-E9FA700D,FMX-080826,65,FC 01/01/2031,Fc 01/01/2031,,,,,
FC-BE977010,FMX-080826,66,FC 01/06/2030,Fc 01/06/2030,,,,,
FC-35A0F20F,FMX-080826,67,FC 01/02/2028,Fc 01/02/2028,,,,,
FC-AE88EDDC,FMX-080826,68,FC 01/12/2027,Fc 01/12/2027,,,,,
FC-EE6593B4,FMX-080826,69,FC 13/12/2030,Fc 13/12/2030,,,,,
FC-93322783,FMX-080826,70,FC 01/04/2030,Fc 01/04/2030,,,,,
FC-20C90A6D,FMX-080826,71,FC 01/12/2030,Fc 01/12/2030,,,,,
FC-7607DDA7,FMX-080826,72,FC 01/03/2030,Fc 01/03/2030,,,,,
FC-8C9A304D,FMX-080826,73,FC 06/06/2030,Fc 06/06/2030,,,,,
FC-BA60704A,FMX-080826,74,FC 15/04/2030,Fc 15/04/2030,,,,,
FC-8EF34E83,FMX-080826,75,FC 01/11/2029,Fc 01/11/2029,,,,,
FC-76040610,FL-080826,1,Desenfriolito Tab C/24 2 Pack Bayer Otc $ 93.80 Desenfriolito Tab C/24 2 Pack,ito Tab 2 Pack Bayer ito Tab 2 Pack,Desenfriol,C/24,,,
FC-60101231,FL-080826,2,"Noche Tab C/12 Descto: 6.0K Tempra , Xt Noche Tab C/12 Tempra","Noche Tab K , Xt Noche Tab",Tempra,C/12,,,
FC-87154871,FL-080826,3,Graneodin E Naranja Tab C/16 Rb Health 135.10 Graneodin E Naranja Tab C/16,E Naranja Tab Rb Health 135.10 E Naranja Tab,Graneodin,C/16,,,
FC-60101521,FL-080826,4,Lubricante Soft Lub Pleasüre 56.7 Gr Health 1 $ 100.80 Soft Lub Pleasüre Er 222503430721 Vitacilina 28 | Ksk,Soft Lub Pleasüre 56.7 Health 1 Soft Lub Pleasüre Er 28 Ksk,Vitacilina,,,,
FC-06134531,FL-080826,5,Dtc (Rojo) 20 Descto: 2.0% Afrin Spray (Rojo) Afrin Spray Ml | Bayer,(Rojo) 20 Spray (Rojo) Spray Bayer,Afrin,,,,
FC-08427330,FL-080826,6,Pomada 100 Gr Descto: 2.0% Bepanthen Pomada Bepanthen,100 Pomada,Bepanthen,,,,
FC-58792792,FL-080826,7,Tempra 24 Hrs Cab C/12 Rb Health $ Tempra 24 Hrs Cab C/12 1354312225027] Derman Crema 50,24 Hrs Cab $,Rb Health,C/12,,,
FC-50002301,FL-080826,8,Eomelubrina Tab C/10 | Opella $ 73.70 Descto: 2.0% $ 72.23 Eomelubrina Tab C/10 | Opella,Tab Opella,Eomelubrina,C/10,,,
FC-28979502,FL-080826,9,Histiacil Ne Jar Adto 150 Mi | Opella $ 124.40 $ 124.40 Descto: 2.0% $ 121.91 $ 121.91 Jar Adto 150 Mi | Opella,Histiacil Ne Jar Adto 150 Mi Jar Adto 150 Mi,Opella,,,,
FC-89794961,FL-080826,10,Histiacil Ne Jar Ine 150 Ml | Opella 1 $ 125.80 $ 125.80 Descto: 2.0% G 123.28 Jar Ine 150 Ml | Opella G 123.28,Histiacil Ne Jar Ine 150 123.28 Jar Ine 150 G 123.28,Opella,1 G,,,
FC-79071241,FL-080826,11,Bisolvon Jbe Ine 120 Ml | Lăb Hormona $ 147.90 Descto: 2.0% $ 144.94 $ 147.90 Ine 120 Ml | Lăb Hormona,Jbe Ine 120 Lăb Hormona Ine 120 Lăb Hormona,Bisolvon,,,,
FC-47624171,FL-080826,12,Nailex Desenterrador Unas 12 Ml Nailex Desenterrador Unas,Nailex Desenterrador Unas 12 Nailex Desenterrador Unas,,,,,
FC-80950139,FL-080826,13,"""Lasico Enz C/. Dwightnd Descto: 15.0% ""Lasico Dwightnd Cond Tro Jan","""Lasico Enz C/. Dwightnd ""Lasico Dwightnd Cond Tro Jan",,,,,
FC-88947797,FL-080826,14,Tribedoce Tab /30 Nvo Bruluart 5 $ 18.00 Tribedoce Tab /30 Nvo Bruluart,Tribedoce Tab /30 Nvo Bruluart 5 Tribedoce Tab /30 Nvo Bruluart,,,,,
FC-50959781,FL-080826,15,Performance Tab Descto: 2.0% Centrum C/30 Pg Pere Performance Tab Centrum C/30,Performance Tab Centrum Performance Tab Centrum,,C/30,,,
FC-80953017,FL-080826,16,È Tre & Ice C/3 Dwightnd Descto: 15.0% Cond Trojan È Tre & Ice C/3 Dwightnd,È Tre & Ice Dwightnd Cond Trojan È Tre & Ice Dwightnd,,C/3,,,
FC-54521161,FL-080826,17,Tempra 500 Mg Lab C/10 Rb Health $ 48.80 Descto: 6.0% Tempra 500 Mg {8 022503405381 Vitacilina Ung I Ksk,500 Mg Rb Health Tempra 500 Mg {8 Ung I Ksk,Vitacilina,C/10,,,
FC-95201021,FL-080826,18,Hipoglos Pac Turo 45 Gr | Andromaco 1 $ 71.00 Descto: 2.0% $ 69.58 Turo 45 Gr | Andromaco,Hipoglos Pac Turo 45 Andromaco 1 Turo 45 Andromaco,,,,,
FC-08485316,FL-080826,19,Tabcin Eferv Tab C/12 | Bayer Ot C Descto: 2.0% 38.50 $ 37.73 Tab C/12 | Bayer Ot C,Tabcin Eferv Tab Ot C 38.50 Tab Ot C,Bayer,C/12,,,
FC-65095947,FL-080826,20,Centrum Silver Tab C/30 Pg Pere 1 Centrum Silver Tab C/30 Pere,Centrum Silver Tab 1 Centrum Silver Tab,,C/30,,,
FC-95451096,FL-080826,21,/10 | Rb Healte Sal De Uvas $ 37.90 Descto: 2.0% $ 37.14 /10 | Rb Healte Sal De Uvas Fazolin E Gotas,/10 Healte Sal De Uvas /10 Healte Sal De Uvas Fazolin E Gotas,Rb,,,,
FC-79400556,FL-080826,22,Sanfer Descto: 8.04 Syncol Tab $ 107.40 $ 107.40 8 98.81 Sanfer Syncol Tab 871210734092301 Syncol Max Tab,Sanfer Syncol Tab 8 98.81 Sanfer Syncol Tab 871210734092301 Syncol Max Tab,,,,,
FC-58793249,FL-080826,23,Lubricante Sico Sens Calor 50 Ml | Rb Health 1 $ 101.90 Lubricante Sico Sens Calor 50 Ml | Rb,Sico Sens Calor 50 1 Lubricante Sico Sens Calor 50 Rb,Rb Health,,,,
FC-95467264,FL-080826,24,Sal De Uvas Ixh C/50 | Rb Healti 1 $ 163.50 Descto: 2.0% $ 160.23 Sal De Uvas Ixh C/50 | Rb Healti,Sal De Uvas Ixh Healti 1 Sal De Uvas Ixh Healti,Rb,C/50,,,
FC-87932321,FL-080826,25,Lubricante Ico Cereza 50 Ml Rb Health 1 $ 101.90 Ico Cereza 50 Microdacyn,Ico Cereza 50 1 Ico Cereza 50 Microdacyn,Rb Health,,,,
FC-08443026,FL-080826,26,Tab C/100 Descto: 2.0% Alka-Seltzer Bayer C/100 Alka-Seltzer Ğel Rojo,Tab Alka-Seltzer Alka-Seltzer Ğel Rojo,Bayer,C/100,,,
FC-75354321,FL-080826,27,Tylenol Tab Kenvue 1 $ 50.00 Descto: 2.0% $ 49.00 $ Kenvue,Tylenol Tab Kenvue 1 $ Kenvue,,,,,
FC-08491074,FL-080826,28,Aspirina Tab 80 2 Paci Bayer Onc 1 $ 124.80 Aspirina Tab 80 2 Paci [7360852785071 Manzaniila,Aspirina Tab 80 2 Paci Onc 1 Aspirina Tab 80 2 Paci [ Manzaniila,Bayer,,,,
FC-70612368,FL-080826,29,(A) Treda Tab €/20 Sanfer 2 $ 152.00 $ 304.00 Descto: 8.0% Sanfer Brunadol Tab Desato: 2.0%,(A) Treda Tab €/20 Sanfer 2 Sanfer Brunadol Tab Desato: 2.0%,,,,,
FC-88508929,FL-080826,30,Anara Tab C/20 Chinoin 1 $ 162.60 Descto: 2.0% $ 159.35 Chinoin,Anara Tab Chinoin 1 Chinoin,,C/20,,,
FC-84335531,FL-080826,31,Forte Tab C/24 Descto: 2.0% Caf Iaspirina Forte C/24 Caf Iaspirina,Forte Tab Caf Iaspirina Forte Caf Iaspirina,,C/24,,,
FC-23001331,FL-080826,32,Sr I Lab Ting Crema 28 Hormona $ 73.60 Sr I Ting Crema 28 Hormona,Sr I Ting Crema 28 Hormona,,,,,
FC-85592111,FL-080826,33,Scabisan Crema Er I Chinoin 1 $ 194.60 Descto: 2.0% $ 190.71 Scabisan Crema Er I Chinoin,Scabisan Crema Er I Chinoin 1 Scabisan Crema Er I Chinoin,,,,,
FC-84999001,FL-080826,34,Boost Tar C/50 Descto: 2.0% Alka-Seltzer Bayer Boost Tar C/50 Alka-Seltzer,Boost Tar Alka-Seltzer Boost Tar Alka-Seltzer,Bayer,C/50,,,
FC-08498798,FL-080826,35,Bepanthen Multiusos Pomada Otc 30 Bepanthen Multiusos Pomada,Multiusos Pomada 30 Multiusos Pomada,Bepanthen,,,,
FC-08491096,FL-080826,36,Cafiaspirina Tar C/100 2 Pace Bayer Otc 221.90 Descto: 2.0% Cafiaspirina Tar C/100 2 Pace Corega Ultra,Cafiaspirina Tar 2 Pace 221.90 Cafiaspirina Tar 2 Pace Corega Ultra,Bayer,C/100,,,
FC-50003151,FL-080826,37,Iv Neomelubrina Jbe 100 Ml I Opella 121.00 Neomelubrina Jbe 100 Ml I Opella,Iv N Jbe 100 I Opella 121.00 N Jbe 100 I Opella,Eomelubrina,,,,
FC-24227339,FL-080826,38,(A) Loxcel Adto Tab C/1 | Lab Hormona 2 $ 78.00 Descto: 6.0% $ 73.32 Adto Tab C/1 | Lab Hormona 2,(A) Loxcel Adto Tab Hormona 2 Adto Tab Hormona 2,,C/1,,,
FC-98100381,FL-080826,39,Herklin Shai 20 Ml Armstroni 1 $ 128.80 Descto: 2.0% $ 126.22 $ 128.80 20 Ml Armstroni 265024 Genomma Alli-Triple,Herklin Shai 20 Armstroni 1 20 Armstroni 265024 Genomma Alli-Triple,,,,,
FC-14704156,FL-080826,40,Supos Adto C/10 Otc Descto: 7.0% Senosiain Senosiain Supos Adto C/10 Senosiain Senosiain,Supos Adto Senosiain Senosiain Supos Adto Senosiain Senosiain,,C/10,,,
FC-14704163,FL-080826,41,Supos Ine C/10 Descto: 7.0% Senosiain Supos C/10 Senosiain,Supos Ine Senosiain Supos Senosiain,,C/10,,,
FC-08344488,FL-080826,42,Lactopram 430 Mg Cap C/20 Progela 29.30 Descto: Lactopram 430 Mg Cap C/20 Progela,Lactopram 430 Mg Cap 29.30 Descto: Lactopram 430 Mg Cap,Progela,C/20,,,
FC-65095718,FL-080826,43,/ 30 | Pg Pere Descto: 2.0% Centrum Tab $ 152.20 Pg Pere Centrum Tab,/ 30 Centrum Tab Centrum Tab,,,,,
FC-08496701,FL-080826,45,Aspirina Eferv Tab C/12 Bayer Otc Aspirina Eferv C/12,Aspirina Eferv Tab Aspirina Eferv,Bayer,C/12,,,
FC-88915491,FL-080826,46,Tarmin 2 Mg /12 Tab Bruluagsa Descto: 2.05 6. Tarmin 2 Mg /12 Tab Bruluagsa,Tarmin 2 Mg / Bruluagsa 6. Tarmin 2 Mg / Bruluagsa,,12 TABLETAS,,,
FC-08344747,FL-080826,47,Descto: 2.0% Afrodit 400 Ui 46.00 $ $ 45.08 Afrodit 400 Ui,Afrodit 400 Ui 46.00 $ Afrodit 400 Ui,,,,,
FC-08895196,FL-080826,48,Ky6 Tab C/10 Bruluart 5 $ 9.50 $ 9.31 $ 47.50 Bruluart E74011 Bayer 67 Aspirina Tab,Ky6 Tab Bruluart 5 Bruluart E74011 67 Aspirina Tab,Bayer,C/10,,,
FC-89810021,FL-080826,49,Herklin Ne Sham 60 Ml | Armstrong 1 $ 81.00 Herklin Ne Sham 60 Ml | Armstrong,Herklin Ne Sham 60 Armstrong 1 Herklin Ne Sham 60 Armstrong,,,,,
FC-60101378,FL-080826,50,Lubricante Piel Con Piel 50 Mi Health 1 $ 102.50 Lubricante Piel Con Piel 50 Mi Lotrimin Uno,Piel Con Piel 50 Mi Health 1,,,,,
FC-60403681,FL-080826,51,Desenfriol D Dab C/30 | Bayer Otc $ 63.00 Descto: 2.0% Desenfriol D Dab C/30 | Bayer 5022274264491 Nesajar Cap,D Dab Bayer,Desenfriol,C/30,,,
FC-88923551,FL-080826,52,Iv Cilocid 5 Mg Tab C/20 | Bruluari 7.40 Descto: 2.0% $ 7.25 Iv Cilocid 5 Mg Tab C/20 | Bruluari Senosiain,Iv Cilocid 5 Mg Tab Bruluari 7.40,,C/20,,,
FC-25116810,FL-080826,53,Ab Pis. Descto: 2.0% Agrifen Tab 5. $ 19.50 Ab Pis. Agrifen Tab,Ab Pis. Agrifen Tab 5. Ab Pis. Agrifen Tab,,,,,
FC-35246309,FL-080826,54,Vick Drops Tengibre Pastillas C/20 Vick Drops Tengibre,Vick Drops Tengibre Pastillas Vick Drops Tengibre,,C/20,,,
FC-47640531,FL-080826,55,Ecuperador Una Lab Pisa Descto: 2.0% Aile Marilla 15 M Ecuperador Una Aile Marilla 15 M,Ecuperador Una Aile Marilla 15 M Ecuperador Una Aile Marilla 15 M,Pisa,,,,
FC-84095411,FL-080826,56,Saridon Tab 120 Bayer Oto $ 64.75 Saridon Tab,Saridon Tab 120 Oto Saridon Tab,Bayer,,,,
FC-06247327,FL-080826,58,Afrin Spray No Drip Extra Humectante Afrin Spray Drip Extra,Spray No Drip Extra Humectante Spray Drip Extra,Afrin,,,,
FC-84973401,FL-080826,59,Flanax 550 Mc Tab C/12 | Bayér Otc 203.00 Descto: 10.0% $ 182.70 Tab C/12 | Chinoin,Flanax 550 Mc Tab Bayér 203.00 Tab Chinoin,,C/12,,,
FC-08426944,FL-080826,60,Gr 5.58 Bayer Descto: 2.0% Flanax Gel 40 Otc Gr 5.58 Flanax Gel 40,5.58 Flanax Gel 40 5.58 Flanax Gel 40,Bayer,,,,
FC-82176351,FL-080826,61,Iv Sot.O-Neurobion Dc Ete Jga Sot.O-Neurobion Prell C/1 | Pg Health9.20,Iv Sot.O-Neurobion Dc Ete Jga Sot.O-Neurobion Prell Health9.20,,C/1,,,
FC-98217659,FL-080826,63,Iv Dolo-Neurobion Dc Jga Preli C/3 3 Ml | Pg Health 23.25 Descto: 17.0% Dolo-Neurobion Dc Jga Preli C/3 3 Ml | Pg Health,Iv Dolo-Neurobion Dc Jga Preli 3 Health 23.25 Dolo-Neurobion Dc Jga Preli 3 Health,,C/3,,,
FC-66888171,FL-080826,64,Crema Dent Colgate Max Clean 120 Ml Colgate Palmolive $ 25.50 Descto: 2.0% $ 24.99 Crema Dent Colgate Max Clean 120 Ml C,Crema Dent Colgate Max Clean 120 Colgate Crema Dent Colgate Max Clean 120 C,Palmolive,,,,
FC-66873531,FL-080826,65,90 Crema Dent Aot.Cate Me P Crema Dent Aot.Cate,Crema Dent Aot.Cate Me P Crema Dent Aot.Cate,,,,,
FC-86708021,FL-080826,66,Sigital Protec Desato: 2.0% Termometro Degasa 42.10 Sigital Protec Desato: 2.0% Termometro,Sigital Protec Desato: 2.0% Termometro 42.10 Sigital Protec Desato: 2.0% Termometro,Degasa,,,,
FC-03406600,FL-080826,67,Tela Adhesiva Quirmex 2.5Cmxsm | Quirmex Descto: 2.0% 29.90 29.30 $ 89.70 Quirmex 2.5Cmxsm | Quirmex,Tela Adhesiva Quirmex 2.5Cmxsm Quirmex 29.90 29.30 Quirmex 2.5Cmxsm Quirmex,,,,,
FC-03406501,FL-080826,68,Tela Adhesiva Quirmex 1.25Cmx5M | Quirmex 19.00 Descto: 2.0% $ 18.62 $ Quirmex 1.25Cmx5M | Quirmex,Tela Adhesiva Quirmex 1.25Cmx5M Quirmex 19.00 $ Quirmex 1.25Cmx5M Quirmex,,,,,
FC-34063651,FL-080826,69,Tela Adhesiva Quirmex 2.5Cmxi̇m | Quirmex 5 $ 11.70 Descto: 2.0% $ 11.47 | Tela Adhesiva Quirmex 2.5Cmxi̇m | Quirmex,Tela Adhesiva Quirmex 2.5Cmxi̇m Quirmex 5 Tela Adhesiva Quirmex 2.5Cmxi̇m Quirmex,,,,,
FC-34062421,FL-080826,70,Tela Adhesiva Quirmex 1.25Cmx1M | Quirmex 5 5.40 $ Tela Adhesiva Quirmex 1.25Cmx1M | Quirmex,Tela Adhesiva Quirmex 1.25Cmx1M Quirmex 5 5.40 $ Tela Adhesiva Quirmex 1.25Cmx1M Quirmex,,,,,
FC-60689091,FL-080826,71,Crema Deni Colgate Trip Xtra B 50 Ml 1 Colgate Paimolive 14.00 Descto: 2.04 Colgate Trip Xtra B 50 Ml,Crema Deni Trip Xtra B 50 1 Paimolive 14.00 Trip Xtra B 50,Colgate,,,,
FC-73629981,FL-080826,72,Panuelos Kleenex Pack C/8 1 Kimberly Clark $ 33.30 Descto: 2.04 Panuelos Kleenex Pack C/8 1 Kimberly Clark,Kleenex Pack 1 Clark,Kimberly,C/8,,,
FC-56131681,FL-080826,73,Panuelos Leenex C/90 | Kimberly Clark 25. $ Descto: 2.0% Leenex C/90 | Kimberly Clark Bib Evenelo,Leenex Clark 25. $ Leenex Clark Bib Evenelo,Kimberly,C/90,,,
FC-60009851,FL-080826,74,Cremi Dent Colgate Triple Acc 75 Ml Colgate Paimolive $ 19.20 Descto: 2.0K $ 18.82 Dent Colgate Triple Acc 75 Ml Colgate,Cremi Dent Triple Acc 75 Paimolive K Dent Triple Acc 75,Colgate,,,,
FC-23273451,FL-080826,75,Jeringa Sens Imedicai Insul 0.5 Ml C/100 | Jayor 1 $ 217.20 Jeringa Sens Imedicai Insul 0.5 Ml,Jeringa Sens Imedicai Insul 0.5 Jayor 1 Jeringa Sens Imedicai Insul 0.5,,C/100,,,
FC-75163051,FL-080826,76,Bib Evenelo Ensueno Azul 802 | Kimberly Clark 1 $ 15.80 Descto: 2.0K Bib Evenelo Ensueno Azul 802 | Kimberly Clark,Bib Evenelo Ensueno Azul 802 Clark 1 K Bib Evenelo Ensueno Azul 802 Clark,Kimberly,,,,
FC-27512574,FL-080826,77,Bib Evenelo Colors 8 02 | Kimberly Clark $ 15.80 Descto: 2.0% $ 15.48 $ 47.40 Colors 8 02 | Kimberly Clark,Bib Evenelo Colors 8 02 Clark Colors 8 02 Clark,Kimberly,,,,
FC-75125811,FL-080826,78,Bib Evenelo Colors 4 02 Kimberly Clark $ 13.40 Descto: 2.0* $ 13.13 40.20 Colors 4 02 Kimberly Clark Cepillo 17702010631,Bib Evenelo Colors 4 02 Clark * 40.20 Colors 4 02 Clark Cepillo,Kimberly,,,,
FC-34067851,FL-080826,79,Algodon Quirmex Quirmex Descto: 2.0% Torunda De 76 Algodon Quirmex Quirmex Torunda De,Quirmex Quirmex Torunda De 76 Algodon Quirmex Quirmex Torunda De,,,,,
FC-48623006,FL-080826,80,Pads Facial Protec Redondos C/100 | Degasa 2 $ 21.70 Pads Facial Protec Redondos C/100 | Degasa,Pads Facial Protec Redondos 2 Pads Facial Protec Redondos,Degasa,C/100,,,
FC-23272151,FL-080826,81,Jeringa Sensimedical Insul 0.3 Ml C/100 | Jayor 1 $ Jeringa Sensimedical Insul 0.3 Ml,Jeringa Sensimedical Insul 0.3 Jayor 1 $ Jeringa Sensimedical Insul 0.3,,C/100,,,
FC-68910041,FL-080826,82,Algodon Dibar 5 Gr Dibar 12 $ 6.90 Descto: 2.0% $ 6.76 $ 82.80 5 Gr Dibar,5 12 5,Dibar,,,,
FC-89100101,FL-080826,83,Algodon Dibar 200 Gr Dibak 2 $ 35.30 Descto: 2.0% $ 34.59 70.60 200 Gr Dibak,200 Dibak 2 70.60 200 Dibak,Dibar,,,,
FC-34067301,FL-080826,84,Venda Quirmex 7.5 Cm | Quirmex 12 $ 6.80 Descto: 2.0% $ 6.66 7.5 Cm | Quirmex 5 50300340R7231 Venda Quirmex Cm | Quirmex,Venda Quirmex 7.5 Cm Quirmex 12 7.5 Cm Quirmex 5 50300340R7231 Venda Quirmex Cm Quirmex,,,,,
FC-34067471,FL-080826,85,Venda Quirme) Lo Cm Quirmex 8.90 Descto: 2.0% $ 8.72 Lo Cm Quirmex,Venda Quirme) Lo Cm Quirmex 8.90 Lo Cm Quirmex,,,,,
FC-34067781,FL-080826,86,Venda Quirmex 30 Cm | Quirmex 24.20 Descto: 2.0% $ 23.72 96.80 30 Cm | Quirmex Dibar Algodon Dibar,Venda Quirmex 30 Cm Quirmex 24.20 96.80 30 Cm Quirmex Algodon,Dibar,,,,
FC-68910034,FL-080826,87,60 Gr | Dibar Descto: 2.0% Algodon Dibar $ 10.10 60 Gr | Dibar Algodon Dibar,Algodon 60 Algodon,Dibar,,,,
FC-66534951,FL-080826,88,Crema Dent Colgate Total Colgate Palmolive $ Colgate Total Colgate,Crema Dent Colgate Total Colgate $ Colgate Total Colgate,Palmolive,,,,
FC-83510531,FL-080826,89,Gel Antibacterial Protec 250 Ml Degasa 22.40 Antibacterial Protec 250 Ml Degasa,Gel Antibacterial Protec 250 22.40 Antibacterial Protec 250,Degasa,,,,
FC-68900127,FL-080826,90,Gasa Dibar 10X10 Paq 10 Cajitas/10 126.10 Dibar Gasa Dibar 10X10 Paq 10 Cajitas/10,Gasa 10X10 Paq 10 Cajitas/10 126.10 Gasa 10X10 Paq 10 Cajitas/10,Dibar,,,,
FC-68900134,FL-080826,91,Lox10 Exh C/100 Descto: 2.0% Gasa Dibar Dibar 111.10 Lox10 Exh C/100 Gasa Dibar Dibar,Lox10 Exh Gasa 111.10 Lox10 Exh Gasa,Dibar,C/100,,,
FC-50882017,FL-080826,92,Espuma 120 Mi Descto: 2.0% Dermodine Degasa Espuma 120 Mi Dermodine,Espuma 120 Mi ine Degasa Espuma 120 Mi ine,Dermod,,,,
FC-08820243,FL-080826,93,0 Dermod Ine M 1 Degasa 37.60 Dermod Ine Degasa,Ine M 1 Degasa 37.60 Ine Degasa,Dermod,,,,
FC-76000277,FL-080826,94,Cre Vitacilina Humectante 100 Gr Vitacilina Humectante,Cre Humectante 100 Humectante,Vitacilina,,,,
FC-51444145,FL-080826,95,0 Stick Tripack Des Old Spice Gr Pg Pere Descto: 2.0% Stick Tripack Des Old Spice Pg Pere,Tripack,Old Spice,,,,
FC-83351691,FL-080826,96,Jermocleen Agua Oxigenada 230Ml Degasa Jermocleen Agua Oxigenada,Jermocleen Agua Oxigenada Jermocleen Agua Oxigenada,Degasa,230 ML,,,
FC-83351381,FL-080826,97,Dermocleen Agua Oxigenada 100Ml | Degasa $ Dermocleen Agua Oxigenada 100Ml,Dermocleen Agua Oxigenada $ Dermocleen Agua Oxigenada,Degasa,100 ML,,,
FC-33956775,FL-080826,98,Pedialyte Sr60 Uva 500 Mi Abbott $ 24.30 Pedialyte Sr60 Uva 500 Mi,Pedialyte Sr60 Uva 500 Mi Abbott Pedialyte Sr60 Uva 500 Mi,,,,,
FC-33961373,FL-080826,99,Fresa 500 Pedialyte Sr60 Ml Abbott $ Fresa 500 Pedialyte Sr60 Abbott,Fresa 500 Pedialyte Sr60 Abbott $ Fresa 500 Pedialyte Sr60 Abbott,,,,,
FC-48335305,FL-080826,100,Agua Oxigenada Dermocleen 480Ml | Degasa 15.00 Agua Oxigenada Dermocleen 480Ml,Agua Oxigenada Dermocleen 15.00 Agua Oxigenada Dermocleen,Degasa,480 ML,,,
FC-33954740,FL-080826,101,Manzana 500 Ml Descto: 2.0% Pedialyte Manzana 500 Ml Pedialyte,Manzana 500 Pedialyte Manzana 500 Pedialyte,,,,,
FC-59225411,FL-080826,102,Inder 360 Gf Descto: 2.0% Leche Nido Marcas Nestle Inder 360 Gf Leche Nido Marcas,Inder 360 Gf Leche Nido Inder 360 Gf Leche Nido,Nestle,,,,
FC-51067711,FL-080826,103,360 Gr | Marcas Descto: 2.0% Leche Nidal 1 Nestle $ 112.70 360 Gr | Marcas Leche Nidal 1 Nestle,1 360 Leche 1,Nestle,,,,
FC-86167151,FL-080826,104,Nestum Probioticos Marcas Nestle Avena 270 Nestum Probioticos Marcas Nestle,Probioticos Nestle Avena 270 Probioticos Nestle,Nestum,,,,
FC-92821171,FL-080826,105,Nutri Rindes Leche Nido Marcas Nestle Bolsa 240 Gr Nutri Rindes Leche Nido Marcas Nestle,Nutri Rindes Leche Nido Bolsa 240 Nutri Rindes Leche Nido,Nestle,,,,
FC-58611420,FL-080826,106,Nutri Rindes Leche Nido Marcas Nestle Bolsa Nutri Rindes Leche Nido,Nutri Rindes Leche Nido Bolsa Nutri Rindes Leche Nido,Nestle,,,,
FC-51078461,FL-080826,107,Öpt Imal Leche Nan 1 Marcas Pro Öpt Imal Leche Nan 1,Öpt Imal Leche Nan 1 Pro Öpt Imal Leche Nan 1,,,,,
FC-51078531,FL-080826,108,Öptimal Marcas Nestle Bolsa Leche Nan 2 Gr Öptimal Marcas Nestle Bolsa,Öptimal Bolsa Leche Nan 2 Öptimal Bolsa,Nestle,,,,
FC-29003221,FL-080826,109,Vaso Recolector I Quirmex Quirmex Descto: 2.0% $ 3.70 Recolector I Quirmex Quirmex,Vaso Recolector I Quirmex Quirmex Recolector I Quirmex Quirmex,,,,,
FC-51448511,FL-080826,110,"525 Ml | Lab Pisa Electrolit Uva $ 20,50 Descto: 2.0% $ 20.09 525 Ml | Lab Pisa Electrolit Uva",Pisa Uva 525 Pisa Uva,Electrolit,,,,
FC-25104411,FL-080826,111,Electrolit Coco 625 Ml Lab Pisa 20.50 Descto: 2.0% Electrolit Coco 625 Ml Pisa,Coco 625 Pisa 20.50 Coco 625 Pisa,Electrolit,,,,
FC-25149221,FL-080826,112,Electrolit Eresa-Kiwi 625 Ml | Lab Pisa 2 20.50 Electrolit Eresa-Kiwi 625 Ml | Lab Pisa,Eresa-Kiwi 625 Pisa 2 20.50 Eresa-Kiwi 625 Pisa,Electrolit,,,,
FC-25104268,FL-080826,113,Electrolit Èresa 625 Mi | Lab Pisa $ 20.50 Descto: 2.0K $ 20.09 [75011251747971 Electrolid Èresa 625 Mi | Lab Pisa,Èresa 625 Mi Pisa K [ Electrolid Èresa 625 Mi Pisa,Electrolit,,,,
FC-51747971,FL-080826,114,Electrolid Mora Azul 625 Ml | Lab Pisa 2 $ 20.50 Descto: 2.0K $ 20.09 Mora Azul 625 Ml | Lab Pisa,Electrolid Mora Azul 625 2 K Mora Azul 625,Pisa,,,,
FC-43471900,FL-080826,115,Absorsec C/120 Clark Descto: 2.0% Toa Hum Kimberly Absorsec C/120 Clark Toa Hum,Absorsec Clark Toa Hum Absorsec Clark Toa Hum,Kimberly,C/120,,,
FC-34064021,FL-080826,116,Cotonetes Quirmex Tarro C/100 1 Quirmex 2 12.00 Cotonetes Quirmex Tarro C/100 1 Quirmex,Cotonetes Quirmex Tarro 1 Quirmex 2 12.00 Cotonetes Quirmex Tarro 1 Quirmex,,C/100,,,
FC-14983153,FL-080826,117,Lubricante Prudence Grosella 75 Ml | Dkt Mexico $ 68.20 Lubricante Prudence Grosella 75 Ml | Dkt,Prudence Grosella 75 Dkt Mexico Lubricante Prudence Grosella 75 Dkt,,,,,
FC-43454811,FL-080826,118,Toa -Hum Huggies Cuidado Puro C/80 | Kimberly Clark $ 39.60 Descto: 2.0K 9 Huggies Cuidado Puro C/80 | Kimberly Clark,Hum Huggies Cuidado Puro Clark K 9 Huggies Cuidado Puro Clark,Kimberly,C/80,,,
FC-49824391,FL-080826,119,Retardante C/3 Descto: 9.0% [7502214985348] Cond Prudence 'Ull Retardante C/3,Retardante [ ] Cond Prudence 'Ull Retardante,,C/3,,,
FC-14985348,FL-080826,120,Cond Prudence 'Ull Sensitive C/3 Dkt Cond Prudence 'Ull Sensitive,Cond Prudence 'Ull Sensitive Dkt Cond Prudence 'Ull Sensitive,,C/3,,,
FC-49853867,FL-080826,121,Cond Prudence Extra Pleasure C/3 Dkt Cond Prudence Extra Pleasure,Cond Prudence Extra Pleasure Dkt Cond Prudence Extra Pleasure,,C/3,,,
FC-49824911,FL-080826,122,Cond Prudence Iva C/3 Dki Mexico S Cond Prudence Iva C/3 Mexico,Cond Prudence Iva Dki Mexico S Cond Prudence Iva Mexico,,C/3,,,
FC-14983726,FL-080826,124,Lubricante Prudence Natural 75 Ml Lubricante Prudence Natural,Prudence Natural 75 Lubricante Prudence Natural,,,,,
FC-49824771,FL-080826,125,Fresa C/3 I Dkt Descto: 9.0% Cond Prudence Fresa I Dkt Cond Prudence,Fresa I Dkt Cond Prudence Fresa I Dkt Cond Prudence,,C/3,,,
FC-58203691,FL-080826,126,0.9 Mt Hilo Dental Ğum Expanding Sunstar Americasi $ 18.90 Descto: 2.0% Hilo Dental Ğum Expanding Sunstar Americasi,0.9 Mt Hilo Dental Ğum Expanding Americasi Hilo Dental Ğum Expanding Americasi,Sunstar,,,,
FC-14982514,FL-080826,127,Chocolate C/3 Descto: 9.0% Cond Prudence Dkt Mexico $ 34.10 Chocolate C/3 Cond Prudence Dkt Mexico,Chocolate Cond Prudence Dkt Mexico,,C/3,,,
FC-45079011,FL-080826,128,Eresa Pomada Labello Bde Merico $ 56.50 Descto: 2.0% Eresa Pomada Labello Bde Merico,Eresa Pomada Labello Bde Merico,,,,,
FC-14980596,FL-080826,129,Mora C/3 Dkt Cond Prudence Mexico 34.10 Mora C/3 Cond Prudence Mexico,Mora Dkt Cond Prudence Mexico 34.10 Mora Cond Prudence Mexico,,C/3,,,
FC-49800151,FL-080826,130,Cond Prudence Clasico C/3 I Dkt Mexico 32.20 Descto: 9.0% Cond Prudence Clasico C/3 I Dkt Mexico,Cond Prudence Clasico I Dkt Mexico 32.20 Cond Prudence Clasico I Dkt Mexico,,C/3,,,
FC-62746605,FL-080826,131,Jarabe 250 Ml 1 Nat Descto: 2.0% Ajolotius Bioal Imentos Jarabe 250 Ml 1 Ajolotius Bioal Imentos,Jarabe 250 1 Nat Bioal Imentos Jarabe 250 1 Bioal Imentos,Ajolotius,,,,
FC-45045281,FL-080826,132,Pomada Labello Hydro-C I Bde Mexico $ 56.50 Descto: 2.0% $ 55.37 Pomada Labello Hydro-C I Bde Mexico,Labello Hydro-C I Bde Mexico,,,,,
FC-54504870,FL-080826,133,Pomada I.Abeili.C Lasico | Rde Mexic( 56.50 Descto: 2.0% $ 55.37 56.50 Lasico | Rde Mexic(,I.Abeili.C Lasico Rde Mexic( 56.50 56.50 Lasico Rde Mexic(,,,,,
FC-52400212,FL-080826,134,Ajolotius Jengibre Tab C/10 Bioalimentos Nati Jengibre C/10 Bioalimentos,Jengibre Tab Nati Jengibre,Bioalimentos,C/10,,,
FC-24004581,FL-080826,135,Ajolotius Pastillas Elderberry Past Bioalimentos Nat $ 21.00 Descto: 2.0% Ajolotius Pastillas Elderberry Past,Pastillas Elderberry Past Nat Ajolotius Pastillas Elderberry Past,Bioalimentos,,,,
FC-56034041,FL-080826,136,Toa Hum Escudo Intbacterial C/50 $ Besbfrzy Clark 15.60 Toa Hum Escudo Intbacterial C/50 Besbfrzy Clark,Hum Escudo Intbacterial $ Besbfrzy Clark 15.60 Toa Hum Escudo Intbacterial Besbfrzy Clark,,C/50,,,
FC-21042481,FL-080826,137,1083 Oro Manzanilla Ml Hnos 31.40 Descto: 2.0% Oro Manzanilla Hnos,Oro Hnos 31.40 Oro Hnos,Manzanilla,,,,
FC-52400267,FL-080826,138,", Ajolotius Jbe Elderberry 2501 Bioalimentos Nati 74.70 $ $ 73.21 Elderberry 2501 Bioalimentos Nati",Jbe Elderberry 2501 Nati 74.70 $ Elderberry 2501 Nati,Bioalimentos,,,,
FC-62746612,FL-080826,139,Ajolotius Jarabe S/Azucar 250 Ml. I Bioalimentos Nati $ 89.20 $ 87.42 Ajolotius Jarabe S/Azucar 250 Ml. I Bioalimentos N,Jarabe S/Azucar 250 . I Nati,Bioalimentos,,,,
FC-52400038,FL-080826,140,Ajolotius Menta Eucal S/Azucar Past Ajolotius Menta Eucal,Menta Eucal S/Azucar Past Menta Eucal,Ajolotius,,,,
FC-62746698,FL-080826,141,Ajolotius Jarabe Reforzado 250 Ml Bioalimentos Nat: Ajolotius Jarabe Reforzado,Jarabe Reforzado 250 Nat: Ajolotius Jarabe Reforzado,Bioalimentos,,,,
FC-62746643,FL-080826,143,Ajolotius Menta Fucal C/10 Bioalimentos Ajolotius Menta Fucal,Menta Fucal Ajolotius Menta Fucal,Bioalimentos,C/10,,,
